inventory_id,medicine_id,medicine_name,medicine_category,batch_id,pharmacy_id,quantity,unit_price,expiry_date,received_date,stock_status,edge_case_tag
INV-001001,MED-015,Budesonide Inhaler 200mcg,Respiratory,BAT-015-247,PHARM-001,379,280.0,2026-09-02,2025-09-03,NEAR_EXPIRY,NONE
INV-001002,MED-022,Glimepiride 2mg,Antidiabetic,BAT-022-907,PHARM-001,36,52.0,2026-09-14,2026-01-30,AVAILABLE,NONE
INV-001003,MED-031,Levofloxacin 500mg,Antibiotic,BAT-031-215,PHARM-001,63,95.0,2026-10-11,2026-01-17,AVAILABLE,NONE
INV-001004,MED-019,Meropenem 1g Injection,Antibiotic,BAT-019-886,PHARM-001,150,850.0,2026-09-18,2026-01-18,AVAILABLE,NONE
INV-001005,MED-007,Telmisartan 40mg,Cardiovascular,BAT-007-515,PHARM-001,127,78.0,2026-09-11,2026-05-22,NEAR_EXPIRY,NONE
INV-001006,MED-026,Clopidogrel 75mg,Cardiovascular,BAT-026-704,PHARM-001,90,88.0,2026-08-29,2025-12-16,NEAR_EXPIRY,NONE
INV-001007,MED-025,Rosuvastatin 10mg,Cardiovascular,BAT-025-167,PHARM-001,160,110.0,2026-09-13,2026-01-22,NEAR_EXPIRY,NONE
INV-001008,MED-037,Cetirizine 10mg,Antihistamine,BAT-037-906,PHARM-001,64,20.0,2026-09-21,2026-01-21,AVAILABLE,NONE
INV-001009,MED-043,Sertraline 50mg,Psychiatric,BAT-043-785,PHARM-001,234,105.0,2027-08-03,2026-06-06,AVAILABLE,NONE
INV-001010,MED-032,Linezolid 600mg,Antibiotic,BAT-032-217,PHARM-001,162,340.0,2026-09-24,2025-09-15,AVAILABLE,NONE
INV-001011,MED-007,Telmisartan 40mg,Cardiovascular,BAT-007-941,PHARM-001,375,78.0,2026-08-18,2025-11-30,NEAR_EXPIRY,NONE
INV-001012,MED-050,Loperamide 2mg,Gastrointestinal,BAT-050-939,PHARM-001,31,18.0,2026-09-11,2026-01-02,NEAR_EXPIRY,NONE
INV-001013,MED-053,Itraconazole 100mg,Antifungal,BAT-053-242,PHARM-001,227,165.0,2027-09-04,2025-09-21,AVAILABLE,NONE
INV-001014,MED-001,Paracetamol 650mg,Analgesic,BAT-001-875,PHARM-001,156,32.5,2027-06-02,2026-05-01,AVAILABLE,NONE
INV-001015,MED-019,Meropenem 1g Injection,Antibiotic,BAT-019-499,PHARM-001,72,850.0,2026-09-20,2025-09-03,AVAILABLE,NONE
INV-001016,MED-044,Thyroxine Sodium 50mcg,Endocrine,BAT-044-998,PHARM-001,161,125.0,2026-09-12,2026-02-03,NEAR_EXPIRY,NONE
INV-001017,MED-006,Atorvastatin 20mg,Cardiovascular,BAT-006-696,PHARM-001,123,95.0,2026-09-30,2026-07-11,AVAILABLE,NONE
INV-001018,MED-055,Betamethasone 0.5mg,Steroid,BAT-055-230,PHARM-001,33,15.0,2026-07-09,2026-02-15,EXPIRED,NONE
INV-001019,MED-001,Paracetamol 650mg,Analgesic,BAT-001-820,PHARM-001,48,32.5,2027-04-15,2025-10-02,AVAILABLE,NONE
INV-001020,MED-056,Bisoprolol 2.5mg,Cardiovascular,BAT-056-388,PHARM-001,150,72.0,2026-09-13,2026-06-30,NEAR_EXPIRY,NONE
INV-001021,MED-046,Vitamin B-Complex + B12,Nutritional,BAT-046-491,PHARM-001,16,40.0,2026-09-08,2025-12-20,NEAR_EXPIRY,NONE
INV-001022,MED-013,Montelukast + Levocetirizine,Respiratory,BAT-013-668,PHARM-001,235,115.0,2027-04-16,2025-12-31,AVAILABLE,NONE
INV-001023,MED-027,Aspirin 75mg Gastro-resistant,Cardiovascular,BAT-027-257,PHARM-001,54,22.0,2026-12-17,2026-02-18,AVAILABLE,NONE
INV-001024,MED-001,Paracetamol 650mg,Analgesic,BAT-001-173,PHARM-001,31,32.5,2026-08-18,2026-07-07,NEAR_EXPIRY,NONE
INV-001025,MED-006,Atorvastatin 20mg,Cardiovascular,BAT-006-240,PHARM-001,248,95.0,2027-06-04,2025-08-21,AVAILABLE,NONE
INV-001026,MED-051,Metronidazole 400mg,Antibiotic,BAT-051-812,PHARM-001,66,32.0,2027-08-29,2025-09-09,AVAILABLE,NONE
INV-001027,MED-030,Doxycycline 100mg,Antibiotic,BAT-030-621,PHARM-001,118,68.0,2026-09-28,2025-12-10,AVAILABLE,NONE
INV-001028,MED-023,Vildagliptin 50mg,Antidiabetic,BAT-023-331,PHARM-001,167,175.0,2026-09-14,2026-04-11,AVAILABLE,NONE
INV-001029,MED-032,Linezolid 600mg,Antibiotic,BAT-032-967,PHARM-001,125,340.0,2027-02-28,2026-03-16,AVAILABLE,NONE
INV-001030,MED-060,Albumin Human 20% 100ml,Critical Care,BAT-060-659,PHARM-001,173,3200.0,2026-08-23,2025-09-23,NEAR_EXPIRY,NONE
INV-001031,MED-008,Amlodipine 5mg,Cardiovascular,BAT-008-694,PHARM-001,56,38.0,2026-11-23,2025-11-11,AVAILABLE,NONE
INV-001032,MED-047,Iron + Folic Acid Tablets,Nutritional,BAT-047-848,PHARM-001,139,50.0,2027-03-06,2025-10-19,AVAILABLE,NONE
INV-001033,MED-034,Methylprednisolone 16mg,Steroid,BAT-034-180,PHARM-001,82,110.0,2026-11-28,2025-10-21,AVAILABLE,NONE
INV-001034,MED-031,Levofloxacin 500mg,Antibiotic,BAT-031-745,PHARM-001,224,95.0,2027-07-17,2026-06-06,AVAILABLE,NONE
INV-001035,MED-038,Fexofenadine 120mg,Antihistamine,BAT-038-419,PHARM-001,156,82.0,2026-07-23,2025-09-05,EXPIRED,NONE
INV-001036,MED-050,Loperamide 2mg,Gastrointestinal,BAT-050-111,PHARM-001,140,18.0,2026-10-12,2025-11-17,AVAILABLE,NONE
INV-001037,MED-037,Cetirizine 10mg,Antihistamine,BAT-037-851,PHARM-001,95,20.0,2026-10-09,2026-01-27,AVAILABLE,NONE
INV-001038,MED-019,Meropenem 1g Injection,Antibiotic,BAT-019-271,PHARM-001,211,850.0,2027-08-15,2026-06-27,AVAILABLE,NONE
INV-001039,MED-020,Piperacillin + Tazobactam 4.5g,Antibiotic,BAT-020-844,PHARM-001,25,490.0,2026-09-11,2025-09-30,NEAR_EXPIRY,NONE
INV-001040,MED-043,Sertraline 50mg,Psychiatric,BAT-043-398,PHARM-001,41,105.0,2026-07-13,2025-08-30,EXPIRED,NONE
INV-001041,MED-009,Pantoprazole 40mg,Gastrointestinal,BAT-009-617,PHARM-001,84,85.0,2027-03-05,2026-06-06,AVAILABLE,NONE
INV-001042,MED-009,Pantoprazole 40mg,Gastrointestinal,BAT-009-730,PHARM-001,10,85.0,2026-08-30,2026-02-22,NEAR_EXPIRY,NONE
INV-001043,MED-059,Empagliflozin 25mg,Antidiabetic,BAT-059-705,PHARM-001,226,290.0,2027-04-21,2026-04-29,AVAILABLE,NONE
INV-001044,MED-012,Ciprofloxacin 500mg,Antibiotic,BAT-012-367,PHARM-001,155,65.0,2026-10-09,2026-03-17,AVAILABLE,NONE
INV-001045,MED-056,Bisoprolol 2.5mg,Cardiovascular,BAT-056-133,PHARM-001,172,72.0,2026-12-27,2026-01-21,AVAILABLE,NONE
INV-001046,MED-060,Albumin Human 20% 100ml,Critical Care,BAT-060-941,PHARM-001,217,3200.0,2027-05-13,2026-04-28,AVAILABLE,NONE
INV-001047,MED-025,Rosuvastatin 10mg,Cardiovascular,BAT-025-343,PHARM-001,73,110.0,2027-01-07,2025-12-02,AVAILABLE,NONE
INV-001048,MED-037,Cetirizine 10mg,Antihistamine,BAT-037-851,PHARM-001,213,20.0,2026-07-28,2026-01-20,EXPIRED,NONE
INV-001049,MED-053,Itraconazole 100mg,Antifungal,BAT-053-218,PHARM-001,321,165.0,2026-08-18,2026-06-19,NEAR_EXPIRY,NONE
INV-001050,MED-049,Aceclofenac + Paracetamol,Analgesic,BAT-049-645,PHARM-001,22,60.0,2026-09-13,2026-03-18,NEAR_EXPIRY,NONE
INV-001051,MED-034,Methylprednisolone 16mg,Steroid,BAT-034-991,PHARM-001,117,110.0,2026-07-16,2025-12-05,EXPIRED,NONE
INV-001052,MED-044,Thyroxine Sodium 50mcg,Endocrine,BAT-044-423,PHARM-001,44,125.0,2026-11-04,2025-10-17,AVAILABLE,NONE
INV-001053,MED-059,Empagliflozin 25mg,Antidiabetic,BAT-059-644,PHARM-001,119,290.0,2026-09-04,2025-08-23,NEAR_EXPIRY,NONE
INV-001054,MED-018,Enoxaparin 40mg Injection,Cardiovascular,BAT-018-921,PHARM-001,397,450.0,2026-09-09,2026-05-26,NEAR_EXPIRY,NONE
INV-001055,MED-048,Diclofenac Sodium 50mg,Analgesic,BAT-048-347,PHARM-001,106,30.0,2027-07-07,2025-09-17,AVAILABLE,NONE
INV-001056,MED-044,Thyroxine Sodium 50mcg,Endocrine,BAT-044-806,PHARM-001,31,125.0,2026-08-22,2026-04-14,NEAR_EXPIRY,NONE
INV-001057,MED-001,Paracetamol 650mg,Analgesic,BAT-001-521,PHARM-001,134,32.5,2026-10-05,2026-05-26,AVAILABLE,NONE
INV-001058,MED-023,Vildagliptin 50mg,Antidiabetic,BAT-023-324,PHARM-001,214,175.0,2026-08-23,2026-02-20,NEAR_EXPIRY,NONE
INV-001059,MED-043,Sertraline 50mg,Psychiatric,BAT-043-955,PHARM-001,51,105.0,2027-09-05,2026-03-26,AVAILABLE,NONE
INV-001060,MED-046,Vitamin B-Complex + B12,Nutritional,BAT-046-222,PHARM-001,116,40.0,2026-12-19,2026-06-01,AVAILABLE,NONE
INV-001061,MED-043,Sertraline 50mg,Psychiatric,BAT-043-882,PHARM-001,249,105.0,2027-01-16,2025-09-29,AVAILABLE,NONE
INV-001062,MED-008,Amlodipine 5mg,Cardiovascular,BAT-008-812,PHARM-001,69,38.0,2026-09-05,2026-04-12,NEAR_EXPIRY,NONE
INV-001063,MED-060,Albumin Human 20% 100ml,Critical Care,BAT-060-383,PHARM-001,85,3200.0,2027-03-28,2025-12-09,AVAILABLE,NONE
INV-001064,MED-011,Cefixime 200mg,Antibiotic,BAT-011-899,PHARM-001,22,140.0,2026-08-23,2026-06-08,NEAR_EXPIRY,NONE
INV-001065,MED-017,Tramadol 50mg,Analgesic,BAT-017-932,PHARM-001,101,90.0,2026-08-15,2026-03-02,NEAR_EXPIRY,NONE
INV-001066,MED-012,Ciprofloxacin 500mg,Antibiotic,BAT-012-760,PHARM-001,255,65.0,2026-08-19,2025-11-06,NEAR_EXPIRY,NONE
INV-001067,MED-042,Escitalopram 10mg,Psychiatric,BAT-042-208,PHARM-001,28,85.0,2026-12-05,2025-12-01,AVAILABLE,NONE
INV-001068,MED-005,Human Regular Insulin 100IU,Antidiabetic,BAT-005-172,PHARM-001,24,350.0,2027-05-30,2025-09-26,AVAILABLE,NONE
INV-001069,MED-058,Sitagliptin 100mg,Antidiabetic,BAT-058-609,PHARM-001,29,240.0,2026-10-14,2026-04-30,AVAILABLE,NONE
INV-001070,MED-043,Sertraline 50mg,Psychiatric,BAT-043-499,PHARM-001,38,105.0,2026-08-17,2026-03-01,NEAR_EXPIRY,NONE
INV-001071,MED-033,Vancomycin 500mg Injection,Antibiotic,BAT-033-824,PHARM-001,236,420.0,2026-09-26,2025-11-06,AVAILABLE,NONE
INV-001072,MED-047,Iron + Folic Acid Tablets,Nutritional,BAT-047-899,PHARM-001,118,50.0,2026-09-14,2026-06-10,AVAILABLE,NONE
INV-001073,MED-045,Calcium 500mg + Vitamin D3,Nutritional,BAT-045-937,PHARM-001,285,65.0,2026-08-19,2025-11-11,NEAR_EXPIRY,NONE
INV-001074,MED-020,Piperacillin + Tazobactam 4.5g,Antibiotic,BAT-020-510,PHARM-001,43,490.0,2026-10-04,2026-06-17,AVAILABLE,NONE
INV-001075,MED-024,Dapagliflozin 10mg,Antidiabetic,BAT-024-647,PHARM-001,34,220.0,2026-08-18,2026-01-22,NEAR_EXPIRY,NONE
INV-001076,MED-012,Ciprofloxacin 500mg,Antibiotic,BAT-012-667,PHARM-001,68,65.0,2027-09-17,2026-06-25,AVAILABLE,NONE
INV-001077,MED-020,Piperacillin + Tazobactam 4.5g,Antibiotic,BAT-020-812,PHARM-001,196,490.0,2027-09-01,2025-12-28,AVAILABLE,NONE
INV-001078,MED-023,Vildagliptin 50mg,Antidiabetic,BAT-023-598,PHARM-001,208,175.0,2027-05-26,2026-06-02,AVAILABLE,NONE
INV-001079,MED-013,Montelukast + Levocetirizine,Respiratory,BAT-013-243,PHARM-001,111,115.0,2026-08-20,2026-06-27,NEAR_EXPIRY,NONE
INV-001080,MED-005,Human Regular Insulin 100IU,Antidiabetic,BAT-005-911,PHARM-001,156,350.0,2026-09-29,2025-10-12,AVAILABLE,NONE
INV-001081,MED-054,Ranitidine 150mg,Gastrointestinal,BAT-054-931,PHARM-001,29,25.0,2026-10-22,2025-11-27,AVAILABLE,NONE
INV-001082,MED-022,Glimepiride 2mg,Antidiabetic,BAT-022-157,PHARM-001,123,52.0,2026-11-04,2026-01-24,AVAILABLE,NONE
INV-001083,MED-008,Amlodipine 5mg,Cardiovascular,BAT-008-316,PHARM-001,242,38.0,2026-10-05,2025-10-21,AVAILABLE,NONE
INV-001084,MED-056,Bisoprolol 2.5mg,Cardiovascular,BAT-056-649,PHARM-001,38,72.0,2027-02-10,2026-04-30,AVAILABLE,NONE
INV-001085,MED-003,Azithromycin 500mg,Antibiotic,BAT-003-853,PHARM-001,140,120.0,2026-09-14,2026-05-04,AVAILABLE,NONE
INV-001086,MED-059,Empagliflozin 25mg,Antidiabetic,BAT-059-733,PHARM-001,244,290.0,2026-09-11,2026-06-22,NEAR_EXPIRY,NONE
INV-001087,MED-004,Metformin 500mg SR,Antidiabetic,BAT-004-414,PHARM-001,233,45.0,2026-09-19,2026-05-27,AVAILABLE,NONE
INV-001088,MED-038,Fexofenadine 120mg,Antihistamine,BAT-038-165,PHARM-001,35,82.0,2026-08-19,2026-05-22,NEAR_EXPIRY,NONE
INV-001089,MED-028,Ondansetron 4mg,Gastrointestinal,BAT-028-445,PHARM-001,28,42.0,2026-09-12,2025-12-22,NEAR_EXPIRY,NONE
INV-001090,MED-049,Aceclofenac + Paracetamol,Analgesic,BAT-049-146,PHARM-001,120,60.0,2026-08-15,2025-09-15,NEAR_EXPIRY,NONE
INV-001091,MED-011,Cefixime 200mg,Antibiotic,BAT-011-813,PHARM-001,82,140.0,2026-09-28,2026-01-07,AVAILABLE,NONE
INV-001092,MED-060,Albumin Human 20% 100ml,Critical Care,BAT-060-695,PHARM-001,37,3200.0,2026-08-21,2026-06-25,NEAR_EXPIRY,NONE
INV-001093,MED-002,Amoxicillin + Clavulanate 625mg,Antibiotic,BAT-002-598,PHARM-001,42,185.0,2026-08-02,2026-06-04,EXPIRED,NONE
INV-001094,MED-046,Vitamin B-Complex + B12,Nutritional,BAT-046-767,PHARM-001,197,40.0,2027-05-15,2025-09-15,AVAILABLE,NONE
INV-001095,MED-052,Fluconazole 150mg,Antifungal,BAT-052-911,PHARM-001,56,45.0,2027-01-27,2025-11-14,AVAILABLE,NONE
INV-001096,MED-041,Alprazolam 0.5mg,Psychiatric,BAT-041-377,PHARM-001,64,35.0,2026-09-21,2025-10-21,AVAILABLE,NONE
INV-001097,MED-040,Spironolactone 25mg,Cardiovascular,BAT-040-808,PHARM-001,147,48.0,2026-10-06,2026-06-26,AVAILABLE,NONE
INV-001098,MED-040,Spironolactone 25mg,Cardiovascular,BAT-040-190,PHARM-001,109,48.0,2027-03-17,2025-08-28,AVAILABLE,NONE
INV-001099,MED-027,Aspirin 75mg Gastro-resistant,Cardiovascular,BAT-027-104,PHARM-001,74,22.0,2026-08-25,2025-10-03,NEAR_EXPIRY,NONE
INV-001100,MED-056,Bisoprolol 2.5mg,Cardiovascular,BAT-056-879,PHARM-001,217,72.0,2026-09-28,2025-10-12,AVAILABLE,NONE
INV-001101,MED-041,Alprazolam 0.5mg,Psychiatric,BAT-041-775,PHARM-001,88,35.0,2026-08-28,2026-03-31,NEAR_EXPIRY,NONE
INV-001102,MED-032,Linezolid 600mg,Antibiotic,BAT-032-280,PHARM-001,33,340.0,2026-11-05,2026-04-25,AVAILABLE,NONE
INV-001103,MED-042,Escitalopram 10mg,Psychiatric,BAT-042-472,PHARM-001,20,85.0,2026-08-30,2026-02-20,NEAR_EXPIRY,NONE
INV-001104,MED-048,Diclofenac Sodium 50mg,Analgesic,BAT-048-153,PHARM-001,10,30.0,2026-08-21,2025-10-13,NEAR_EXPIRY,NONE
INV-001105,MED-005,Human Regular Insulin 100IU,Antidiabetic,BAT-005-340,PHARM-001,127,350.0,2026-09-24,2025-11-30,AVAILABLE,NONE
INV-001106,MED-013,Montelukast + Levocetirizine,Respiratory,BAT-013-865,PHARM-001,20,115.0,2026-08-25,2026-01-30,NEAR_EXPIRY,NONE
INV-001107,MED-048,Diclofenac Sodium 50mg,Analgesic,BAT-048-522,PHARM-001,170,30.0,2026-08-29,2026-04-04,NEAR_EXPIRY,NONE
INV-001108,MED-004,Metformin 500mg SR,Antidiabetic,BAT-004-546,PHARM-001,95,45.0,2026-09-10,2026-05-02,NEAR_EXPIRY,NONE
INV-001109,MED-009,Pantoprazole 40mg,Gastrointestinal,BAT-009-568,PHARM-001,71,85.0,2026-09-22,2026-04-07,AVAILABLE,NONE
INV-001110,MED-022,Glimepiride 2mg,Antidiabetic,BAT-022-230,PHARM-001,91,52.0,2026-11-13,2026-06-29,AVAILABLE,NONE
INV-001111,MED-009,Pantoprazole 40mg,Gastrointestinal,BAT-009-213,PHARM-001,214,85.0,2026-09-19,2025-11-19,AVAILABLE,NONE
INV-001112,MED-022,Glimepiride 2mg,Antidiabetic,BAT-022-325,PHARM-001,223,52.0,2026-10-09,2026-02-14,AVAILABLE,NONE
INV-001113,MED-041,Alprazolam 0.5mg,Psychiatric,BAT-041-726,PHARM-001,238,35.0,2026-10-01,2026-04-19,AVAILABLE,NONE
INV-001114,MED-015,Budesonide Inhaler 200mcg,Respiratory,BAT-015-188,PHARM-001,240,280.0,2027-06-21,2025-12-17,AVAILABLE,NONE
INV-001115,MED-014,Salbutamol Inhaler 100mcg,Respiratory,BAT-014-705,PHARM-001,23,160.0,2027-03-05,2025-11-15,AVAILABLE,NONE
INV-001116,MED-047,Iron + Folic Acid Tablets,Nutritional,BAT-047-538,PHARM-001,428,50.0,2026-09-04,2026-03-11,NEAR_EXPIRY,NONE
INV-001117,MED-010,Omeprazole 20mg,Gastrointestinal,BAT-010-687,PHARM-001,30,55.0,2026-09-15,2026-07-13,AVAILABLE,NONE
INV-001118,MED-031,Levofloxacin 500mg,Antibiotic,BAT-031-851,PHARM-001,120,95.0,2026-07-11,2025-10-30,EXPIRED,NONE
INV-001119,MED-031,Levofloxacin 500mg,Antibiotic,BAT-031-929,PHARM-001,41,95.0,2026-09-21,2026-05-26,AVAILABLE,NONE
INV-001120,MED-036,Prednisolone 10mg,Steroid,BAT-036-871,PHARM-001,75,30.0,2027-05-10,2026-07-09,AVAILABLE,NONE
INV-001121,MED-009,Pantoprazole 40mg,Gastrointestinal,BAT-009-467,PHARM-001,172,85.0,2026-08-24,2026-02-14,NEAR_EXPIRY,NONE
INV-001122,MED-011,Cefixime 200mg,Antibiotic,BAT-011-820,PHARM-001,26,140.0,2027-08-08,2025-11-22,AVAILABLE,NONE
INV-001123,MED-030,Doxycycline 100mg,Antibiotic,BAT-030-574,PHARM-001,67,68.0,2027-05-09,2026-05-06,AVAILABLE,NONE
INV-001124,MED-051,Metronidazole 400mg,Antibiotic,BAT-051-992,PHARM-001,182,32.0,2026-10-06,2026-01-07,AVAILABLE,NONE
INV-001125,MED-001,Paracetamol 650mg,Analgesic,BAT-001-981,PHARM-001,105,32.5,2026-06-30,2025-08-28,EXPIRED,NONE
INV-001126,MED-034,Methylprednisolone 16mg,Steroid,BAT-034-133,PHARM-001,198,110.0,2026-09-22,2026-02-14,AVAILABLE,NONE
INV-001127,MED-040,Spironolactone 25mg,Cardiovascular,BAT-040-655,PHARM-001,178,48.0,2026-11-24,2025-09-24,AVAILABLE,NONE
INV-001128,MED-057,Carvedilol 6.25mg,Cardiovascular,BAT-057-443,PHARM-001,192,54.0,2026-10-13,2026-06-17,AVAILABLE,NONE
INV-001129,MED-024,Dapagliflozin 10mg,Antidiabetic,BAT-024-152,PHARM-001,60,220.0,2026-09-05,2026-05-20,NEAR_EXPIRY,NONE
INV-001130,MED-012,Ciprofloxacin 500mg,Antibiotic,BAT-012-763,PHARM-001,201,65.0,2027-07-28,2025-10-02,AVAILABLE,NONE
INV-001131,MED-050,Loperamide 2mg,Gastrointestinal,BAT-050-309,PHARM-001,158,18.0,2027-02-13,2026-05-06,AVAILABLE,NONE
INV-001132,MED-008,Amlodipine 5mg,Cardiovascular,BAT-008-764,PHARM-001,243,38.0,2027-08-07,2025-11-13,AVAILABLE,NONE
INV-001133,MED-045,Calcium 500mg + Vitamin D3,Nutritional,BAT-045-314,PHARM-001,26,65.0,2026-08-30,2026-03-22,NEAR_EXPIRY,NONE
INV-001134,MED-005,Human Regular Insulin 100IU,Antidiabetic,BAT-005-481,PHARM-001,154,350.0,2026-09-30,2026-01-20,AVAILABLE,NONE
INV-001135,MED-054,Ranitidine 150mg,Gastrointestinal,BAT-054-225,PHARM-001,250,25.0,2027-07-13,2025-11-17,AVAILABLE,NONE
INV-001136,MED-019,Meropenem 1g Injection,Antibiotic,BAT-019-562,PHARM-001,66,850.0,2026-09-12,2025-09-01,NEAR_EXPIRY,NONE
INV-001137,MED-006,Atorvastatin 20mg,Cardiovascular,BAT-006-182,PHARM-001,39,95.0,2027-03-10,2025-12-27,AVAILABLE,NONE
INV-001138,MED-007,Telmisartan 40mg,Cardiovascular,BAT-007-268,PHARM-001,25,78.0,2026-08-16,2026-02-24,NEAR_EXPIRY,NONE
INV-001139,MED-034,Methylprednisolone 16mg,Steroid,BAT-034-742,PHARM-001,83,110.0,2026-09-12,2026-07-04,NEAR_EXPIRY,NONE
INV-001140,MED-027,Aspirin 75mg Gastro-resistant,Cardiovascular,BAT-027-554,PHARM-001,36,22.0,2026-08-01,2025-08-19,EXPIRED,NONE
INV-001141,MED-002,Amoxicillin + Clavulanate 625mg,Antibiotic,BAT-002-992,PHARM-001,185,185.0,2027-07-07,2026-03-19,AVAILABLE,NONE
INV-001142,MED-022,Glimepiride 2mg,Antidiabetic,BAT-022-521,PHARM-001,324,52.0,2026-09-11,2025-09-22,NEAR_EXPIRY,NONE
INV-001143,MED-043,Sertraline 50mg,Psychiatric,BAT-043-813,PHARM-001,137,105.0,2027-05-29,2025-10-17,AVAILABLE,NONE
INV-001144,MED-020,Piperacillin + Tazobactam 4.5g,Antibiotic,BAT-020-680,PHARM-001,63,490.0,2027-03-19,2026-05-09,AVAILABLE,NONE
INV-001145,MED-051,Metronidazole 400mg,Antibiotic,BAT-051-366,PHARM-001,217,32.0,2026-09-23,2026-03-21,AVAILABLE,NONE
INV-001146,MED-055,Betamethasone 0.5mg,Steroid,BAT-055-148,PHARM-001,40,15.0,2026-09-05,2026-05-01,NEAR_EXPIRY,NONE
INV-001147,MED-046,Vitamin B-Complex + B12,Nutritional,BAT-046-648,PHARM-001,36,40.0,2026-08-16,2026-02-19,NEAR_EXPIRY,NONE
INV-001148,MED-008,Amlodipine 5mg,Cardiovascular,BAT-008-142,PHARM-001,86,38.0,2026-09-28,2026-02-03,AVAILABLE,NONE
INV-001149,MED-024,Dapagliflozin 10mg,Antidiabetic,BAT-024-288,PHARM-001,190,220.0,2026-09-15,2026-04-01,AVAILABLE,NONE
INV-001150,MED-021,Losartan 50mg,Cardiovascular,BAT-021-452,PHARM-001,15,62.0,2026-09-08,2026-05-01,NEAR_EXPIRY,NONE
INV-001151,MED-026,Clopidogrel 75mg,Cardiovascular,BAT-026-611,PHARM-001,59,88.0,2027-03-26,2026-05-02,AVAILABLE,NONE
INV-001152,MED-001,Paracetamol 650mg,Analgesic,BAT-001-856,PHARM-001,185,32.5,2027-04-01,2025-10-09,AVAILABLE,NONE
INV-001153,MED-046,Vitamin B-Complex + B12,Nutritional,BAT-046-402,PHARM-001,190,40.0,2027-08-03,2025-11-15,AVAILABLE,NONE
INV-001154,MED-010,Omeprazole 20mg,Gastrointestinal,BAT-010-918,PHARM-001,106,55.0,2027-05-28,2025-09-29,AVAILABLE,NONE
INV-001155,MED-045,Calcium 500mg + Vitamin D3,Nutritional,BAT-045-215,PHARM-001,193,65.0,2026-12-24,2025-11-12,AVAILABLE,NONE
INV-001156,MED-036,Prednisolone 10mg,Steroid,BAT-036-219,PHARM-001,235,30.0,2026-07-05,2026-02-08,EXPIRED,NONE
INV-001157,MED-015,Budesonide Inhaler 200mcg,Respiratory,BAT-015-556,PHARM-001,349,280.0,2026-08-15,2026-01-14,NEAR_EXPIRY,NONE
INV-001158,MED-015,Budesonide Inhaler 200mcg,Respiratory,BAT-015-900,PHARM-001,373,280.0,2026-08-15,2026-02-23,NEAR_EXPIRY,NONE
INV-001159,MED-006,Atorvastatin 20mg,Cardiovascular,BAT-006-624,PHARM-001,29,95.0,2026-08-17,2025-12-26,NEAR_EXPIRY,NONE
INV-001160,MED-059,Empagliflozin 25mg,Antidiabetic,BAT-059-782,PHARM-001,159,290.0,2026-09-13,2026-01-12,NEAR_EXPIRY,NONE
INV-001161,MED-024,Dapagliflozin 10mg,Antidiabetic,BAT-024-112,PHARM-001,255,220.0,2026-08-31,2026-02-20,NEAR_EXPIRY,NONE
INV-001162,MED-057,Carvedilol 6.25mg,Cardiovascular,BAT-057-554,PHARM-001,61,54.0,2027-03-10,2025-12-15,AVAILABLE,NONE
INV-001163,MED-052,Fluconazole 150mg,Antifungal,BAT-052-845,PHARM-001,55,45.0,2027-05-14,2025-12-10,AVAILABLE,NONE
INV-001164,MED-054,Ranitidine 150mg,Gastrointestinal,BAT-054-701,PHARM-001,422,25.0,2026-08-16,2025-09-12,NEAR_EXPIRY,NONE
INV-001165,MED-022,Glimepiride 2mg,Antidiabetic,BAT-022-167,PHARM-001,21,52.0,2026-11-28,2025-09-16,AVAILABLE,NONE
INV-001166,MED-027,Aspirin 75mg Gastro-resistant,Cardiovascular,BAT-027-754,PHARM-001,138,22.0,2026-10-01,2026-02-26,AVAILABLE,NONE
INV-001167,MED-046,Vitamin B-Complex + B12,Nutritional,BAT-046-681,PHARM-001,124,40.0,2026-08-21,2026-05-06,NEAR_EXPIRY,NONE
INV-001168,MED-003,Azithromycin 500mg,Antibiotic,BAT-003-942,PHARM-001,146,120.0,2027-03-18,2026-02-11,AVAILABLE,NONE
INV-001169,MED-036,Prednisolone 10mg,Steroid,BAT-036-857,PHARM-001,276,30.0,2026-08-22,2025-11-20,NEAR_EXPIRY,NONE
INV-001170,MED-054,Ranitidine 150mg,Gastrointestinal,BAT-054-751,PHARM-001,38,25.0,2026-08-20,2025-11-16,NEAR_EXPIRY,NONE
INV-001171,MED-032,Linezolid 600mg,Antibiotic,BAT-032-804,PHARM-001,34,340.0,2026-08-25,2025-08-19,NEAR_EXPIRY,NONE
INV-001172,MED-039,Hydrochlorothiazide 12.5mg,Cardiovascular,BAT-039-863,PHARM-001,131,24.0,2026-10-02,2026-01-11,AVAILABLE,NONE
INV-001173,MED-056,Bisoprolol 2.5mg,Cardiovascular,BAT-056-364,PHARM-001,115,72.0,2026-12-14,2025-08-28,AVAILABLE,NONE
INV-001174,MED-033,Vancomycin 500mg Injection,Antibiotic,BAT-033-850,PHARM-001,61,420.0,2026-07-28,2025-09-24,EXPIRED,NONE
INV-001175,MED-038,Fexofenadine 120mg,Antihistamine,BAT-038-159,PHARM-001,14,82.0,2026-09-13,2026-05-02,NEAR_EXPIRY,NONE
INV-001176,MED-018,Enoxaparin 40mg Injection,Cardiovascular,BAT-018-469,PHARM-001,32,450.0,2026-09-25,2025-12-13,AVAILABLE,NONE
INV-001177,MED-019,Meropenem 1g Injection,Antibiotic,BAT-019-398,PHARM-001,151,850.0,2026-09-16,2025-10-17,AVAILABLE,NONE
INV-001178,MED-013,Montelukast + Levocetirizine,Respiratory,BAT-013-884,PHARM-001,92,115.0,2026-08-15,2025-08-28,NEAR_EXPIRY,NONE
INV-001179,MED-056,Bisoprolol 2.5mg,Cardiovascular,BAT-056-423,PHARM-001,224,72.0,2026-09-13,2026-02-11,NEAR_EXPIRY,NONE
INV-001180,MED-038,Fexofenadine 120mg,Antihistamine,BAT-038-460,PHARM-001,92,82.0,2026-07-11,2026-05-03,EXPIRED,NONE
INV-001181,MED-024,Dapagliflozin 10mg,Antidiabetic,BAT-024-897,PHARM-001,61,220.0,2026-10-13,2025-11-09,AVAILABLE,NONE
INV-001182,MED-007,Telmisartan 40mg,Cardiovascular,BAT-007-323,PHARM-001,68,78.0,2026-10-10,2026-04-27,AVAILABLE,NONE
INV-001183,MED-051,Metronidazole 400mg,Antibiotic,BAT-051-672,PHARM-001,236,32.0,2027-07-10,2025-09-04,AVAILABLE,NONE
INV-001184,MED-035,Dexamethasone 4mg Injection,Steroid,BAT-035-829,PHARM-001,126,25.0,2026-12-11,2025-10-06,AVAILABLE,NONE
INV-001185,MED-030,Doxycycline 100mg,Antibiotic,BAT-030-178,PHARM-001,142,68.0,2026-10-22,2026-05-17,AVAILABLE,NONE
INV-001186,MED-023,Vildagliptin 50mg,Antidiabetic,BAT-023-419,PHARM-001,244,175.0,2026-08-18,2026-01-11,NEAR_EXPIRY,NONE
INV-001187,MED-020,Piperacillin + Tazobactam 4.5g,Antibiotic,BAT-020-129,PHARM-001,14,490.0,2026-09-13,2026-05-16,NEAR_EXPIRY,NONE
INV-001188,MED-014,Salbutamol Inhaler 100mcg,Respiratory,BAT-014-233,PHARM-001,220,160.0,2026-10-08,2026-06-05,AVAILABLE,NONE
INV-001189,MED-008,Amlodipine 5mg,Cardiovascular,BAT-008-179,PHARM-001,30,38.0,2027-05-22,2026-07-06,AVAILABLE,NONE
INV-001190,MED-013,Montelukast + Levocetirizine,Respiratory,BAT-013-210,PHARM-001,171,115.0,2027-07-03,2026-06-29,AVAILABLE,NONE
INV-001191,MED-004,Metformin 500mg SR,Antidiabetic,BAT-004-580,PHARM-001,36,45.0,2026-11-05,2026-05-16,AVAILABLE,NONE
INV-001192,MED-020,Piperacillin + Tazobactam 4.5g,Antibiotic,BAT-020-783,PHARM-001,174,490.0,2026-12-16,2026-07-10,AVAILABLE,NONE
INV-001193,MED-014,Salbutamol Inhaler 100mcg,Respiratory,BAT-014-701,PHARM-001,237,160.0,2026-08-17,2026-04-04,NEAR_EXPIRY,NONE
INV-001194,MED-018,Enoxaparin 40mg Injection,Cardiovascular,BAT-018-693,PHARM-001,329,450.0,2026-09-07,2026-01-18,NEAR_EXPIRY,NONE
INV-001195,MED-005,Human Regular Insulin 100IU,Antidiabetic,BAT-005-201,PHARM-001,75,350.0,2027-07-11,2025-09-22,AVAILABLE,NONE
INV-001196,MED-046,Vitamin B-Complex + B12,Nutritional,BAT-046-296,PHARM-001,449,40.0,2026-08-21,2026-02-21,NEAR_EXPIRY,NONE
INV-001197,MED-007,Telmisartan 40mg,Cardiovascular,BAT-007-319,PHARM-001,113,78.0,2027-06-14,2025-10-30,AVAILABLE,NONE
INV-001198,MED-045,Calcium 500mg + Vitamin D3,Nutritional,BAT-045-703,PHARM-001,66,65.0,2026-09-17,2026-04-12,AVAILABLE,NONE
INV-001199,MED-054,Ranitidine 150mg,Gastrointestinal,BAT-054-463,PHARM-001,78,25.0,2026-09-30,2026-01-02,AVAILABLE,NONE
INV-001200,MED-027,Aspirin 75mg Gastro-resistant,Cardiovascular,BAT-027-215,PHARM-001,84,22.0,2026-08-15,2026-02-05,NEAR_EXPIRY,NONE
INV-001201,MED-046,Vitamin B-Complex + B12,Nutritional,BAT-046-395,PHARM-001,103,40.0,2026-11-25,2025-10-03,AVAILABLE,NONE
INV-001202,MED-032,Linezolid 600mg,Antibiotic,BAT-032-218,PHARM-001,129,340.0,2026-09-10,2025-12-30,NEAR_EXPIRY,NONE
INV-001203,MED-015,Budesonide Inhaler 200mcg,Respiratory,BAT-015-667,PHARM-001,67,280.0,2026-09-04,2025-12-19,NEAR_EXPIRY,NONE
INV-001204,MED-044,Thyroxine Sodium 50mcg,Endocrine,BAT-044-476,PHARM-001,145,125.0,2026-07-01,2026-04-15,EXPIRED,NONE
INV-001205,MED-044,Thyroxine Sodium 50mcg,Endocrine,BAT-044-207,PHARM-001,193,125.0,2026-10-05,2025-12-25,AVAILABLE,NONE
INV-001206,MED-006,Atorvastatin 20mg,Cardiovascular,BAT-006-222,PHARM-001,28,95.0,2026-09-13,2026-05-03,NEAR_EXPIRY,NONE
INV-001207,MED-005,Human Regular Insulin 100IU,Antidiabetic,BAT-005-472,PHARM-001,37,350.0,2026-09-10,2026-04-05,NEAR_EXPIRY,NONE
INV-001208,MED-054,Ranitidine 150mg,Gastrointestinal,BAT-054-534,PHARM-001,393,25.0,2026-09-13,2025-11-02,NEAR_EXPIRY,NONE
INV-001209,MED-026,Clopidogrel 75mg,Cardiovascular,BAT-026-464,PHARM-001,144,88.0,2027-05-09,2025-11-14,AVAILABLE,NONE
INV-001210,MED-033,Vancomycin 500mg Injection,Antibiotic,BAT-033-385,PHARM-001,51,420.0,2026-12-08,2026-05-01,AVAILABLE,NONE
INV-001211,MED-017,Tramadol 50mg,Analgesic,BAT-017-601,PHARM-001,10,90.0,2026-08-26,2025-11-03,NEAR_EXPIRY,NONE
INV-001212,MED-054,Ranitidine 150mg,Gastrointestinal,BAT-054-169,PHARM-001,117,25.0,2027-01-13,2025-11-02,AVAILABLE,NONE
INV-001213,MED-039,Hydrochlorothiazide 12.5mg,Cardiovascular,BAT-039-795,PHARM-001,29,24.0,2026-08-19,2026-01-29,NEAR_EXPIRY,NONE
INV-001214,MED-043,Sertraline 50mg,Psychiatric,BAT-043-869,PHARM-001,71,105.0,2027-06-09,2025-10-22,AVAILABLE,NONE
INV-001215,MED-019,Meropenem 1g Injection,Antibiotic,BAT-019-777,PHARM-001,158,850.0,2026-09-22,2025-11-03,AVAILABLE,NONE
INV-001216,MED-022,Glimepiride 2mg,Antidiabetic,BAT-022-928,PHARM-001,28,52.0,2026-10-08,2025-10-12,AVAILABLE,NONE
INV-001217,MED-028,Ondansetron 4mg,Gastrointestinal,BAT-028-221,PHARM-001,116,42.0,2026-10-11,2025-12-31,AVAILABLE,NONE
INV-001218,MED-029,Rabeprazole 20mg,Gastrointestinal,BAT-029-570,PHARM-001,188,75.0,2026-07-09,2026-06-27,EXPIRED,NONE
INV-001219,MED-056,Bisoprolol 2.5mg,Cardiovascular,BAT-056-898,PHARM-001,145,72.0,2027-01-06,2026-02-10,AVAILABLE,NONE
INV-001220,MED-028,Ondansetron 4mg,Gastrointestinal,BAT-028-237,PHARM-001,215,42.0,2027-06-20,2026-02-06,AVAILABLE,NONE
INV-001221,MED-008,Amlodipine 5mg,Cardiovascular,BAT-008-682,PHARM-001,166,38.0,2027-07-17,2025-11-06,AVAILABLE,NONE
INV-001222,MED-031,Levofloxacin 500mg,Antibiotic,BAT-031-587,PHARM-001,34,95.0,2027-06-30,2025-10-01,AVAILABLE,NONE
INV-001223,MED-026,Clopidogrel 75mg,Cardiovascular,BAT-026-369,PHARM-001,177,88.0,2026-09-26,2025-11-04,AVAILABLE,NONE
INV-001224,MED-044,Thyroxine Sodium 50mcg,Endocrine,BAT-044-461,PHARM-001,61,125.0,2026-08-22,2026-02-20,NEAR_EXPIRY,NONE
INV-001225,MED-023,Vildagliptin 50mg,Antidiabetic,BAT-023-928,PHARM-001,107,175.0,2026-07-04,2025-09-20,EXPIRED,NONE
INV-001226,MED-025,Rosuvastatin 10mg,Cardiovascular,BAT-025-199,PHARM-001,214,110.0,2026-09-02,2025-12-08,NEAR_EXPIRY,NONE
INV-001227,MED-016,Ibuprofen 400mg,Analgesic,BAT-016-353,PHARM-001,41,28.0,2026-10-02,2026-03-17,AVAILABLE,NONE
INV-001228,MED-059,Empagliflozin 25mg,Antidiabetic,BAT-059-804,PHARM-001,106,290.0,2026-12-11,2026-06-12,AVAILABLE,NONE
INV-001229,MED-011,Cefixime 200mg,Antibiotic,BAT-011-120,PHARM-001,345,140.0,2026-09-05,2025-10-13,NEAR_EXPIRY,NONE
INV-001230,MED-058,Sitagliptin 100mg,Antidiabetic,BAT-058-531,PHARM-001,170,240.0,2026-07-14,2026-03-01,EXPIRED,NONE
INV-001231,MED-002,Amoxicillin + Clavulanate 625mg,Antibiotic,BAT-002-424,PHARM-001,166,185.0,2026-09-24,2026-01-03,AVAILABLE,NONE
INV-001232,MED-007,Telmisartan 40mg,Cardiovascular,BAT-007-927,PHARM-001,327,78.0,2026-08-20,2025-11-07,NEAR_EXPIRY,NONE
INV-001233,MED-052,Fluconazole 150mg,Antifungal,BAT-052-883,PHARM-001,161,45.0,2026-08-17,2026-01-23,NEAR_EXPIRY,NONE
INV-001234,MED-041,Alprazolam 0.5mg,Psychiatric,BAT-041-967,PHARM-001,74,35.0,2027-07-15,2026-06-07,AVAILABLE,NONE
INV-001235,MED-019,Meropenem 1g Injection,Antibiotic,BAT-019-371,PHARM-001,359,850.0,2026-09-09,2026-06-21,NEAR_EXPIRY,NONE
INV-001236,MED-006,Atorvastatin 20mg,Cardiovascular,BAT-006-834,PHARM-001,345,95.0,2026-08-17,2025-09-22,NEAR_EXPIRY,NONE
INV-001237,MED-031,Levofloxacin 500mg,Antibiotic,BAT-031-537,PHARM-001,127,95.0,2026-08-24,2026-03-30,NEAR_EXPIRY,NONE
INV-001238,MED-028,Ondansetron 4mg,Gastrointestinal,BAT-028-779,PHARM-001,359,42.0,2026-09-04,2025-10-12,NEAR_EXPIRY,NONE
INV-001239,MED-030,Doxycycline 100mg,Antibiotic,BAT-030-787,PHARM-001,97,68.0,2026-08-15,2025-10-08,NEAR_EXPIRY,NONE
INV-001240,MED-014,Salbutamol Inhaler 100mcg,Respiratory,BAT-014-776,PHARM-001,439,160.0,2026-09-11,2025-11-18,NEAR_EXPIRY,NONE
INV-001241,MED-047,Iron + Folic Acid Tablets,Nutritional,BAT-047-741,PHARM-001,138,50.0,2026-09-25,2026-06-15,AVAILABLE,NONE
INV-001242,MED-010,Omeprazole 20mg,Gastrointestinal,BAT-010-346,PHARM-001,236,55.0,2027-03-16,2026-04-29,AVAILABLE,NONE
INV-001243,MED-028,Ondansetron 4mg,Gastrointestinal,BAT-028-520,PHARM-001,182,42.0,2026-11-15,2026-02-02,AVAILABLE,NONE
INV-001244,MED-014,Salbutamol Inhaler 100mcg,Respiratory,BAT-014-966,PHARM-001,265,160.0,2026-08-31,2025-12-16,NEAR_EXPIRY,NONE
INV-001245,MED-039,Hydrochlorothiazide 12.5mg,Cardiovascular,BAT-039-341,PHARM-001,57,24.0,2026-08-26,2025-12-20,NEAR_EXPIRY,NONE
INV-001246,MED-030,Doxycycline 100mg,Antibiotic,BAT-030-597,PHARM-001,185,68.0,2027-05-18,2025-10-02,AVAILABLE,NONE
INV-001247,MED-058,Sitagliptin 100mg,Antidiabetic,BAT-058-137,PHARM-001,116,240.0,2026-08-16,2026-04-03,NEAR_EXPIRY,NONE
INV-001248,MED-043,Sertraline 50mg,Psychiatric,BAT-043-663,PHARM-001,204,105.0,2026-09-15,2026-04-16,AVAILABLE,NONE
INV-001249,MED-032,Linezolid 600mg,Antibiotic,BAT-032-901,PHARM-001,100,340.0,2026-08-08,2026-07-05,EXPIRED,NONE
INV-001250,MED-039,Hydrochlorothiazide 12.5mg,Cardiovascular,BAT-039-405,PHARM-001,249,24.0,2027-05-10,2026-06-13,AVAILABLE,NONE
INV-001251,MED-024,Dapagliflozin 10mg,Antidiabetic,BAT-024-787,PHARM-001,346,220.0,2026-08-26,2026-05-30,NEAR_EXPIRY,NONE
INV-001252,MED-033,Vancomycin 500mg Injection,Antibiotic,BAT-033-223,PHARM-001,218,420.0,2027-08-07,2025-10-21,AVAILABLE,NONE
INV-001253,MED-060,Albumin Human 20% 100ml,Critical Care,BAT-060-637,PHARM-001,80,3200.0,2026-09-16,2026-03-09,AVAILABLE,NONE
INV-001254,MED-039,Hydrochlorothiazide 12.5mg,Cardiovascular,BAT-039-225,PHARM-001,406,24.0,2026-09-09,2026-02-05,NEAR_EXPIRY,NONE
INV-001255,MED-048,Diclofenac Sodium 50mg,Analgesic,BAT-048-341,PHARM-001,104,30.0,2026-08-25,2025-12-11,NEAR_EXPIRY,NONE
INV-001256,MED-029,Rabeprazole 20mg,Gastrointestinal,BAT-029-518,PHARM-001,145,75.0,2026-11-11,2026-03-07,AVAILABLE,NONE
INV-001257,MED-035,Dexamethasone 4mg Injection,Steroid,BAT-035-483,PHARM-001,113,25.0,2026-09-04,2026-05-19,NEAR_EXPIRY,NONE
INV-001258,MED-057,Carvedilol 6.25mg,Cardiovascular,BAT-057-903,PHARM-001,205,54.0,2026-09-13,2026-05-02,NEAR_EXPIRY,NONE
INV-001259,MED-058,Sitagliptin 100mg,Antidiabetic,BAT-058-720,PHARM-001,224,240.0,2027-09-18,2026-06-28,AVAILABLE,NONE
INV-001260,MED-004,Metformin 500mg SR,Antidiabetic,BAT-004-807,PHARM-001,431,45.0,2026-09-03,2026-03-15,NEAR_EXPIRY,NONE
INV-001261,MED-008,Amlodipine 5mg,Cardiovascular,BAT-008-647,PHARM-001,22,38.0,2027-04-30,2026-03-16,AVAILABLE,NONE
INV-001262,MED-059,Empagliflozin 25mg,Antidiabetic,BAT-059-502,PHARM-001,19,290.0,2026-08-29,2026-03-07,NEAR_EXPIRY,NONE
INV-001263,MED-059,Empagliflozin 25mg,Antidiabetic,BAT-059-549,PHARM-001,23,290.0,2026-09-11,2025-08-26,NEAR_EXPIRY,NONE
INV-001264,MED-053,Itraconazole 100mg,Antifungal,BAT-053-898,PHARM-001,235,165.0,2026-09-27,2025-11-06,AVAILABLE,NONE
INV-001265,MED-022,Glimepiride 2mg,Antidiabetic,BAT-022-834,PHARM-001,231,52.0,2026-12-04,2025-12-11,AVAILABLE,NONE
INV-001266,MED-011,Cefixime 200mg,Antibiotic,BAT-011-815,PHARM-001,127,140.0,2026-09-25,2026-03-04,AVAILABLE,NONE
INV-001267,MED-039,Hydrochlorothiazide 12.5mg,Cardiovascular,BAT-039-846,PHARM-001,197,24.0,2027-06-03,2025-10-08,AVAILABLE,NONE
INV-001268,MED-002,Amoxicillin + Clavulanate 625mg,Antibiotic,BAT-002-880,PHARM-001,181,185.0,2026-09-19,2026-06-19,AVAILABLE,NONE
INV-001269,MED-029,Rabeprazole 20mg,Gastrointestinal,BAT-029-910,PHARM-001,280,75.0,2026-08-18,2025-08-21,NEAR_EXPIRY,NONE
INV-001270,MED-006,Atorvastatin 20mg,Cardiovascular,BAT-006-213,PHARM-001,416,95.0,2026-09-13,2026-04-26,NEAR_EXPIRY,NONE
INV-001271,MED-044,Thyroxine Sodium 50mcg,Endocrine,BAT-044-520,PHARM-001,208,125.0,2026-10-11,2026-02-02,AVAILABLE,NONE
INV-001272,MED-009,Pantoprazole 40mg,Gastrointestinal,BAT-009-366,PHARM-001,224,85.0,2027-03-30,2026-04-18,AVAILABLE,NONE
INV-001273,MED-019,Meropenem 1g Injection,Antibiotic,BAT-019-303,PHARM-001,120,850.0,2026-09-19,2026-06-02,AVAILABLE,NONE
INV-001274,MED-057,Carvedilol 6.25mg,Cardiovascular,BAT-057-486,PHARM-001,39,54.0,2026-08-22,2025-09-26,NEAR_EXPIRY,NONE
INV-001275,MED-030,Doxycycline 100mg,Antibiotic,BAT-030-303,PHARM-001,32,68.0,2027-01-08,2026-03-03,AVAILABLE,NONE
INV-001276,MED-026,Clopidogrel 75mg,Cardiovascular,BAT-026-732,PHARM-001,42,88.0,2026-09-18,2025-12-08,AVAILABLE,NONE
INV-001277,MED-024,Dapagliflozin 10mg,Antidiabetic,BAT-024-274,PHARM-001,161,220.0,2026-08-20,2025-09-28,NEAR_EXPIRY,NONE
INV-001278,MED-053,Itraconazole 100mg,Antifungal,BAT-053-789,PHARM-001,98,165.0,2026-08-20,2025-11-04,NEAR_EXPIRY,NONE
INV-001279,MED-019,Meropenem 1g Injection,Antibiotic,BAT-019-864,PHARM-001,37,850.0,2026-09-04,2025-11-04,NEAR_EXPIRY,NONE
INV-001280,MED-053,Itraconazole 100mg,Antifungal,BAT-053-389,PHARM-001,222,165.0,2026-09-27,2026-04-10,AVAILABLE,NONE
INV-001281,MED-010,Omeprazole 20mg,Gastrointestinal,BAT-010-129,PHARM-001,178,55.0,2027-02-11,2026-02-17,AVAILABLE,NONE
INV-001282,MED-029,Rabeprazole 20mg,Gastrointestinal,BAT-029-354,PHARM-001,137,75.0,2026-10-04,2026-01-07,AVAILABLE,NONE
INV-001283,MED-006,Atorvastatin 20mg,Cardiovascular,BAT-006-110,PHARM-001,32,95.0,2026-08-17,2025-11-17,NEAR_EXPIRY,NONE
INV-001284,MED-046,Vitamin B-Complex + B12,Nutritional,BAT-046-492,PHARM-001,38,40.0,2027-02-22,2025-12-11,AVAILABLE,NONE
INV-001285,MED-007,Telmisartan 40mg,Cardiovascular,BAT-007-670,PHARM-001,140,78.0,2026-07-29,2026-06-15,EXPIRED,NONE
INV-001286,MED-059,Empagliflozin 25mg,Antidiabetic,BAT-059-462,PHARM-001,201,290.0,2027-08-16,2025-09-08,AVAILABLE,NONE
INV-001287,MED-048,Diclofenac Sodium 50mg,Analgesic,BAT-048-929,PHARM-001,178,30.0,2026-07-12,2026-06-22,EXPIRED,NONE
INV-001288,MED-025,Rosuvastatin 10mg,Cardiovascular,BAT-025-409,PHARM-001,248,110.0,2026-12-20,2025-12-25,AVAILABLE,NONE
INV-001289,MED-036,Prednisolone 10mg,Steroid,BAT-036-142,PHARM-001,176,30.0,2026-08-16,2025-09-21,NEAR_EXPIRY,NONE
INV-001290,MED-057,Carvedilol 6.25mg,Cardiovascular,BAT-057-579,PHARM-001,160,54.0,2026-08-20,2026-05-09,NEAR_EXPIRY,NONE
INV-001291,MED-008,Amlodipine 5mg,Cardiovascular,BAT-008-420,PHARM-001,243,38.0,2027-06-26,2026-06-23,AVAILABLE,NONE
INV-001292,MED-054,Ranitidine 150mg,Gastrointestinal,BAT-054-387,PHARM-001,244,25.0,2027-03-07,2026-01-12,AVAILABLE,NONE
INV-001293,MED-017,Tramadol 50mg,Analgesic,BAT-017-727,PHARM-001,248,90.0,2026-09-27,2026-03-02,AVAILABLE,NONE
INV-001294,MED-011,Cefixime 200mg,Antibiotic,BAT-011-423,PHARM-001,162,140.0,2026-12-30,2025-11-06,AVAILABLE,NONE
INV-001295,MED-055,Betamethasone 0.5mg,Steroid,BAT-055-773,PHARM-001,68,15.0,2026-11-10,2025-08-24,AVAILABLE,NONE
INV-001296,MED-010,Omeprazole 20mg,Gastrointestinal,BAT-010-155,PHARM-001,91,55.0,2026-08-18,2026-03-20,NEAR_EXPIRY,NONE
INV-001297,MED-028,Ondansetron 4mg,Gastrointestinal,BAT-028-218,PHARM-001,201,42.0,2026-07-22,2025-11-04,EXPIRED,NONE
INV-001298,MED-032,Linezolid 600mg,Antibiotic,BAT-032-568,PHARM-002,87,340.0,2026-08-20,2025-11-05,NEAR_EXPIRY,NONE
INV-001299,MED-006,Atorvastatin 20mg,Cardiovascular,BAT-006-308,PHARM-002,180,95.0,2026-08-16,2026-02-20,NEAR_EXPIRY,NONE
INV-001300,MED-037,Cetirizine 10mg,Antihistamine,BAT-037-779,PHARM-002,26,20.0,2026-08-22,2025-09-19,NEAR_EXPIRY,NONE
INV-001301,MED-016,Ibuprofen 400mg,Analgesic,BAT-016-886,PHARM-002,26,28.0,2027-03-31,2025-11-02,AVAILABLE,NONE
INV-001302,MED-019,Meropenem 1g Injection,Antibiotic,BAT-019-797,PHARM-002,77,850.0,2026-09-09,2026-05-14,NEAR_EXPIRY,NONE
INV-001303,MED-010,Omeprazole 20mg,Gastrointestinal,BAT-010-129,PHARM-002,188,55.0,2026-10-06,2026-06-04,AVAILABLE,NONE
INV-001304,MED-031,Levofloxacin 500mg,Antibiotic,BAT-031-564,PHARM-002,188,95.0,2027-08-14,2025-08-28,AVAILABLE,NONE
INV-001305,MED-001,Paracetamol 650mg,Analgesic,BAT-001-437,PHARM-002,103,32.5,2027-06-02,2026-06-23,AVAILABLE,NONE
INV-001306,MED-047,Iron + Folic Acid Tablets,Nutritional,BAT-047-851,PHARM-002,11,50.0,2026-08-21,2025-09-27,NEAR_EXPIRY,NONE
INV-001307,MED-048,Diclofenac Sodium 50mg,Analgesic,BAT-048-172,PHARM-002,43,30.0,2027-04-27,2025-10-08,AVAILABLE,NONE
INV-001308,MED-026,Clopidogrel 75mg,Cardiovascular,BAT-026-361,PHARM-002,12,88.0,2026-09-03,2026-04-15,NEAR_EXPIRY,NONE
INV-001309,MED-011,Cefixime 200mg,Antibiotic,BAT-011-497,PHARM-002,80,140.0,2026-09-11,2025-12-21,NEAR_EXPIRY,NONE
INV-001310,MED-052,Fluconazole 150mg,Antifungal,BAT-052-542,PHARM-002,53,45.0,2027-08-18,2026-02-07,AVAILABLE,NONE
INV-001311,MED-023,Vildagliptin 50mg,Antidiabetic,BAT-023-781,PHARM-002,71,175.0,2027-07-03,2026-05-27,AVAILABLE,NONE
INV-001312,MED-032,Linezolid 600mg,Antibiotic,BAT-032-556,PHARM-002,173,340.0,2026-10-02,2025-12-29,AVAILABLE,NONE
INV-001313,MED-028,Ondansetron 4mg,Gastrointestinal,BAT-028-192,PHARM-002,67,42.0,2027-08-24,2025-12-11,AVAILABLE,NONE
INV-001314,MED-028,Ondansetron 4mg,Gastrointestinal,BAT-028-745,PHARM-002,20,42.0,2026-08-19,2025-12-09,NEAR_EXPIRY,NONE
INV-001315,MED-042,Escitalopram 10mg,Psychiatric,BAT-042-802,PHARM-002,181,85.0,2027-07-10,2026-04-27,AVAILABLE,NONE
INV-001316,MED-042,Escitalopram 10mg,Psychiatric,BAT-042-637,PHARM-002,12,85.0,2026-09-04,2026-06-03,NEAR_EXPIRY,NONE
INV-001317,MED-009,Pantoprazole 40mg,Gastrointestinal,BAT-009-800,PHARM-002,129,85.0,2027-07-08,2026-02-12,AVAILABLE,NONE
INV-001318,MED-019,Meropenem 1g Injection,Antibiotic,BAT-019-682,PHARM-002,31,850.0,2026-10-13,2026-06-21,AVAILABLE,NONE
INV-001319,MED-033,Vancomycin 500mg Injection,Antibiotic,BAT-033-210,PHARM-002,138,420.0,2026-09-17,2025-10-27,AVAILABLE,NONE
INV-001320,MED-043,Sertraline 50mg,Psychiatric,BAT-043-837,PHARM-002,85,105.0,2027-04-13,2025-09-27,AVAILABLE,NONE
INV-001321,MED-038,Fexofenadine 120mg,Antihistamine,BAT-038-183,PHARM-002,138,82.0,2026-07-02,2025-10-31,EXPIRED,NONE
INV-001322,MED-012,Ciprofloxacin 500mg,Antibiotic,BAT-012-905,PHARM-002,41,65.0,2026-11-06,2026-04-13,AVAILABLE,NONE
INV-001323,MED-027,Aspirin 75mg Gastro-resistant,Cardiovascular,BAT-027-997,PHARM-002,165,22.0,2026-09-05,2026-02-13,NEAR_EXPIRY,NONE
INV-001324,MED-022,Glimepiride 2mg,Antidiabetic,BAT-022-992,PHARM-002,423,52.0,2026-08-24,2026-04-11,NEAR_EXPIRY,NONE
INV-001325,MED-007,Telmisartan 40mg,Cardiovascular,BAT-007-544,PHARM-002,49,78.0,2026-07-19,2025-10-15,EXPIRED,NONE
INV-001326,MED-001,Paracetamol 650mg,Analgesic,BAT-001-275,PHARM-002,242,32.5,2026-09-26,2025-11-13,AVAILABLE,NONE
INV-001327,MED-043,Sertraline 50mg,Psychiatric,BAT-043-862,PHARM-002,178,105.0,2027-03-18,2025-09-10,AVAILABLE,NONE
INV-001328,MED-053,Itraconazole 100mg,Antifungal,BAT-053-731,PHARM-002,225,165.0,2027-05-04,2026-01-12,AVAILABLE,NONE
INV-001329,MED-020,Piperacillin + Tazobactam 4.5g,Antibiotic,BAT-020-189,PHARM-002,13,490.0,2026-08-16,2026-05-12,NEAR_EXPIRY,NONE
INV-001330,MED-055,Betamethasone 0.5mg,Steroid,BAT-055-127,PHARM-002,186,15.0,2026-09-18,2026-03-30,AVAILABLE,NONE
INV-001331,MED-016,Ibuprofen 400mg,Analgesic,BAT-016-546,PHARM-002,68,28.0,2027-07-16,2025-08-29,AVAILABLE,NONE
INV-001332,MED-006,Atorvastatin 20mg,Cardiovascular,BAT-006-408,PHARM-002,10,95.0,2026-08-18,2025-11-20,NEAR_EXPIRY,NONE
INV-001333,MED-048,Diclofenac Sodium 50mg,Analgesic,BAT-048-819,PHARM-002,25,30.0,2027-06-12,2025-11-30,AVAILABLE,NONE
INV-001334,MED-056,Bisoprolol 2.5mg,Cardiovascular,BAT-056-560,PHARM-002,150,72.0,2026-08-31,2025-09-19,NEAR_EXPIRY,NONE
INV-001335,MED-001,Paracetamol 650mg,Analgesic,BAT-001-205,PHARM-002,126,32.5,2027-05-23,2025-08-27,AVAILABLE,NONE
INV-001336,MED-055,Betamethasone 0.5mg,Steroid,BAT-055-607,PHARM-002,94,15.0,2026-10-01,2025-09-22,AVAILABLE,NONE
INV-001337,MED-003,Azithromycin 500mg,Antibiotic,BAT-003-599,PHARM-002,205,120.0,2026-10-02,2025-12-23,AVAILABLE,NONE
INV-001338,MED-040,Spironolactone 25mg,Cardiovascular,BAT-040-794,PHARM-002,308,48.0,2026-08-23,2025-11-08,NEAR_EXPIRY,NONE
INV-001339,MED-021,Losartan 50mg,Cardiovascular,BAT-021-666,PHARM-002,171,62.0,2026-09-11,2026-06-13,NEAR_EXPIRY,NONE
INV-001340,MED-040,Spironolactone 25mg,Cardiovascular,BAT-040-761,PHARM-002,25,48.0,2026-09-27,2026-01-19,AVAILABLE,NONE
INV-001341,MED-011,Cefixime 200mg,Antibiotic,BAT-011-394,PHARM-002,79,140.0,2026-09-28,2026-04-08,AVAILABLE,NONE
INV-001342,MED-033,Vancomycin 500mg Injection,Antibiotic,BAT-033-324,PHARM-002,174,420.0,2027-04-05,2025-09-18,AVAILABLE,NONE
INV-001343,MED-055,Betamethasone 0.5mg,Steroid,BAT-055-962,PHARM-002,149,15.0,2026-08-17,2025-11-18,NEAR_EXPIRY,NONE
INV-001344,MED-054,Ranitidine 150mg,Gastrointestinal,BAT-054-789,PHARM-002,179,25.0,2027-01-04,2026-01-12,AVAILABLE,NONE
INV-001345,MED-014,Salbutamol Inhaler 100mcg,Respiratory,BAT-014-389,PHARM-002,64,160.0,2026-12-19,2026-06-01,AVAILABLE,NONE
INV-001346,MED-013,Montelukast + Levocetirizine,Respiratory,BAT-013-260,PHARM-002,126,115.0,2026-10-09,2025-09-08,AVAILABLE,NONE
INV-001347,MED-032,Linezolid 600mg,Antibiotic,BAT-032-410,PHARM-002,141,340.0,2026-08-23,2026-03-17,NEAR_EXPIRY,NONE
INV-001348,MED-023,Vildagliptin 50mg,Antidiabetic,BAT-023-793,PHARM-002,38,175.0,2026-08-21,2026-04-25,NEAR_EXPIRY,NONE
INV-001349,MED-022,Glimepiride 2mg,Antidiabetic,BAT-022-540,PHARM-002,163,52.0,2026-09-17,2026-05-18,AVAILABLE,NONE
INV-001350,MED-015,Budesonide Inhaler 200mcg,Respiratory,BAT-015-598,PHARM-002,216,280.0,2027-04-13,2026-03-05,AVAILABLE,NONE
INV-001351,MED-003,Azithromycin 500mg,Antibiotic,BAT-003-888,PHARM-002,37,120.0,2026-08-26,2025-10-03,NEAR_EXPIRY,NONE
INV-001352,MED-060,Albumin Human 20% 100ml,Critical Care,BAT-060-548,PHARM-002,47,3200.0,2026-12-09,2025-11-23,AVAILABLE,NONE
INV-001353,MED-051,Metronidazole 400mg,Antibiotic,BAT-051-725,PHARM-002,230,32.0,2026-12-05,2025-09-06,AVAILABLE,NONE
INV-001354,MED-036,Prednisolone 10mg,Steroid,BAT-036-142,PHARM-002,102,30.0,2026-08-20,2025-10-29,NEAR_EXPIRY,NONE
INV-001355,MED-011,Cefixime 200mg,Antibiotic,BAT-011-845,PHARM-002,147,140.0,2027-06-30,2026-02-16,AVAILABLE,NONE
INV-001356,MED-047,Iron + Folic Acid Tablets,Nutritional,BAT-047-991,PHARM-002,20,50.0,2026-08-17,2026-05-26,NEAR_EXPIRY,NONE
INV-001357,MED-029,Rabeprazole 20mg,Gastrointestinal,BAT-029-525,PHARM-002,20,75.0,2026-09-06,2026-07-12,NEAR_EXPIRY,NONE
INV-001358,MED-006,Atorvastatin 20mg,Cardiovascular,BAT-006-372,PHARM-002,112,95.0,2027-05-14,2026-01-06,AVAILABLE,NONE
INV-001359,MED-041,Alprazolam 0.5mg,Psychiatric,BAT-041-780,PHARM-002,26,35.0,2026-08-21,2026-03-12,NEAR_EXPIRY,NONE
INV-001360,MED-009,Pantoprazole 40mg,Gastrointestinal,BAT-009-921,PHARM-002,249,85.0,2026-09-27,2025-12-08,AVAILABLE,NONE
INV-001361,MED-030,Doxycycline 100mg,Antibiotic,BAT-030-972,PHARM-002,27,68.0,2027-04-17,2025-10-24,AVAILABLE,NONE
INV-001362,MED-029,Rabeprazole 20mg,Gastrointestinal,BAT-029-249,PHARM-002,37,75.0,2027-07-05,2026-07-10,AVAILABLE,NONE
INV-001363,MED-006,Atorvastatin 20mg,Cardiovascular,BAT-006-446,PHARM-002,62,95.0,2026-10-08,2026-02-04,AVAILABLE,NONE
INV-001364,MED-028,Ondansetron 4mg,Gastrointestinal,BAT-028-162,PHARM-002,184,42.0,2027-09-17,2025-12-26,AVAILABLE,NONE
INV-001365,MED-010,Omeprazole 20mg,Gastrointestinal,BAT-010-688,PHARM-002,244,55.0,2027-09-17,2026-06-16,AVAILABLE,NONE
INV-001366,MED-034,Methylprednisolone 16mg,Steroid,BAT-034-402,PHARM-002,199,110.0,2026-10-05,2025-12-13,AVAILABLE,NONE
INV-001367,MED-036,Prednisolone 10mg,Steroid,BAT-036-994,PHARM-002,108,30.0,2027-03-23,2026-02-10,AVAILABLE,NONE
INV-001368,MED-001,Paracetamol 650mg,Analgesic,BAT-001-946,PHARM-002,57,32.5,2027-08-22,2026-02-22,AVAILABLE,NONE
INV-001369,MED-045,Calcium 500mg + Vitamin D3,Nutritional,BAT-045-513,PHARM-002,159,65.0,2026-10-12,2025-11-29,AVAILABLE,NONE
INV-001370,MED-040,Spironolactone 25mg,Cardiovascular,BAT-040-907,PHARM-002,247,48.0,2027-04-08,2025-09-02,AVAILABLE,NONE
INV-001371,MED-052,Fluconazole 150mg,Antifungal,BAT-052-900,PHARM-002,41,45.0,2027-03-17,2025-12-20,AVAILABLE,NONE
INV-001372,MED-003,Azithromycin 500mg,Antibiotic,BAT-003-650,PHARM-002,26,120.0,2026-08-26,2026-01-25,NEAR_EXPIRY,NONE
INV-001373,MED-033,Vancomycin 500mg Injection,Antibiotic,BAT-033-665,PHARM-002,182,420.0,2026-10-08,2026-02-06,AVAILABLE,NONE
INV-001374,MED-011,Cefixime 200mg,Antibiotic,BAT-011-123,PHARM-002,171,140.0,2027-07-17,2026-07-01,AVAILABLE,NONE
INV-001375,MED-017,Tramadol 50mg,Analgesic,BAT-017-347,PHARM-002,48,90.0,2027-06-29,2026-02-10,AVAILABLE,NONE
INV-001376,MED-047,Iron + Folic Acid Tablets,Nutritional,BAT-047-161,PHARM-002,212,50.0,2026-09-07,2026-01-06,NEAR_EXPIRY,NONE
INV-001377,MED-008,Amlodipine 5mg,Cardiovascular,BAT-008-559,PHARM-002,136,38.0,2026-09-14,2026-02-13,AVAILABLE,NONE
INV-001378,MED-022,Glimepiride 2mg,Antidiabetic,BAT-022-341,PHARM-002,180,52.0,2026-10-12,2025-09-21,AVAILABLE,NONE
INV-001379,MED-043,Sertraline 50mg,Psychiatric,BAT-043-646,PHARM-002,85,105.0,2026-08-31,2025-09-14,NEAR_EXPIRY,NONE
INV-001380,MED-034,Methylprednisolone 16mg,Steroid,BAT-034-855,PHARM-002,99,110.0,2026-08-19,2026-03-11,NEAR_EXPIRY,NONE
INV-001381,MED-030,Doxycycline 100mg,Antibiotic,BAT-030-200,PHARM-002,40,68.0,2027-05-12,2026-05-01,AVAILABLE,NONE
INV-001382,MED-006,Atorvastatin 20mg,Cardiovascular,BAT-006-163,PHARM-002,74,95.0,2027-06-14,2025-12-10,AVAILABLE,NONE
INV-001383,MED-029,Rabeprazole 20mg,Gastrointestinal,BAT-029-179,PHARM-002,170,75.0,2027-05-08,2026-01-07,AVAILABLE,NONE
INV-001384,MED-036,Prednisolone 10mg,Steroid,BAT-036-631,PHARM-002,147,30.0,2027-08-09,2025-12-25,AVAILABLE,NONE
INV-001385,MED-041,Alprazolam 0.5mg,Psychiatric,BAT-041-533,PHARM-002,207,35.0,2027-06-21,2025-12-02,AVAILABLE,NONE
INV-001386,MED-027,Aspirin 75mg Gastro-resistant,Cardiovascular,BAT-027-943,PHARM-002,233,22.0,2026-08-16,2026-04-23,NEAR_EXPIRY,NONE
INV-001387,MED-033,Vancomycin 500mg Injection,Antibiotic,BAT-033-983,PHARM-002,208,420.0,2026-08-16,2025-10-18,NEAR_EXPIRY,NONE
INV-001388,MED-011,Cefixime 200mg,Antibiotic,BAT-011-672,PHARM-002,174,140.0,2026-12-13,2026-01-07,AVAILABLE,NONE
INV-001389,MED-055,Betamethasone 0.5mg,Steroid,BAT-055-518,PHARM-002,19,15.0,2026-08-19,2026-05-20,NEAR_EXPIRY,NONE
INV-001390,MED-008,Amlodipine 5mg,Cardiovascular,BAT-008-480,PHARM-002,95,38.0,2027-03-18,2026-02-09,AVAILABLE,NONE
INV-001391,MED-032,Linezolid 600mg,Antibiotic,BAT-032-128,PHARM-002,62,340.0,2026-08-19,2026-05-03,NEAR_EXPIRY,NONE
INV-001392,MED-057,Carvedilol 6.25mg,Cardiovascular,BAT-057-390,PHARM-002,231,54.0,2026-08-20,2026-03-27,NEAR_EXPIRY,NONE
INV-001393,MED-023,Vildagliptin 50mg,Antidiabetic,BAT-023-169,PHARM-002,99,175.0,2026-10-02,2026-06-23,AVAILABLE,NONE
INV-001394,MED-037,Cetirizine 10mg,Antihistamine,BAT-037-563,PHARM-002,233,20.0,2027-06-14,2026-01-24,AVAILABLE,NONE
INV-001395,MED-047,Iron + Folic Acid Tablets,Nutritional,BAT-047-953,PHARM-002,167,50.0,2026-08-16,2025-09-08,NEAR_EXPIRY,NONE
INV-001396,MED-043,Sertraline 50mg,Psychiatric,BAT-043-559,PHARM-002,42,105.0,2027-03-29,2026-04-30,AVAILABLE,NONE
INV-001397,MED-052,Fluconazole 150mg,Antifungal,BAT-052-739,PHARM-002,250,45.0,2026-09-21,2025-08-30,AVAILABLE,NONE
INV-001398,MED-026,Clopidogrel 75mg,Cardiovascular,BAT-026-447,PHARM-002,247,88.0,2026-07-02,2025-10-12,EXPIRED,NONE
INV-001399,MED-029,Rabeprazole 20mg,Gastrointestinal,BAT-029-853,PHARM-002,62,75.0,2026-10-11,2026-02-23,AVAILABLE,NONE
INV-001400,MED-046,Vitamin B-Complex + B12,Nutritional,BAT-046-125,PHARM-002,201,40.0,2026-10-08,2025-09-26,AVAILABLE,NONE
INV-001401,MED-020,Piperacillin + Tazobactam 4.5g,Antibiotic,BAT-020-674,PHARM-002,444,490.0,2026-08-19,2025-08-19,NEAR_EXPIRY,NONE
INV-001402,MED-035,Dexamethasone 4mg Injection,Steroid,BAT-035-690,PHARM-002,68,25.0,2027-07-08,2026-06-18,AVAILABLE,NONE
INV-001403,MED-049,Aceclofenac + Paracetamol,Analgesic,BAT-049-587,PHARM-002,188,60.0,2026-12-14,2025-10-31,AVAILABLE,NONE
INV-001404,MED-060,Albumin Human 20% 100ml,Critical Care,BAT-060-644,PHARM-002,221,3200.0,2027-03-03,2026-04-14,AVAILABLE,NONE
INV-001405,MED-014,Salbutamol Inhaler 100mcg,Respiratory,BAT-014-351,PHARM-002,156,160.0,2026-10-09,2025-09-22,AVAILABLE,NONE
INV-001406,MED-039,Hydrochlorothiazide 12.5mg,Cardiovascular,BAT-039-428,PHARM-002,240,24.0,2026-09-29,2025-12-22,AVAILABLE,NONE
INV-001407,MED-060,Albumin Human 20% 100ml,Critical Care,BAT-060-123,PHARM-002,26,3200.0,2026-09-27,2026-01-22,AVAILABLE,NONE
INV-001408,MED-056,Bisoprolol 2.5mg,Cardiovascular,BAT-056-640,PHARM-002,13,72.0,2026-08-24,2026-02-03,NEAR_EXPIRY,NONE
INV-001409,MED-019,Meropenem 1g Injection,Antibiotic,BAT-019-247,PHARM-002,128,850.0,2026-08-24,2026-04-13,NEAR_EXPIRY,NONE
INV-001410,MED-044,Thyroxine Sodium 50mcg,Endocrine,BAT-044-273,PHARM-002,66,125.0,2026-09-24,2026-06-15,AVAILABLE,NONE
INV-001411,MED-002,Amoxicillin + Clavulanate 625mg,Antibiotic,BAT-002-830,PHARM-002,86,185.0,2026-08-25,2026-06-16,NEAR_EXPIRY,NONE
INV-001412,MED-017,Tramadol 50mg,Analgesic,BAT-017-484,PHARM-002,212,90.0,2026-07-29,2026-05-15,EXPIRED,NONE
INV-001413,MED-039,Hydrochlorothiazide 12.5mg,Cardiovascular,BAT-039-700,PHARM-002,149,24.0,2026-10-08,2026-03-16,AVAILABLE,NONE
INV-001414,MED-025,Rosuvastatin 10mg,Cardiovascular,BAT-025-217,PHARM-002,161,110.0,2026-07-15,2026-02-28,EXPIRED,NONE
INV-001415,MED-027,Aspirin 75mg Gastro-resistant,Cardiovascular,BAT-027-167,PHARM-002,79,22.0,2026-07-04,2025-11-10,EXPIRED,NONE
INV-001416,MED-059,Empagliflozin 25mg,Antidiabetic,BAT-059-119,PHARM-002,192,290.0,2026-10-02,2026-02-28,AVAILABLE,NONE
INV-001417,MED-007,Telmisartan 40mg,Cardiovascular,BAT-007-352,PHARM-002,97,78.0,2026-12-17,2025-10-04,AVAILABLE,NONE
INV-001418,MED-037,Cetirizine 10mg,Antihistamine,BAT-037-516,PHARM-002,26,20.0,2026-08-20,2025-11-29,NEAR_EXPIRY,NONE
INV-001419,MED-024,Dapagliflozin 10mg,Antidiabetic,BAT-024-653,PHARM-002,128,220.0,2027-07-16,2026-04-20,AVAILABLE,NONE
INV-001420,MED-059,Empagliflozin 25mg,Antidiabetic,BAT-059-668,PHARM-002,232,290.0,2026-07-15,2025-11-26,EXPIRED,NONE
INV-001421,MED-040,Spironolactone 25mg,Cardiovascular,BAT-040-396,PHARM-002,89,48.0,2026-07-14,2026-04-21,EXPIRED,NONE
INV-001422,MED-039,Hydrochlorothiazide 12.5mg,Cardiovascular,BAT-039-356,PHARM-002,74,24.0,2027-09-02,2026-01-02,AVAILABLE,NONE
INV-001423,MED-038,Fexofenadine 120mg,Antihistamine,BAT-038-960,PHARM-002,33,82.0,2026-08-27,2025-10-27,NEAR_EXPIRY,NONE
INV-001424,MED-026,Clopidogrel 75mg,Cardiovascular,BAT-026-815,PHARM-002,91,88.0,2027-07-25,2026-05-14,AVAILABLE,NONE
INV-001425,MED-057,Carvedilol 6.25mg,Cardiovascular,BAT-057-542,PHARM-002,101,54.0,2026-10-09,2026-03-30,AVAILABLE,NONE
INV-001426,MED-057,Carvedilol 6.25mg,Cardiovascular,BAT-057-798,PHARM-002,201,54.0,2026-10-08,2026-01-21,AVAILABLE,NONE
INV-001427,MED-029,Rabeprazole 20mg,Gastrointestinal,BAT-029-379,PHARM-002,107,75.0,2027-03-27,2026-03-12,AVAILABLE,NONE
INV-001428,MED-014,Salbutamol Inhaler 100mcg,Respiratory,BAT-014-570,PHARM-002,50,160.0,2026-09-13,2025-09-12,NEAR_EXPIRY,NONE
INV-001429,MED-001,Paracetamol 650mg,Analgesic,BAT-001-109,PHARM-002,198,32.5,2026-10-12,2026-04-18,AVAILABLE,NONE
INV-001430,MED-046,Vitamin B-Complex + B12,Nutritional,BAT-046-600,PHARM-002,244,40.0,2026-10-09,2025-12-26,AVAILABLE,NONE
INV-001431,MED-042,Escitalopram 10mg,Psychiatric,BAT-042-766,PHARM-002,233,85.0,2026-10-12,2026-06-06,AVAILABLE,NONE
INV-001432,MED-053,Itraconazole 100mg,Antifungal,BAT-053-787,PHARM-002,228,165.0,2027-04-12,2025-11-30,AVAILABLE,NONE
INV-001433,MED-025,Rosuvastatin 10mg,Cardiovascular,BAT-025-947,PHARM-002,52,110.0,2026-08-27,2025-09-11,NEAR_EXPIRY,NONE
INV-001434,MED-024,Dapagliflozin 10mg,Antidiabetic,BAT-024-297,PHARM-002,214,220.0,2026-08-12,2025-11-30,EXPIRED,NONE
INV-001435,MED-018,Enoxaparin 40mg Injection,Cardiovascular,BAT-018-796,PHARM-002,406,450.0,2026-08-21,2026-01-13,NEAR_EXPIRY,NONE
INV-001436,MED-015,Budesonide Inhaler 200mcg,Respiratory,BAT-015-339,PHARM-002,91,280.0,2026-11-01,2025-11-05,AVAILABLE,NONE
INV-001437,MED-032,Linezolid 600mg,Antibiotic,BAT-032-820,PHARM-002,151,340.0,2026-08-28,2025-09-08,NEAR_EXPIRY,NONE
INV-001438,MED-037,Cetirizine 10mg,Antihistamine,BAT-037-612,PHARM-002,216,20.0,2026-08-16,2025-11-05,NEAR_EXPIRY,NONE
INV-001439,MED-009,Pantoprazole 40mg,Gastrointestinal,BAT-009-863,PHARM-002,425,85.0,2026-08-19,2026-06-12,NEAR_EXPIRY,NONE
INV-001440,MED-047,Iron + Folic Acid Tablets,Nutritional,BAT-047-901,PHARM-002,374,50.0,2026-08-20,2026-02-25,NEAR_EXPIRY,NONE
INV-001441,MED-057,Carvedilol 6.25mg,Cardiovascular,BAT-057-564,PHARM-002,192,54.0,2027-09-07,2026-07-14,AVAILABLE,NONE
INV-001442,MED-042,Escitalopram 10mg,Psychiatric,BAT-042-153,PHARM-002,90,85.0,2026-09-27,2026-01-31,AVAILABLE,NONE
INV-001443,MED-008,Amlodipine 5mg,Cardiovascular,BAT-008-796,PHARM-002,152,38.0,2026-09-25,2025-10-23,AVAILABLE,NONE
INV-001444,MED-049,Aceclofenac + Paracetamol,Analgesic,BAT-049-144,PHARM-002,156,60.0,2026-07-18,2026-03-23,EXPIRED,NONE
INV-001445,MED-029,Rabeprazole 20mg,Gastrointestinal,BAT-029-423,PHARM-002,12,75.0,2026-09-01,2026-07-13,NEAR_EXPIRY,NONE
INV-001446,MED-045,Calcium 500mg + Vitamin D3,Nutritional,BAT-045-533,PHARM-002,62,65.0,2027-01-22,2026-06-07,AVAILABLE,NONE
INV-001447,MED-022,Glimepiride 2mg,Antidiabetic,BAT-022-418,PHARM-002,27,52.0,2026-09-17,2026-06-13,AVAILABLE,NONE
INV-001448,MED-031,Levofloxacin 500mg,Antibiotic,BAT-031-542,PHARM-002,105,95.0,2026-10-04,2026-07-03,AVAILABLE,NONE
INV-001449,MED-054,Ranitidine 150mg,Gastrointestinal,BAT-054-356,PHARM-002,40,25.0,2026-08-16,2026-03-11,NEAR_EXPIRY,NONE
INV-001450,MED-053,Itraconazole 100mg,Antifungal,BAT-053-441,PHARM-002,218,165.0,2026-11-20,2025-10-22,AVAILABLE,NONE
INV-001451,MED-039,Hydrochlorothiazide 12.5mg,Cardiovascular,BAT-039-734,PHARM-002,134,24.0,2027-08-30,2025-12-03,AVAILABLE,NONE
INV-001452,MED-038,Fexofenadine 120mg,Antihistamine,BAT-038-227,PHARM-002,116,82.0,2026-10-31,2026-06-02,AVAILABLE,NONE
INV-001453,MED-021,Losartan 50mg,Cardiovascular,BAT-021-968,PHARM-002,225,62.0,2026-11-14,2026-06-12,AVAILABLE,NONE
INV-001454,MED-029,Rabeprazole 20mg,Gastrointestinal,BAT-029-156,PHARM-002,36,75.0,2026-09-27,2026-02-11,AVAILABLE,NONE
INV-001455,MED-007,Telmisartan 40mg,Cardiovascular,BAT-007-793,PHARM-002,237,78.0,2026-09-23,2026-06-17,AVAILABLE,NONE
INV-001456,MED-025,Rosuvastatin 10mg,Cardiovascular,BAT-025-511,PHARM-002,79,110.0,2026-09-27,2026-05-27,AVAILABLE,NONE
INV-001457,MED-056,Bisoprolol 2.5mg,Cardiovascular,BAT-056-713,PHARM-002,138,72.0,2026-07-20,2025-08-30,EXPIRED,NONE
INV-001458,MED-051,Metronidazole 400mg,Antibiotic,BAT-051-538,PHARM-002,186,32.0,2026-09-24,2025-09-01,AVAILABLE,NONE
INV-001459,MED-044,Thyroxine Sodium 50mcg,Endocrine,BAT-044-901,PHARM-002,170,125.0,2026-09-24,2026-07-02,AVAILABLE,NONE
INV-001460,MED-013,Montelukast + Levocetirizine,Respiratory,BAT-013-210,PHARM-002,171,115.0,2026-08-09,2026-05-24,EXPIRED,NONE
INV-001461,MED-051,Metronidazole 400mg,Antibiotic,BAT-051-960,PHARM-002,183,32.0,2026-12-17,2026-04-07,AVAILABLE,NONE
INV-001462,MED-033,Vancomycin 500mg Injection,Antibiotic,BAT-033-362,PHARM-002,178,420.0,2026-10-07,2026-01-15,AVAILABLE,NONE
INV-001463,MED-029,Rabeprazole 20mg,Gastrointestinal,BAT-029-290,PHARM-002,279,75.0,2026-08-15,2026-03-13,NEAR_EXPIRY,NONE
INV-001464,MED-028,Ondansetron 4mg,Gastrointestinal,BAT-028-625,PHARM-002,87,42.0,2026-09-08,2026-01-13,NEAR_EXPIRY,NONE
INV-001465,MED-020,Piperacillin + Tazobactam 4.5g,Antibiotic,BAT-020-717,PHARM-002,26,490.0,2026-08-22,2026-01-21,NEAR_EXPIRY,NONE
INV-001466,MED-033,Vancomycin 500mg Injection,Antibiotic,BAT-033-938,PHARM-002,108,420.0,2027-05-18,2025-10-02,AVAILABLE,NONE
INV-001467,MED-013,Montelukast + Levocetirizine,Respiratory,BAT-013-305,PHARM-002,107,115.0,2026-11-18,2025-08-22,AVAILABLE,NONE
INV-001468,MED-013,Montelukast + Levocetirizine,Respiratory,BAT-013-783,PHARM-002,173,115.0,2027-06-10,2025-11-14,AVAILABLE,NONE
INV-001469,MED-045,Calcium 500mg + Vitamin D3,Nutritional,BAT-045-439,PHARM-002,177,65.0,2026-09-24,2025-09-22,AVAILABLE,NONE
INV-001470,MED-020,Piperacillin + Tazobactam 4.5g,Antibiotic,BAT-020-528,PHARM-002,38,490.0,2026-08-18,2026-01-28,NEAR_EXPIRY,NONE
INV-001471,MED-059,Empagliflozin 25mg,Antidiabetic,BAT-059-103,PHARM-002,104,290.0,2026-08-29,2025-08-22,NEAR_EXPIRY,NONE
INV-001472,MED-048,Diclofenac Sodium 50mg,Analgesic,BAT-048-886,PHARM-002,72,30.0,2027-04-24,2026-01-27,AVAILABLE,NONE
INV-001473,MED-026,Clopidogrel 75mg,Cardiovascular,BAT-026-288,PHARM-002,21,88.0,2026-08-24,2026-07-12,NEAR_EXPIRY,NONE
INV-001474,MED-010,Omeprazole 20mg,Gastrointestinal,BAT-010-397,PHARM-002,39,55.0,2026-08-19,2025-12-02,NEAR_EXPIRY,NONE
INV-001475,MED-013,Montelukast + Levocetirizine,Respiratory,BAT-013-302,PHARM-002,286,115.0,2026-08-17,2026-02-20,NEAR_EXPIRY,NONE
INV-001476,MED-016,Ibuprofen 400mg,Analgesic,BAT-016-282,PHARM-002,45,28.0,2026-07-28,2026-04-06,EXPIRED,NONE
INV-001477,MED-002,Amoxicillin + Clavulanate 625mg,Antibiotic,BAT-002-951,PHARM-002,103,185.0,2026-08-25,2026-05-06,NEAR_EXPIRY,NONE
INV-001478,MED-016,Ibuprofen 400mg,Analgesic,BAT-016-478,PHARM-002,224,28.0,2027-07-10,2026-01-06,AVAILABLE,NONE
INV-001479,MED-040,Spironolactone 25mg,Cardiovascular,BAT-040-544,PHARM-002,249,48.0,2026-08-16,2026-06-12,NEAR_EXPIRY,NONE
INV-001480,MED-025,Rosuvastatin 10mg,Cardiovascular,BAT-025-811,PHARM-002,30,110.0,2026-09-04,2026-01-05,NEAR_EXPIRY,NONE
INV-001481,MED-049,Aceclofenac + Paracetamol,Analgesic,BAT-049-730,PHARM-002,19,60.0,2026-08-19,2025-09-18,NEAR_EXPIRY,NONE
INV-001482,MED-004,Metformin 500mg SR,Antidiabetic,BAT-004-744,PHARM-002,169,45.0,2027-07-01,2026-02-22,AVAILABLE,NONE
INV-001483,MED-057,Carvedilol 6.25mg,Cardiovascular,BAT-057-600,PHARM-002,222,54.0,2027-06-11,2026-03-30,AVAILABLE,NONE
INV-001484,MED-043,Sertraline 50mg,Psychiatric,BAT-043-729,PHARM-002,180,105.0,2026-08-18,2026-06-12,NEAR_EXPIRY,NONE
INV-001485,MED-034,Methylprednisolone 16mg,Steroid,BAT-034-575,PHARM-002,173,110.0,2026-09-02,2026-04-15,NEAR_EXPIRY,NONE
INV-001486,MED-031,Levofloxacin 500mg,Antibiotic,BAT-031-374,PHARM-002,222,95.0,2026-10-13,2025-09-21,AVAILABLE,NONE
INV-001487,MED-038,Fexofenadine 120mg,Antihistamine,BAT-038-765,PHARM-002,24,82.0,2026-08-28,2026-06-27,NEAR_EXPIRY,NONE
INV-001488,MED-020,Piperacillin + Tazobactam 4.5g,Antibiotic,BAT-020-535,PHARM-002,235,490.0,2026-10-13,2026-01-03,AVAILABLE,NONE
INV-001489,MED-024,Dapagliflozin 10mg,Antidiabetic,BAT-024-360,PHARM-002,313,220.0,2026-08-21,2025-10-07,NEAR_EXPIRY,NONE
INV-001490,MED-023,Vildagliptin 50mg,Antidiabetic,BAT-023-335,PHARM-002,179,175.0,2026-07-12,2025-09-20,EXPIRED,NONE
INV-001491,MED-022,Glimepiride 2mg,Antidiabetic,BAT-022-536,PHARM-002,114,52.0,2026-09-27,2025-11-27,AVAILABLE,NONE
INV-001492,MED-052,Fluconazole 150mg,Antifungal,BAT-052-609,PHARM-002,163,45.0,2026-08-22,2026-02-03,NEAR_EXPIRY,NONE
INV-001493,MED-042,Escitalopram 10mg,Psychiatric,BAT-042-177,PHARM-002,235,85.0,2027-03-13,2026-01-13,AVAILABLE,NONE
INV-001494,MED-033,Vancomycin 500mg Injection,Antibiotic,BAT-033-625,PHARM-002,90,420.0,2026-10-09,2025-10-09,AVAILABLE,NONE
INV-001495,MED-060,Albumin Human 20% 100ml,Critical Care,BAT-060-333,PHARM-002,11,3200.0,2026-08-17,2026-05-26,NEAR_EXPIRY,NONE
INV-001496,MED-044,Thyroxine Sodium 50mcg,Endocrine,BAT-044-437,PHARM-002,248,125.0,2026-09-12,2026-03-09,NEAR_EXPIRY,NONE
INV-001497,MED-039,Hydrochlorothiazide 12.5mg,Cardiovascular,BAT-039-241,PHARM-002,217,24.0,2026-10-18,2025-10-10,AVAILABLE,NONE
INV-001498,MED-020,Piperacillin + Tazobactam 4.5g,Antibiotic,BAT-020-388,PHARM-002,123,490.0,2027-05-08,2026-01-19,AVAILABLE,NONE
INV-001499,MED-053,Itraconazole 100mg,Antifungal,BAT-053-693,PHARM-002,214,165.0,2026-09-30,2026-07-09,AVAILABLE,NONE
INV-001500,MED-010,Omeprazole 20mg,Gastrointestinal,BAT-010-986,PHARM-002,332,55.0,2026-08-28,2025-12-24,NEAR_EXPIRY,NONE
INV-001501,MED-051,Metronidazole 400mg,Antibiotic,BAT-051-665,PHARM-002,107,32.0,2027-06-07,2025-11-18,AVAILABLE,NONE
INV-001502,MED-051,Metronidazole 400mg,Antibiotic,BAT-051-187,PHARM-002,217,32.0,2027-05-21,2026-02-05,AVAILABLE,NONE
INV-001503,MED-045,Calcium 500mg + Vitamin D3,Nutritional,BAT-045-527,PHARM-002,162,65.0,2026-10-11,2026-03-30,AVAILABLE,NONE
INV-001504,MED-002,Amoxicillin + Clavulanate 625mg,Antibiotic,BAT-002-483,PHARM-002,98,185.0,2026-09-18,2026-05-05,AVAILABLE,NONE
INV-001505,MED-048,Diclofenac Sodium 50mg,Analgesic,BAT-048-109,PHARM-002,106,30.0,2027-04-13,2025-11-02,AVAILABLE,NONE
INV-001506,MED-015,Budesonide Inhaler 200mcg,Respiratory,BAT-015-529,PHARM-002,215,280.0,2027-05-08,2025-12-10,AVAILABLE,NONE
INV-001507,MED-050,Loperamide 2mg,Gastrointestinal,BAT-050-807,PHARM-002,10,18.0,2026-09-09,2025-10-13,NEAR_EXPIRY,NONE
INV-001508,MED-010,Omeprazole 20mg,Gastrointestinal,BAT-010-438,PHARM-002,175,55.0,2026-10-03,2025-09-28,AVAILABLE,NONE
INV-001509,MED-037,Cetirizine 10mg,Antihistamine,BAT-037-987,PHARM-002,120,20.0,2027-01-26,2025-12-27,AVAILABLE,NONE
INV-001510,MED-005,Human Regular Insulin 100IU,Antidiabetic,BAT-005-647,PHARM-002,165,350.0,2026-08-15,2025-12-30,NEAR_EXPIRY,NONE
INV-001511,MED-006,Atorvastatin 20mg,Cardiovascular,BAT-006-275,PHARM-002,28,95.0,2027-01-12,2026-05-23,AVAILABLE,NONE
INV-001512,MED-053,Itraconazole 100mg,Antifungal,BAT-053-805,PHARM-002,70,165.0,2026-09-19,2025-09-10,AVAILABLE,NONE
INV-001513,MED-005,Human Regular Insulin 100IU,Antidiabetic,BAT-005-495,PHARM-002,31,350.0,2026-08-31,2026-02-20,NEAR_EXPIRY,NONE
INV-001514,MED-024,Dapagliflozin 10mg,Antidiabetic,BAT-024-630,PHARM-002,39,220.0,2026-08-21,2026-07-10,NEAR_EXPIRY,NONE
INV-001515,MED-008,Amlodipine 5mg,Cardiovascular,BAT-008-232,PHARM-002,37,38.0,2026-10-07,2025-10-14,AVAILABLE,NONE
INV-001516,MED-025,Rosuvastatin 10mg,Cardiovascular,BAT-025-986,PHARM-002,409,110.0,2026-08-16,2026-04-01,NEAR_EXPIRY,NONE
INV-001517,MED-043,Sertraline 50mg,Psychiatric,BAT-043-586,PHARM-002,170,105.0,2026-09-23,2026-04-25,AVAILABLE,NONE
INV-001518,MED-013,Montelukast + Levocetirizine,Respiratory,BAT-013-614,PHARM-002,164,115.0,2026-08-22,2025-11-23,NEAR_EXPIRY,NONE
INV-001519,MED-039,Hydrochlorothiazide 12.5mg,Cardiovascular,BAT-039-926,PHARM-002,165,24.0,2026-10-13,2026-03-11,AVAILABLE,NONE
INV-001520,MED-057,Carvedilol 6.25mg,Cardiovascular,BAT-057-602,PHARM-002,208,54.0,2026-09-15,2025-11-22,AVAILABLE,NONE
INV-001521,MED-006,Atorvastatin 20mg,Cardiovascular,BAT-006-394,PHARM-002,108,95.0,2027-06-04,2025-08-19,AVAILABLE,NONE
INV-001522,MED-045,Calcium 500mg + Vitamin D3,Nutritional,BAT-045-962,PHARM-002,245,65.0,2026-08-27,2026-02-13,NEAR_EXPIRY,NONE
INV-001523,MED-047,Iron + Folic Acid Tablets,Nutritional,BAT-047-542,PHARM-002,300,50.0,2026-09-12,2025-11-23,NEAR_EXPIRY,NONE
INV-001524,MED-003,Azithromycin 500mg,Antibiotic,BAT-003-345,PHARM-002,27,120.0,2026-09-11,2026-04-26,NEAR_EXPIRY,NONE
INV-001525,MED-045,Calcium 500mg + Vitamin D3,Nutritional,BAT-045-843,PHARM-002,215,65.0,2027-05-12,2026-03-26,AVAILABLE,NONE
INV-001526,MED-036,Prednisolone 10mg,Steroid,BAT-036-224,PHARM-002,149,30.0,2026-08-07,2026-01-08,EXPIRED,NONE
INV-001527,MED-050,Loperamide 2mg,Gastrointestinal,BAT-050-898,PHARM-002,84,18.0,2026-09-19,2026-01-30,AVAILABLE,NONE
INV-001528,MED-014,Salbutamol Inhaler 100mcg,Respiratory,BAT-014-618,PHARM-002,183,160.0,2026-09-16,2026-06-23,AVAILABLE,NONE
INV-001529,MED-045,Calcium 500mg + Vitamin D3,Nutritional,BAT-045-791,PHARM-002,37,65.0,2026-09-03,2025-11-21,NEAR_EXPIRY,NONE
INV-001530,MED-001,Paracetamol 650mg,Analgesic,BAT-001-356,PHARM-002,103,32.5,2026-12-22,2026-05-18,AVAILABLE,NONE
INV-001531,MED-043,Sertraline 50mg,Psychiatric,BAT-043-866,PHARM-002,41,105.0,2026-09-16,2025-11-20,AVAILABLE,NONE
INV-001532,MED-036,Prednisolone 10mg,Steroid,BAT-036-772,PHARM-002,55,30.0,2027-05-26,2026-03-13,AVAILABLE,NONE
INV-001533,MED-031,Levofloxacin 500mg,Antibiotic,BAT-031-940,PHARM-002,234,95.0,2027-01-09,2026-02-23,AVAILABLE,NONE
INV-001534,MED-002,Amoxicillin + Clavulanate 625mg,Antibiotic,BAT-002-721,PHARM-002,27,185.0,2026-08-15,2026-05-25,NEAR_EXPIRY,NONE
INV-001535,MED-043,Sertraline 50mg,Psychiatric,BAT-043-881,PHARM-002,132,105.0,2026-12-31,2026-07-10,AVAILABLE,NONE
INV-001536,MED-023,Vildagliptin 50mg,Antidiabetic,BAT-023-282,PHARM-002,75,175.0,2027-07-13,2026-03-27,AVAILABLE,NONE
INV-001537,MED-029,Rabeprazole 20mg,Gastrointestinal,BAT-029-813,PHARM-002,184,75.0,2027-07-08,2026-06-21,AVAILABLE,NONE
INV-001538,MED-043,Sertraline 50mg,Psychiatric,BAT-043-833,PHARM-002,24,105.0,2026-08-31,2026-05-24,NEAR_EXPIRY,NONE
INV-001539,MED-004,Metformin 500mg SR,Antidiabetic,BAT-004-890,PHARM-002,115,45.0,2027-02-18,2026-01-03,AVAILABLE,NONE
INV-001540,MED-059,Empagliflozin 25mg,Antidiabetic,BAT-059-344,PHARM-002,10,290.0,2026-08-18,2026-04-04,NEAR_EXPIRY,NONE
INV-001541,MED-044,Thyroxine Sodium 50mcg,Endocrine,BAT-044-785,PHARM-002,35,125.0,2026-08-25,2026-06-13,NEAR_EXPIRY,NONE
INV-001542,MED-003,Azithromycin 500mg,Antibiotic,BAT-003-525,PHARM-002,20,120.0,2026-08-17,2025-10-26,NEAR_EXPIRY,NONE
INV-001543,MED-060,Albumin Human 20% 100ml,Critical Care,BAT-060-654,PHARM-002,79,3200.0,2026-12-14,2025-12-25,AVAILABLE,NONE
INV-001544,MED-014,Salbutamol Inhaler 100mcg,Respiratory,BAT-014-208,PHARM-002,130,160.0,2026-08-22,2026-01-14,NEAR_EXPIRY,NONE
INV-001545,MED-014,Salbutamol Inhaler 100mcg,Respiratory,BAT-014-569,PHARM-002,186,160.0,2026-07-27,2026-03-25,EXPIRED,NONE
INV-001546,MED-040,Spironolactone 25mg,Cardiovascular,BAT-040-477,PHARM-002,125,48.0,2026-07-31,2026-06-23,EXPIRED,NONE
INV-001547,MED-020,Piperacillin + Tazobactam 4.5g,Antibiotic,BAT-020-885,PHARM-002,202,490.0,2026-09-17,2025-09-12,AVAILABLE,NONE
INV-001548,MED-035,Dexamethasone 4mg Injection,Steroid,BAT-035-910,PHARM-002,361,25.0,2026-08-15,2025-09-27,NEAR_EXPIRY,NONE
INV-001549,MED-025,Rosuvastatin 10mg,Cardiovascular,BAT-025-794,PHARM-002,450,110.0,2026-09-11,2026-05-08,NEAR_EXPIRY,NONE
INV-001550,MED-031,Levofloxacin 500mg,Antibiotic,BAT-031-169,PHARM-002,134,95.0,2026-07-07,2026-01-25,EXPIRED,NONE
INV-001551,MED-025,Rosuvastatin 10mg,Cardiovascular,BAT-025-623,PHARM-002,170,110.0,2027-06-28,2025-08-22,AVAILABLE,NONE
INV-001552,MED-046,Vitamin B-Complex + B12,Nutritional,BAT-046-113,PHARM-002,99,40.0,2026-08-06,2026-03-18,EXPIRED,NONE
INV-001553,MED-016,Ibuprofen 400mg,Analgesic,BAT-016-855,PHARM-002,40,28.0,2027-08-27,2025-12-08,AVAILABLE,NONE
INV-001554,MED-004,Metformin 500mg SR,Antidiabetic,BAT-004-240,PHARM-002,58,45.0,2026-09-20,2026-01-05,AVAILABLE,NONE
INV-001555,MED-025,Rosuvastatin 10mg,Cardiovascular,BAT-025-309,PHARM-002,133,110.0,2026-07-06,2025-08-21,EXPIRED,NONE
INV-001556,MED-048,Diclofenac Sodium 50mg,Analgesic,BAT-048-998,PHARM-002,60,30.0,2026-08-17,2026-01-28,NEAR_EXPIRY,NONE
INV-001557,MED-042,Escitalopram 10mg,Psychiatric,BAT-042-932,PHARM-002,236,85.0,2027-02-08,2026-02-18,AVAILABLE,NONE
INV-001558,MED-047,Iron + Folic Acid Tablets,Nutritional,BAT-047-439,PHARM-002,405,50.0,2026-09-08,2026-01-21,NEAR_EXPIRY,NONE
INV-001559,MED-045,Calcium 500mg + Vitamin D3,Nutritional,BAT-045-836,PHARM-002,153,65.0,2026-09-26,2026-03-24,AVAILABLE,NONE
INV-001560,MED-021,Losartan 50mg,Cardiovascular,BAT-021-287,PHARM-002,242,62.0,2026-09-16,2025-12-01,AVAILABLE,NONE
INV-001561,MED-032,Linezolid 600mg,Antibiotic,BAT-032-171,PHARM-002,72,340.0,2026-08-04,2026-04-08,EXPIRED,NONE
INV-001562,MED-009,Pantoprazole 40mg,Gastrointestinal,BAT-009-193,PHARM-002,223,85.0,2026-10-10,2026-04-18,AVAILABLE,NONE
INV-001563,MED-060,Albumin Human 20% 100ml,Critical Care,BAT-060-309,PHARM-002,205,3200.0,2026-09-27,2026-03-17,AVAILABLE,NONE
INV-001564,MED-030,Doxycycline 100mg,Antibiotic,BAT-030-418,PHARM-002,128,68.0,2027-02-16,2026-04-22,AVAILABLE,NONE
INV-001565,MED-012,Ciprofloxacin 500mg,Antibiotic,BAT-012-720,PHARM-002,101,65.0,2026-09-09,2026-03-10,NEAR_EXPIRY,NONE
INV-001566,MED-006,Atorvastatin 20mg,Cardiovascular,BAT-006-468,PHARM-002,329,95.0,2026-09-06,2025-12-24,NEAR_EXPIRY,NONE
INV-001567,MED-048,Diclofenac Sodium 50mg,Analgesic,BAT-048-543,PHARM-002,25,30.0,2027-06-17,2026-04-27,AVAILABLE,NONE
INV-001568,MED-049,Aceclofenac + Paracetamol,Analgesic,BAT-049-490,PHARM-002,172,60.0,2027-03-16,2025-12-09,AVAILABLE,NONE
INV-001569,MED-035,Dexamethasone 4mg Injection,Steroid,BAT-035-256,PHARM-002,117,25.0,2027-02-22,2025-10-05,AVAILABLE,NONE
INV-001570,MED-030,Doxycycline 100mg,Antibiotic,BAT-030-413,PHARM-002,173,68.0,2026-09-08,2025-11-25,NEAR_EXPIRY,NONE
INV-001571,MED-009,Pantoprazole 40mg,Gastrointestinal,BAT-009-832,PHARM-002,420,85.0,2026-08-16,2025-11-17,NEAR_EXPIRY,NONE
INV-001572,MED-047,Iron + Folic Acid Tablets,Nutritional,BAT-047-842,PHARM-002,126,50.0,2026-10-13,2026-01-05,AVAILABLE,NONE
INV-001573,MED-026,Clopidogrel 75mg,Cardiovascular,BAT-026-860,PHARM-002,30,88.0,2026-08-31,2026-01-05,NEAR_EXPIRY,NONE
INV-001574,MED-059,Empagliflozin 25mg,Antidiabetic,BAT-059-227,PHARM-002,69,290.0,2027-01-05,2025-12-30,AVAILABLE,NONE
INV-001575,MED-049,Aceclofenac + Paracetamol,Analgesic,BAT-049-546,PHARM-002,150,60.0,2027-04-10,2026-03-07,AVAILABLE,NONE
INV-001576,MED-046,Vitamin B-Complex + B12,Nutritional,BAT-046-600,PHARM-002,186,40.0,2026-11-12,2025-08-24,AVAILABLE,NONE
INV-001577,MED-025,Rosuvastatin 10mg,Cardiovascular,BAT-025-534,PHARM-002,361,110.0,2026-08-23,2026-03-11,NEAR_EXPIRY,NONE
INV-001578,MED-044,Thyroxine Sodium 50mcg,Endocrine,BAT-044-128,PHARM-002,24,125.0,2026-08-19,2025-08-19,NEAR_EXPIRY,NONE
INV-001579,MED-039,Hydrochlorothiazide 12.5mg,Cardiovascular,BAT-039-692,PHARM-002,184,24.0,2026-08-08,2026-04-24,EXPIRED,NONE
INV-001580,MED-046,Vitamin B-Complex + B12,Nutritional,BAT-046-493,PHARM-002,152,40.0,2026-11-24,2025-12-24,AVAILABLE,NONE
INV-001581,MED-059,Empagliflozin 25mg,Antidiabetic,BAT-059-293,PHARM-002,328,290.0,2026-08-18,2025-12-11,NEAR_EXPIRY,NONE
INV-001582,MED-043,Sertraline 50mg,Psychiatric,BAT-043-491,PHARM-002,227,105.0,2026-09-04,2025-09-18,NEAR_EXPIRY,NONE
INV-001583,MED-037,Cetirizine 10mg,Antihistamine,BAT-037-895,PHARM-002,211,20.0,2027-02-28,2026-01-20,AVAILABLE,NONE
INV-001584,MED-014,Salbutamol Inhaler 100mcg,Respiratory,BAT-014-866,PHARM-002,63,160.0,2026-10-17,2025-12-24,AVAILABLE,NONE
INV-001585,MED-053,Itraconazole 100mg,Antifungal,BAT-053-603,PHARM-002,156,165.0,2026-08-21,2026-07-15,NEAR_EXPIRY,NONE
INV-001586,MED-042,Escitalopram 10mg,Psychiatric,BAT-042-395,PHARM-002,84,85.0,2026-08-17,2025-12-07,NEAR_EXPIRY,NONE
INV-001587,MED-012,Ciprofloxacin 500mg,Antibiotic,BAT-012-614,PHARM-002,74,65.0,2026-10-10,2026-05-20,AVAILABLE,NONE
INV-001588,MED-012,Ciprofloxacin 500mg,Antibiotic,BAT-012-305,PHARM-002,86,65.0,2027-01-20,2026-06-15,AVAILABLE,NONE
INV-001589,MED-058,Sitagliptin 100mg,Antidiabetic,BAT-058-992,PHARM-002,179,240.0,2026-10-13,2025-12-18,AVAILABLE,NONE
INV-001590,MED-007,Telmisartan 40mg,Cardiovascular,BAT-007-989,PHARM-002,146,78.0,2026-08-17,2025-08-24,NEAR_EXPIRY,NONE
INV-001591,MED-005,Human Regular Insulin 100IU,Antidiabetic,BAT-005-450,PHARM-002,144,350.0,2026-09-29,2026-06-30,AVAILABLE,NONE
INV-001592,MED-044,Thyroxine Sodium 50mcg,Endocrine,BAT-044-878,PHARM-002,212,125.0,2026-07-27,2026-05-25,EXPIRED,NONE
INV-001593,MED-001,Paracetamol 650mg,Analgesic,BAT-001-781,PHARM-002,44,32.5,2026-11-04,2025-09-20,AVAILABLE,NONE
INV-001594,MED-014,Salbutamol Inhaler 100mcg,Respiratory,BAT-014-634,PHARM-002,118,160.0,2026-09-07,2026-07-12,NEAR_EXPIRY,NONE
INV-001595,MED-031,Levofloxacin 500mg,Antibiotic,BAT-031-875,PHARM-002,114,95.0,2026-09-24,2026-01-24,AVAILABLE,NONE
INV-001596,MED-044,Thyroxine Sodium 50mcg,Endocrine,BAT-044-451,PHARM-002,190,125.0,2027-04-16,2026-02-04,AVAILABLE,NONE
INV-001597,MED-026,Clopidogrel 75mg,Cardiovascular,BAT-026-487,PHARM-002,243,88.0,2026-07-22,2025-09-06,EXPIRED,NONE
INV-001598,MED-022,Glimepiride 2mg,Antidiabetic,BAT-022-925,PHARM-002,122,52.0,2026-06-30,2026-05-25,EXPIRED,NONE
INV-001599,MED-047,Iron + Folic Acid Tablets,Nutritional,BAT-047-955,PHARM-002,242,50.0,2026-08-06,2026-05-05,EXPIRED,NONE
INV-001600,MED-034,Methylprednisolone 16mg,Steroid,BAT-034-386,PHARM-002,171,110.0,2026-09-10,2026-03-10,NEAR_EXPIRY,NONE
INV-001601,MED-043,Sertraline 50mg,Psychiatric,BAT-043-292,PHARM-002,24,105.0,2027-03-27,2026-07-14,AVAILABLE,NONE
INV-001602,MED-041,Alprazolam 0.5mg,Psychiatric,BAT-041-468,PHARM-002,193,35.0,2027-03-29,2026-06-22,AVAILABLE,NONE
INV-001603,MED-029,Rabeprazole 20mg,Gastrointestinal,BAT-029-339,PHARM-002,176,75.0,2026-10-07,2025-09-08,AVAILABLE,NONE
INV-001604,MED-051,Metronidazole 400mg,Antibiotic,BAT-051-183,PHARM-002,141,32.0,2026-10-13,2026-01-18,AVAILABLE,NONE
INV-001605,MED-055,Betamethasone 0.5mg,Steroid,BAT-055-816,PHARM-003,175,15.0,2027-03-13,2026-05-25,AVAILABLE,NONE
INV-001606,MED-013,Montelukast + Levocetirizine,Respiratory,BAT-013-829,PHARM-003,220,115.0,2027-08-02,2026-05-03,AVAILABLE,NONE
INV-001607,MED-055,Betamethasone 0.5mg,Steroid,BAT-055-833,PHARM-003,223,15.0,2026-07-13,2025-10-30,EXPIRED,NONE
INV-001608,MED-006,Atorvastatin 20mg,Cardiovascular,BAT-006-408,PHARM-003,63,95.0,2027-06-10,2025-10-08,AVAILABLE,NONE
INV-001609,MED-058,Sitagliptin 100mg,Antidiabetic,BAT-058-556,PHARM-003,81,240.0,2026-10-01,2026-05-17,AVAILABLE,NONE
INV-001610,MED-016,Ibuprofen 400mg,Analgesic,BAT-016-316,PHARM-003,199,28.0,2027-09-16,2026-04-19,AVAILABLE,NONE
INV-001611,MED-006,Atorvastatin 20mg,Cardiovascular,BAT-006-208,PHARM-003,61,95.0,2026-10-28,2025-12-05,AVAILABLE,NONE
INV-001612,MED-060,Albumin Human 20% 100ml,Critical Care,BAT-060-434,PHARM-003,204,3200.0,2027-02-03,2025-12-31,AVAILABLE,NONE
INV-001613,MED-017,Tramadol 50mg,Analgesic,BAT-017-781,PHARM-003,190,90.0,2026-12-16,2025-11-14,AVAILABLE,NONE
INV-001614,MED-009,Pantoprazole 40mg,Gastrointestinal,BAT-009-647,PHARM-003,223,85.0,2026-11-29,2025-08-25,AVAILABLE,NONE
INV-001615,MED-045,Calcium 500mg + Vitamin D3,Nutritional,BAT-045-440,PHARM-003,36,65.0,2027-08-17,2026-03-23,AVAILABLE,NONE
INV-001616,MED-042,Escitalopram 10mg,Psychiatric,BAT-042-451,PHARM-003,187,85.0,2027-04-27,2026-01-03,AVAILABLE,NONE
INV-001617,MED-042,Escitalopram 10mg,Psychiatric,BAT-042-903,PHARM-003,226,85.0,2027-05-25,2025-10-01,AVAILABLE,NONE
INV-001618,MED-015,Budesonide Inhaler 200mcg,Respiratory,BAT-015-328,PHARM-003,287,280.0,2026-08-15,2026-03-05,NEAR_EXPIRY,NONE
INV-001619,MED-038,Fexofenadine 120mg,Antihistamine,BAT-038-292,PHARM-003,238,82.0,2026-09-18,2026-05-17,AVAILABLE,NONE
INV-001620,MED-021,Losartan 50mg,Cardiovascular,BAT-021-489,PHARM-003,35,62.0,2027-03-22,2025-09-23,AVAILABLE,NONE
INV-001621,MED-038,Fexofenadine 120mg,Antihistamine,BAT-038-648,PHARM-003,101,82.0,2027-05-18,2026-04-09,AVAILABLE,NONE
INV-001622,MED-050,Loperamide 2mg,Gastrointestinal,BAT-050-473,PHARM-003,171,18.0,2026-10-03,2026-05-12,AVAILABLE,NONE
INV-001623,MED-015,Budesonide Inhaler 200mcg,Respiratory,BAT-015-209,PHARM-003,100,280.0,2026-07-15,2025-12-25,EXPIRED,NONE
INV-001624,MED-010,Omeprazole 20mg,Gastrointestinal,BAT-010-935,PHARM-003,194,55.0,2027-06-26,2026-02-14,AVAILABLE,NONE
INV-001625,MED-030,Doxycycline 100mg,Antibiotic,BAT-030-250,PHARM-003,58,68.0,2026-09-12,2025-09-11,NEAR_EXPIRY,NONE
INV-001626,MED-020,Piperacillin + Tazobactam 4.5g,Antibiotic,BAT-020-614,PHARM-003,28,490.0,2026-09-13,2026-05-13,NEAR_EXPIRY,NONE
INV-001627,MED-032,Linezolid 600mg,Antibiotic,BAT-032-398,PHARM-003,59,340.0,2026-07-23,2026-01-04,EXPIRED,NONE
INV-001628,MED-053,Itraconazole 100mg,Antifungal,BAT-053-833,PHARM-003,199,165.0,2027-02-06,2026-03-30,AVAILABLE,NONE
INV-001629,MED-048,Diclofenac Sodium 50mg,Analgesic,BAT-048-153,PHARM-003,96,30.0,2027-05-02,2026-04-15,AVAILABLE,NONE
INV-001630,MED-053,Itraconazole 100mg,Antifungal,BAT-053-775,PHARM-003,120,165.0,2027-07-21,2026-04-25,AVAILABLE,NONE
INV-001631,MED-022,Glimepiride 2mg,Antidiabetic,BAT-022-532,PHARM-003,120,52.0,2027-05-02,2025-11-15,AVAILABLE,NONE
INV-001632,MED-005,Human Regular Insulin 100IU,Antidiabetic,BAT-005-640,PHARM-003,32,350.0,2026-08-28,2026-02-21,NEAR_EXPIRY,NONE
INV-001633,MED-021,Losartan 50mg,Cardiovascular,BAT-021-870,PHARM-003,237,62.0,2026-11-10,2025-09-21,AVAILABLE,NONE
INV-001634,MED-060,Albumin Human 20% 100ml,Critical Care,BAT-060-826,PHARM-003,167,3200.0,2026-09-19,2026-02-10,AVAILABLE,NONE
INV-001635,MED-009,Pantoprazole 40mg,Gastrointestinal,BAT-009-552,PHARM-003,405,85.0,2026-08-26,2025-11-10,NEAR_EXPIRY,NONE
INV-001636,MED-013,Montelukast + Levocetirizine,Respiratory,BAT-013-852,PHARM-003,87,115.0,2026-09-09,2026-07-11,NEAR_EXPIRY,NONE
INV-001637,MED-044,Thyroxine Sodium 50mcg,Endocrine,BAT-044-961,PHARM-003,111,125.0,2026-12-02,2026-04-20,AVAILABLE,NONE
INV-001638,MED-031,Levofloxacin 500mg,Antibiotic,BAT-031-283,PHARM-003,136,95.0,2026-08-19,2026-06-19,NEAR_EXPIRY,NONE
INV-001639,MED-010,Omeprazole 20mg,Gastrointestinal,BAT-010-742,PHARM-003,151,55.0,2026-08-25,2025-12-21,NEAR_EXPIRY,NONE
INV-001640,MED-045,Calcium 500mg + Vitamin D3,Nutritional,BAT-045-710,PHARM-003,218,65.0,2027-04-24,2026-04-18,AVAILABLE,NONE
INV-001641,MED-045,Calcium 500mg + Vitamin D3,Nutritional,BAT-045-914,PHARM-003,117,65.0,2027-09-11,2026-05-31,AVAILABLE,NONE
INV-001642,MED-018,Enoxaparin 40mg Injection,Cardiovascular,BAT-018-747,PHARM-003,71,450.0,2026-08-25,2025-11-30,NEAR_EXPIRY,NONE
INV-001643,MED-042,Escitalopram 10mg,Psychiatric,BAT-042-784,PHARM-003,270,85.0,2026-09-09,2025-10-28,NEAR_EXPIRY,NONE
INV-001644,MED-048,Diclofenac Sodium 50mg,Analgesic,BAT-048-196,PHARM-003,276,30.0,2026-08-18,2025-09-15,NEAR_EXPIRY,NONE
INV-001645,MED-009,Pantoprazole 40mg,Gastrointestinal,BAT-009-201,PHARM-003,67,85.0,2026-07-10,2026-01-30,EXPIRED,NONE
INV-001646,MED-026,Clopidogrel 75mg,Cardiovascular,BAT-026-932,PHARM-003,216,88.0,2026-09-08,2026-07-05,NEAR_EXPIRY,NONE
INV-001647,MED-054,Ranitidine 150mg,Gastrointestinal,BAT-054-698,PHARM-003,51,25.0,2027-09-12,2025-10-13,AVAILABLE,NONE
INV-001648,MED-049,Aceclofenac + Paracetamol,Analgesic,BAT-049-871,PHARM-003,66,60.0,2026-12-13,2026-03-31,AVAILABLE,NONE
INV-001649,MED-056,Bisoprolol 2.5mg,Cardiovascular,BAT-056-713,PHARM-003,224,72.0,2026-07-16,2026-04-14,EXPIRED,NONE
INV-001650,MED-021,Losartan 50mg,Cardiovascular,BAT-021-225,PHARM-003,222,62.0,2026-08-16,2026-06-25,NEAR_EXPIRY,NONE
INV-001651,MED-017,Tramadol 50mg,Analgesic,BAT-017-971,PHARM-003,293,90.0,2026-08-15,2026-06-28,NEAR_EXPIRY,NONE
INV-001652,MED-011,Cefixime 200mg,Antibiotic,BAT-011-533,PHARM-003,368,140.0,2026-08-23,2026-07-15,NEAR_EXPIRY,NONE
INV-001653,MED-029,Rabeprazole 20mg,Gastrointestinal,BAT-029-243,PHARM-003,153,75.0,2026-09-24,2025-09-23,AVAILABLE,NONE
INV-001654,MED-059,Empagliflozin 25mg,Antidiabetic,BAT-059-460,PHARM-003,196,290.0,2026-09-20,2025-09-08,AVAILABLE,NONE
INV-001655,MED-007,Telmisartan 40mg,Cardiovascular,BAT-007-778,PHARM-003,14,78.0,2026-08-28,2026-06-23,NEAR_EXPIRY,NONE
INV-001656,MED-009,Pantoprazole 40mg,Gastrointestinal,BAT-009-716,PHARM-003,386,85.0,2026-09-02,2025-10-06,NEAR_EXPIRY,NONE
INV-001657,MED-028,Ondansetron 4mg,Gastrointestinal,BAT-028-176,PHARM-003,91,42.0,2026-09-03,2025-10-07,NEAR_EXPIRY,NONE
INV-001658,MED-006,Atorvastatin 20mg,Cardiovascular,BAT-006-360,PHARM-003,157,95.0,2026-12-26,2025-12-10,AVAILABLE,NONE
INV-001659,MED-014,Salbutamol Inhaler 100mcg,Respiratory,BAT-014-172,PHARM-003,198,160.0,2027-09-03,2025-08-27,AVAILABLE,NONE
INV-001660,MED-042,Escitalopram 10mg,Psychiatric,BAT-042-297,PHARM-003,230,85.0,2026-10-04,2026-01-06,AVAILABLE,NONE
INV-001661,MED-033,Vancomycin 500mg Injection,Antibiotic,BAT-033-719,PHARM-003,100,420.0,2026-09-18,2026-04-23,AVAILABLE,NONE
INV-001662,MED-051,Metronidazole 400mg,Antibiotic,BAT-051-544,PHARM-003,83,32.0,2026-07-06,2026-01-02,EXPIRED,NONE
INV-001663,MED-005,Human Regular Insulin 100IU,Antidiabetic,BAT-005-376,PHARM-003,160,350.0,2026-10-05,2026-05-13,AVAILABLE,NONE
INV-001664,MED-027,Aspirin 75mg Gastro-resistant,Cardiovascular,BAT-027-167,PHARM-003,105,22.0,2026-09-25,2026-01-28,AVAILABLE,NONE
INV-001665,MED-050,Loperamide 2mg,Gastrointestinal,BAT-050-379,PHARM-003,90,18.0,2027-02-06,2026-05-02,AVAILABLE,NONE
INV-001666,MED-001,Paracetamol 650mg,Analgesic,BAT-001-200,PHARM-003,116,32.5,2027-02-04,2026-01-03,AVAILABLE,NONE
INV-001667,MED-007,Telmisartan 40mg,Cardiovascular,BAT-007-901,PHARM-003,128,78.0,2026-08-20,2026-05-13,NEAR_EXPIRY,NONE
INV-001668,MED-007,Telmisartan 40mg,Cardiovascular,BAT-007-641,PHARM-003,161,78.0,2027-03-07,2026-01-18,AVAILABLE,NONE
INV-001669,MED-018,Enoxaparin 40mg Injection,Cardiovascular,BAT-018-722,PHARM-003,101,450.0,2027-01-09,2026-05-26,AVAILABLE,NONE
INV-001670,MED-049,Aceclofenac + Paracetamol,Analgesic,BAT-049-498,PHARM-003,322,60.0,2026-09-12,2026-04-14,NEAR_EXPIRY,NONE
INV-001671,MED-009,Pantoprazole 40mg,Gastrointestinal,BAT-009-365,PHARM-003,188,85.0,2027-01-01,2026-07-11,AVAILABLE,NONE
INV-001672,MED-009,Pantoprazole 40mg,Gastrointestinal,BAT-009-246,PHARM-003,33,85.0,2026-09-22,2026-01-03,AVAILABLE,NONE
INV-001673,MED-059,Empagliflozin 25mg,Antidiabetic,BAT-059-842,PHARM-003,193,290.0,2027-02-18,2025-08-22,AVAILABLE,NONE
INV-001674,MED-039,Hydrochlorothiazide 12.5mg,Cardiovascular,BAT-039-528,PHARM-003,169,24.0,2026-08-17,2025-11-23,NEAR_EXPIRY,NONE
INV-001675,MED-018,Enoxaparin 40mg Injection,Cardiovascular,BAT-018-538,PHARM-003,98,450.0,2027-02-08,2025-10-22,AVAILABLE,NONE
INV-001676,MED-041,Alprazolam 0.5mg,Psychiatric,BAT-041-978,PHARM-003,217,35.0,2027-05-10,2026-06-01,AVAILABLE,NONE
INV-001677,MED-021,Losartan 50mg,Cardiovascular,BAT-021-965,PHARM-003,206,62.0,2026-09-16,2026-05-30,AVAILABLE,NONE
INV-001678,MED-016,Ibuprofen 400mg,Analgesic,BAT-016-195,PHARM-003,210,28.0,2026-09-16,2026-04-22,AVAILABLE,NONE
INV-001679,MED-019,Meropenem 1g Injection,Antibiotic,BAT-019-667,PHARM-003,128,850.0,2026-10-19,2025-11-05,AVAILABLE,NONE
INV-001680,MED-044,Thyroxine Sodium 50mcg,Endocrine,BAT-044-620,PHARM-003,195,125.0,2026-09-30,2026-05-07,AVAILABLE,NONE
INV-001681,MED-044,Thyroxine Sodium 50mcg,Endocrine,BAT-044-645,PHARM-003,68,125.0,2026-10-03,2026-05-13,AVAILABLE,NONE
INV-001682,MED-059,Empagliflozin 25mg,Antidiabetic,BAT-059-951,PHARM-003,211,290.0,2027-07-14,2026-07-12,AVAILABLE,NONE
INV-001683,MED-023,Vildagliptin 50mg,Antidiabetic,BAT-023-350,PHARM-003,175,175.0,2026-11-04,2025-10-18,AVAILABLE,NONE
INV-001684,MED-029,Rabeprazole 20mg,Gastrointestinal,BAT-029-272,PHARM-003,39,75.0,2027-01-11,2025-10-20,AVAILABLE,NONE
INV-001685,MED-024,Dapagliflozin 10mg,Antidiabetic,BAT-024-959,PHARM-003,128,220.0,2026-09-15,2026-05-08,AVAILABLE,NONE
INV-001686,MED-032,Linezolid 600mg,Antibiotic,BAT-032-488,PHARM-003,412,340.0,2026-08-25,2026-04-19,NEAR_EXPIRY,NONE
INV-001687,MED-055,Betamethasone 0.5mg,Steroid,BAT-055-884,PHARM-003,19,15.0,2026-09-06,2026-05-16,NEAR_EXPIRY,NONE
INV-001688,MED-048,Diclofenac Sodium 50mg,Analgesic,BAT-048-746,PHARM-003,59,30.0,2026-08-31,2025-09-27,NEAR_EXPIRY,NONE
INV-001689,MED-058,Sitagliptin 100mg,Antidiabetic,BAT-058-732,PHARM-003,177,240.0,2026-08-13,2025-11-08,EXPIRED,NONE
INV-001690,MED-030,Doxycycline 100mg,Antibiotic,BAT-030-436,PHARM-003,97,68.0,2026-08-22,2026-02-13,NEAR_EXPIRY,NONE
INV-001691,MED-001,Paracetamol 650mg,Analgesic,BAT-001-203,PHARM-003,155,32.5,2026-09-16,2025-12-07,AVAILABLE,NONE
INV-001692,MED-033,Vancomycin 500mg Injection,Antibiotic,BAT-033-257,PHARM-003,396,420.0,2026-08-18,2025-12-17,NEAR_EXPIRY,NONE
INV-001693,MED-017,Tramadol 50mg,Analgesic,BAT-017-331,PHARM-003,21,90.0,2026-08-31,2025-11-17,NEAR_EXPIRY,NONE
INV-001694,MED-035,Dexamethasone 4mg Injection,Steroid,BAT-035-931,PHARM-003,31,25.0,2026-08-18,2026-02-28,NEAR_EXPIRY,NONE
INV-001695,MED-023,Vildagliptin 50mg,Antidiabetic,BAT-023-865,PHARM-003,48,175.0,2026-08-01,2025-12-05,EXPIRED,NONE
INV-001696,MED-013,Montelukast + Levocetirizine,Respiratory,BAT-013-391,PHARM-003,33,115.0,2026-08-18,2026-06-25,NEAR_EXPIRY,NONE
INV-001697,MED-011,Cefixime 200mg,Antibiotic,BAT-011-782,PHARM-003,50,140.0,2027-02-27,2026-04-05,AVAILABLE,NONE
INV-001698,MED-027,Aspirin 75mg Gastro-resistant,Cardiovascular,BAT-027-600,PHARM-003,202,22.0,2026-10-05,2025-10-07,AVAILABLE,NONE
INV-001699,MED-009,Pantoprazole 40mg,Gastrointestinal,BAT-009-432,PHARM-003,209,85.0,2026-10-13,2025-12-23,AVAILABLE,NONE
INV-001700,MED-054,Ranitidine 150mg,Gastrointestinal,BAT-054-945,PHARM-003,35,25.0,2026-08-15,2025-12-28,NEAR_EXPIRY,NONE
INV-001701,MED-023,Vildagliptin 50mg,Antidiabetic,BAT-023-612,PHARM-003,33,175.0,2027-02-12,2026-07-09,AVAILABLE,NONE
INV-001702,MED-044,Thyroxine Sodium 50mcg,Endocrine,BAT-044-949,PHARM-003,208,125.0,2026-10-03,2026-01-21,AVAILABLE,NONE
INV-001703,MED-001,Paracetamol 650mg,Analgesic,BAT-001-544,PHARM-003,263,32.5,2026-09-06,2025-11-12,NEAR_EXPIRY,NONE
INV-001704,MED-010,Omeprazole 20mg,Gastrointestinal,BAT-010-846,PHARM-003,79,55.0,2026-08-17,2025-10-27,NEAR_EXPIRY,NONE
INV-001705,MED-045,Calcium 500mg + Vitamin D3,Nutritional,BAT-045-353,PHARM-003,379,65.0,2026-08-20,2025-12-08,NEAR_EXPIRY,NONE
INV-001706,MED-033,Vancomycin 500mg Injection,Antibiotic,BAT-033-725,PHARM-003,28,420.0,2026-08-21,2026-04-14,NEAR_EXPIRY,NONE
INV-001707,MED-009,Pantoprazole 40mg,Gastrointestinal,BAT-009-510,PHARM-003,39,85.0,2026-08-28,2026-06-26,NEAR_EXPIRY,NONE
INV-001708,MED-040,Spironolactone 25mg,Cardiovascular,BAT-040-304,PHARM-003,124,48.0,2027-04-26,2026-05-30,AVAILABLE,NONE
INV-001709,MED-034,Methylprednisolone 16mg,Steroid,BAT-034-413,PHARM-003,106,110.0,2027-02-04,2025-08-25,AVAILABLE,NONE
INV-001710,MED-028,Ondansetron 4mg,Gastrointestinal,BAT-028-590,PHARM-003,33,42.0,2026-10-04,2026-06-14,AVAILABLE,NONE
INV-001711,MED-020,Piperacillin + Tazobactam 4.5g,Antibiotic,BAT-020-212,PHARM-003,157,490.0,2026-09-02,2026-02-28,NEAR_EXPIRY,NONE
INV-001712,MED-058,Sitagliptin 100mg,Antidiabetic,BAT-058-148,PHARM-003,189,240.0,2026-08-10,2026-04-13,EXPIRED,NONE
INV-001713,MED-048,Diclofenac Sodium 50mg,Analgesic,BAT-048-429,PHARM-003,39,30.0,2026-08-30,2026-03-29,NEAR_EXPIRY,NONE
INV-001714,MED-017,Tramadol 50mg,Analgesic,BAT-017-603,PHARM-003,374,90.0,2026-08-25,2026-01-10,NEAR_EXPIRY,NONE
INV-001715,MED-050,Loperamide 2mg,Gastrointestinal,BAT-050-982,PHARM-003,260,18.0,2026-09-02,2026-05-10,NEAR_EXPIRY,NONE
INV-001716,MED-018,Enoxaparin 40mg Injection,Cardiovascular,BAT-018-315,PHARM-003,210,450.0,2026-08-25,2025-09-19,NEAR_EXPIRY,NONE
INV-001717,MED-059,Empagliflozin 25mg,Antidiabetic,BAT-059-770,PHARM-003,219,290.0,2026-08-18,2026-04-09,NEAR_EXPIRY,NONE
INV-001718,MED-040,Spironolactone 25mg,Cardiovascular,BAT-040-451,PHARM-003,156,48.0,2027-01-25,2026-02-11,AVAILABLE,NONE
INV-001719,MED-047,Iron + Folic Acid Tablets,Nutritional,BAT-047-257,PHARM-003,428,50.0,2026-08-18,2026-06-23,NEAR_EXPIRY,NONE
INV-001720,MED-023,Vildagliptin 50mg,Antidiabetic,BAT-023-474,PHARM-003,131,175.0,2026-09-17,2025-11-28,AVAILABLE,NONE
INV-001721,MED-005,Human Regular Insulin 100IU,Antidiabetic,BAT-005-594,PHARM-003,222,350.0,2026-09-30,2025-12-13,AVAILABLE,NONE
INV-001722,MED-002,Amoxicillin + Clavulanate 625mg,Antibiotic,BAT-002-270,PHARM-003,444,185.0,2026-08-26,2025-09-12,NEAR_EXPIRY,NONE
INV-001723,MED-004,Metformin 500mg SR,Antidiabetic,BAT-004-913,PHARM-003,146,45.0,2027-05-05,2026-04-09,AVAILABLE,NONE
INV-001724,MED-044,Thyroxine Sodium 50mcg,Endocrine,BAT-044-645,PHARM-003,132,125.0,2027-01-06,2025-10-26,AVAILABLE,NONE
INV-001725,MED-049,Aceclofenac + Paracetamol,Analgesic,BAT-049-621,PHARM-003,122,60.0,2026-09-26,2025-12-31,AVAILABLE,NONE
INV-001726,MED-039,Hydrochlorothiazide 12.5mg,Cardiovascular,BAT-039-378,PHARM-003,351,24.0,2026-08-16,2026-04-01,NEAR_EXPIRY,NONE
INV-001727,MED-001,Paracetamol 650mg,Analgesic,BAT-001-909,PHARM-003,204,32.5,2026-10-06,2025-10-26,AVAILABLE,NONE
INV-001728,MED-034,Methylprednisolone 16mg,Steroid,BAT-034-365,PHARM-003,201,110.0,2027-03-14,2026-02-10,AVAILABLE,NONE
INV-001729,MED-018,Enoxaparin 40mg Injection,Cardiovascular,BAT-018-665,PHARM-003,27,450.0,2026-08-15,2026-05-16,NEAR_EXPIRY,NONE
INV-001730,MED-041,Alprazolam 0.5mg,Psychiatric,BAT-041-251,PHARM-003,243,35.0,2027-03-01,2026-02-23,AVAILABLE,NONE
INV-001731,MED-051,Metronidazole 400mg,Antibiotic,BAT-051-152,PHARM-003,156,32.0,2027-01-29,2025-08-21,AVAILABLE,NONE
INV-001732,MED-008,Amlodipine 5mg,Cardiovascular,BAT-008-101,PHARM-003,103,38.0,2026-09-25,2026-01-19,AVAILABLE,NONE
INV-001733,MED-006,Atorvastatin 20mg,Cardiovascular,BAT-006-822,PHARM-003,23,95.0,2026-08-26,2025-10-07,NEAR_EXPIRY,NONE
INV-001734,MED-041,Alprazolam 0.5mg,Psychiatric,BAT-041-935,PHARM-003,207,35.0,2027-02-03,2026-07-10,AVAILABLE,NONE
INV-001735,MED-018,Enoxaparin 40mg Injection,Cardiovascular,BAT-018-280,PHARM-003,188,450.0,2027-07-16,2026-03-06,AVAILABLE,NONE
INV-001736,MED-056,Bisoprolol 2.5mg,Cardiovascular,BAT-056-896,PHARM-003,442,72.0,2026-08-20,2025-09-20,NEAR_EXPIRY,NONE
INV-001737,MED-017,Tramadol 50mg,Analgesic,BAT-017-990,PHARM-003,72,90.0,2026-10-01,2025-08-29,AVAILABLE,NONE
INV-001738,MED-053,Itraconazole 100mg,Antifungal,BAT-053-552,PHARM-003,151,165.0,2026-08-28,2026-03-25,NEAR_EXPIRY,NONE
INV-001739,MED-015,Budesonide Inhaler 200mcg,Respiratory,BAT-015-847,PHARM-003,176,280.0,2026-09-06,2025-12-05,NEAR_EXPIRY,NONE
INV-001740,MED-012,Ciprofloxacin 500mg,Antibiotic,BAT-012-935,PHARM-003,96,65.0,2026-08-18,2026-04-16,NEAR_EXPIRY,NONE
INV-001741,MED-002,Amoxicillin + Clavulanate 625mg,Antibiotic,BAT-002-417,PHARM-003,195,185.0,2027-05-03,2026-04-23,AVAILABLE,NONE
INV-001742,MED-039,Hydrochlorothiazide 12.5mg,Cardiovascular,BAT-039-292,PHARM-003,432,24.0,2026-08-18,2026-06-10,NEAR_EXPIRY,NONE
INV-001743,MED-026,Clopidogrel 75mg,Cardiovascular,BAT-026-202,PHARM-003,35,88.0,2026-08-21,2025-10-19,NEAR_EXPIRY,NONE
INV-001744,MED-025,Rosuvastatin 10mg,Cardiovascular,BAT-025-493,PHARM-003,34,110.0,2026-08-15,2026-07-05,NEAR_EXPIRY,NONE
INV-001745,MED-050,Loperamide 2mg,Gastrointestinal,BAT-050-185,PHARM-003,29,18.0,2026-08-20,2026-02-28,NEAR_EXPIRY,NONE
INV-001746,MED-051,Metronidazole 400mg,Antibiotic,BAT-051-208,PHARM-003,238,32.0,2027-04-05,2025-10-11,AVAILABLE,NONE
INV-001747,MED-046,Vitamin B-Complex + B12,Nutritional,BAT-046-187,PHARM-003,28,40.0,2026-08-21,2026-04-03,NEAR_EXPIRY,NONE
INV-001748,MED-020,Piperacillin + Tazobactam 4.5g,Antibiotic,BAT-020-439,PHARM-003,360,490.0,2026-08-15,2025-11-12,NEAR_EXPIRY,NONE
INV-001749,MED-008,Amlodipine 5mg,Cardiovascular,BAT-008-121,PHARM-003,180,38.0,2026-08-17,2026-06-23,NEAR_EXPIRY,NONE
INV-001750,MED-010,Omeprazole 20mg,Gastrointestinal,BAT-010-101,PHARM-003,118,55.0,2026-07-17,2026-03-23,EXPIRED,NONE
INV-001751,MED-010,Omeprazole 20mg,Gastrointestinal,BAT-010-461,PHARM-003,22,55.0,2026-09-12,2026-02-19,NEAR_EXPIRY,NONE
INV-001752,MED-008,Amlodipine 5mg,Cardiovascular,BAT-008-329,PHARM-003,111,38.0,2027-03-07,2026-05-24,AVAILABLE,NONE
INV-001753,MED-005,Human Regular Insulin 100IU,Antidiabetic,BAT-005-730,PHARM-003,38,350.0,2026-08-15,2026-01-26,NEAR_EXPIRY,NONE
INV-001754,MED-012,Ciprofloxacin 500mg,Antibiotic,BAT-012-538,PHARM-003,238,65.0,2026-08-27,2025-10-17,NEAR_EXPIRY,NONE
INV-001755,MED-044,Thyroxine Sodium 50mcg,Endocrine,BAT-044-408,PHARM-003,244,125.0,2027-04-10,2025-08-30,AVAILABLE,NONE
INV-001756,MED-007,Telmisartan 40mg,Cardiovascular,BAT-007-377,PHARM-003,227,78.0,2027-02-26,2025-11-02,AVAILABLE,NONE
INV-001757,MED-059,Empagliflozin 25mg,Antidiabetic,BAT-059-828,PHARM-003,219,290.0,2026-12-29,2026-06-06,AVAILABLE,NONE
INV-001758,MED-042,Escitalopram 10mg,Psychiatric,BAT-042-250,PHARM-003,33,85.0,2026-08-18,2026-02-02,NEAR_EXPIRY,NONE
INV-001759,MED-008,Amlodipine 5mg,Cardiovascular,BAT-008-691,PHARM-003,57,38.0,2027-03-05,2025-12-09,AVAILABLE,NONE
INV-001760,MED-006,Atorvastatin 20mg,Cardiovascular,BAT-006-430,PHARM-003,131,95.0,2026-08-18,2026-05-11,NEAR_EXPIRY,NONE
INV-001761,MED-031,Levofloxacin 500mg,Antibiotic,BAT-031-810,PHARM-003,105,95.0,2026-10-04,2025-12-16,AVAILABLE,NONE
INV-001762,MED-009,Pantoprazole 40mg,Gastrointestinal,BAT-009-921,PHARM-003,336,85.0,2026-09-08,2026-03-12,NEAR_EXPIRY,NONE
INV-001763,MED-053,Itraconazole 100mg,Antifungal,BAT-053-335,PHARM-003,23,165.0,2026-08-20,2025-12-31,NEAR_EXPIRY,NONE
INV-001764,MED-016,Ibuprofen 400mg,Analgesic,BAT-016-470,PHARM-003,21,28.0,2026-08-22,2026-07-14,NEAR_EXPIRY,NONE
INV-001765,MED-059,Empagliflozin 25mg,Antidiabetic,BAT-059-212,PHARM-003,237,290.0,2027-04-16,2026-06-15,AVAILABLE,NONE
INV-001766,MED-055,Betamethasone 0.5mg,Steroid,BAT-055-987,PHARM-003,36,15.0,2026-08-26,2026-05-05,NEAR_EXPIRY,NONE
INV-001767,MED-053,Itraconazole 100mg,Antifungal,BAT-053-329,PHARM-003,198,165.0,2026-12-13,2026-06-17,AVAILABLE,NONE
INV-001768,MED-046,Vitamin B-Complex + B12,Nutritional,BAT-046-246,PHARM-003,115,40.0,2027-05-19,2026-01-03,AVAILABLE,NONE
INV-001769,MED-004,Metformin 500mg SR,Antidiabetic,BAT-004-818,PHARM-003,142,45.0,2026-11-20,2026-05-22,AVAILABLE,NONE
INV-001770,MED-054,Ranitidine 150mg,Gastrointestinal,BAT-054-708,PHARM-003,56,25.0,2026-07-21,2026-04-26,EXPIRED,NONE
INV-001771,MED-006,Atorvastatin 20mg,Cardiovascular,BAT-006-350,PHARM-003,58,95.0,2026-07-18,2026-06-06,EXPIRED,NONE
INV-001772,MED-049,Aceclofenac + Paracetamol,Analgesic,BAT-049-286,PHARM-003,198,60.0,2027-07-11,2025-11-17,AVAILABLE,NONE
INV-001773,MED-020,Piperacillin + Tazobactam 4.5g,Antibiotic,BAT-020-581,PHARM-003,220,490.0,2027-05-29,2025-12-17,AVAILABLE,NONE
INV-001774,MED-042,Escitalopram 10mg,Psychiatric,BAT-042-811,PHARM-003,11,85.0,2026-08-26,2026-07-09,NEAR_EXPIRY,NONE
INV-001775,MED-033,Vancomycin 500mg Injection,Antibiotic,BAT-033-264,PHARM-003,341,420.0,2026-09-04,2026-07-10,NEAR_EXPIRY,NONE
INV-001776,MED-054,Ranitidine 150mg,Gastrointestinal,BAT-054-364,PHARM-003,78,25.0,2026-10-06,2025-09-26,AVAILABLE,NONE
INV-001777,MED-028,Ondansetron 4mg,Gastrointestinal,BAT-028-260,PHARM-003,116,42.0,2027-07-08,2026-02-26,AVAILABLE,NONE
INV-001778,MED-009,Pantoprazole 40mg,Gastrointestinal,BAT-009-860,PHARM-003,76,85.0,2026-09-15,2026-03-29,AVAILABLE,NONE
INV-001779,MED-026,Clopidogrel 75mg,Cardiovascular,BAT-026-288,PHARM-003,229,88.0,2026-09-16,2025-10-02,AVAILABLE,NONE
INV-001780,MED-045,Calcium 500mg + Vitamin D3,Nutritional,BAT-045-579,PHARM-003,22,65.0,2026-09-11,2025-11-13,NEAR_EXPIRY,NONE
INV-001781,MED-052,Fluconazole 150mg,Antifungal,BAT-052-480,PHARM-003,292,45.0,2026-08-15,2025-12-10,NEAR_EXPIRY,NONE
INV-001782,MED-050,Loperamide 2mg,Gastrointestinal,BAT-050-966,PHARM-003,61,18.0,2026-07-26,2026-01-25,EXPIRED,NONE
INV-001783,MED-035,Dexamethasone 4mg Injection,Steroid,BAT-035-209,PHARM-003,248,25.0,2026-08-22,2026-06-12,NEAR_EXPIRY,NONE
INV-001784,MED-013,Montelukast + Levocetirizine,Respiratory,BAT-013-753,PHARM-003,61,115.0,2026-08-24,2026-06-29,NEAR_EXPIRY,NONE
INV-001785,MED-003,Azithromycin 500mg,Antibiotic,BAT-003-149,PHARM-003,141,120.0,2026-08-17,2026-02-04,NEAR_EXPIRY,NONE
INV-001786,MED-026,Clopidogrel 75mg,Cardiovascular,BAT-026-612,PHARM-003,33,88.0,2026-09-03,2026-04-07,NEAR_EXPIRY,NONE
INV-001787,MED-045,Calcium 500mg + Vitamin D3,Nutritional,BAT-045-790,PHARM-003,13,65.0,2026-09-07,2026-05-27,NEAR_EXPIRY,NONE
INV-001788,MED-002,Amoxicillin + Clavulanate 625mg,Antibiotic,BAT-002-701,PHARM-003,238,185.0,2026-10-11,2026-01-01,AVAILABLE,NONE
INV-001789,MED-003,Azithromycin 500mg,Antibiotic,BAT-003-397,PHARM-003,443,120.0,2026-08-18,2026-04-24,NEAR_EXPIRY,NONE
INV-001790,MED-015,Budesonide Inhaler 200mcg,Respiratory,BAT-015-320,PHARM-003,148,280.0,2027-01-04,2026-05-04,AVAILABLE,NONE
INV-001791,MED-034,Methylprednisolone 16mg,Steroid,BAT-034-846,PHARM-003,134,110.0,2027-04-06,2025-09-07,AVAILABLE,NONE
INV-001792,MED-051,Metronidazole 400mg,Antibiotic,BAT-051-234,PHARM-003,210,32.0,2026-09-10,2026-01-23,NEAR_EXPIRY,NONE
INV-001793,MED-050,Loperamide 2mg,Gastrointestinal,BAT-050-799,PHARM-003,29,18.0,2026-09-10,2025-12-29,NEAR_EXPIRY,NONE
INV-001794,MED-037,Cetirizine 10mg,Antihistamine,BAT-037-742,PHARM-003,14,20.0,2026-08-15,2025-11-03,NEAR_EXPIRY,NONE
INV-001795,MED-032,Linezolid 600mg,Antibiotic,BAT-032-196,PHARM-003,271,340.0,2026-08-31,2025-11-25,NEAR_EXPIRY,NONE
INV-001796,MED-024,Dapagliflozin 10mg,Antidiabetic,BAT-024-461,PHARM-003,86,220.0,2026-07-15,2026-05-31,EXPIRED,NONE
INV-001797,MED-031,Levofloxacin 500mg,Antibiotic,BAT-031-362,PHARM-003,51,95.0,2026-12-24,2025-12-01,AVAILABLE,NONE
INV-001798,MED-037,Cetirizine 10mg,Antihistamine,BAT-037-599,PHARM-003,419,20.0,2026-08-31,2026-06-25,NEAR_EXPIRY,NONE
INV-001799,MED-059,Empagliflozin 25mg,Antidiabetic,BAT-059-796,PHARM-003,236,290.0,2026-09-30,2026-05-10,AVAILABLE,NONE
INV-001800,MED-040,Spironolactone 25mg,Cardiovascular,BAT-040-421,PHARM-003,267,48.0,2026-08-18,2026-01-05,NEAR_EXPIRY,NONE
INV-001801,MED-003,Azithromycin 500mg,Antibiotic,BAT-003-735,PHARM-003,199,120.0,2026-07-29,2025-08-20,EXPIRED,NONE
INV-001802,MED-053,Itraconazole 100mg,Antifungal,BAT-053-674,PHARM-003,240,165.0,2026-08-15,2026-07-11,NEAR_EXPIRY,NONE
INV-001803,MED-026,Clopidogrel 75mg,Cardiovascular,BAT-026-974,PHARM-003,73,88.0,2026-09-05,2026-06-08,NEAR_EXPIRY,NONE
INV-001804,MED-030,Doxycycline 100mg,Antibiotic,BAT-030-757,PHARM-003,47,68.0,2027-06-09,2025-10-15,AVAILABLE,NONE
INV-001805,MED-006,Atorvastatin 20mg,Cardiovascular,BAT-006-284,PHARM-003,216,95.0,2027-05-05,2026-05-21,AVAILABLE,NONE
INV-001806,MED-028,Ondansetron 4mg,Gastrointestinal,BAT-028-304,PHARM-003,254,42.0,2026-09-01,2025-12-22,NEAR_EXPIRY,NONE
INV-001807,MED-048,Diclofenac Sodium 50mg,Analgesic,BAT-048-587,PHARM-003,89,30.0,2026-08-23,2026-05-18,NEAR_EXPIRY,NONE
INV-001808,MED-010,Omeprazole 20mg,Gastrointestinal,BAT-010-755,PHARM-003,147,55.0,2026-08-23,2026-03-28,NEAR_EXPIRY,NONE
INV-001809,MED-051,Metronidazole 400mg,Antibiotic,BAT-051-540,PHARM-003,443,32.0,2026-08-28,2025-11-15,NEAR_EXPIRY,NONE
INV-001810,MED-028,Ondansetron 4mg,Gastrointestinal,BAT-028-376,PHARM-003,56,42.0,2026-09-16,2026-03-08,AVAILABLE,NONE
INV-001811,MED-005,Human Regular Insulin 100IU,Antidiabetic,BAT-005-380,PHARM-003,165,350.0,2026-08-21,2025-12-20,NEAR_EXPIRY,NONE
INV-001812,MED-034,Methylprednisolone 16mg,Steroid,BAT-034-319,PHARM-003,159,110.0,2026-08-15,2026-03-05,NEAR_EXPIRY,NONE
INV-001813,MED-011,Cefixime 200mg,Antibiotic,BAT-011-303,PHARM-003,141,140.0,2027-06-17,2026-01-18,AVAILABLE,NONE
INV-001814,MED-035,Dexamethasone 4mg Injection,Steroid,BAT-035-805,PHARM-003,110,25.0,2027-05-25,2026-04-24,AVAILABLE,NONE
INV-001815,MED-059,Empagliflozin 25mg,Antidiabetic,BAT-059-809,PHARM-003,219,290.0,2026-08-22,2025-09-26,NEAR_EXPIRY,NONE
INV-001816,MED-043,Sertraline 50mg,Psychiatric,BAT-043-692,PHARM-003,36,105.0,2026-08-20,2025-09-03,NEAR_EXPIRY,NONE
INV-001817,MED-058,Sitagliptin 100mg,Antidiabetic,BAT-058-569,PHARM-003,49,240.0,2026-09-24,2026-05-01,AVAILABLE,NONE
INV-001818,MED-051,Metronidazole 400mg,Antibiotic,BAT-051-790,PHARM-003,82,32.0,2026-08-22,2025-12-19,NEAR_EXPIRY,NONE
INV-001819,MED-041,Alprazolam 0.5mg,Psychiatric,BAT-041-692,PHARM-003,127,35.0,2026-08-01,2026-05-27,EXPIRED,NONE
INV-001820,MED-045,Calcium 500mg + Vitamin D3,Nutritional,BAT-045-659,PHARM-003,109,65.0,2026-09-20,2026-04-21,AVAILABLE,NONE
INV-001821,MED-014,Salbutamol Inhaler 100mcg,Respiratory,BAT-014-295,PHARM-003,228,160.0,2027-04-21,2025-09-23,AVAILABLE,NONE
INV-001822,MED-024,Dapagliflozin 10mg,Antidiabetic,BAT-024-116,PHARM-003,229,220.0,2027-06-28,2026-02-11,AVAILABLE,NONE
INV-001823,MED-056,Bisoprolol 2.5mg,Cardiovascular,BAT-056-227,PHARM-003,125,72.0,2026-09-28,2025-11-02,AVAILABLE,NONE
INV-001824,MED-027,Aspirin 75mg Gastro-resistant,Cardiovascular,BAT-027-460,PHARM-003,153,22.0,2027-05-20,2026-01-16,AVAILABLE,NONE
INV-001825,MED-049,Aceclofenac + Paracetamol,Analgesic,BAT-049-443,PHARM-003,129,60.0,2027-06-05,2026-05-18,AVAILABLE,NONE
INV-001826,MED-024,Dapagliflozin 10mg,Antidiabetic,BAT-024-281,PHARM-003,131,220.0,2026-10-01,2025-10-05,AVAILABLE,NONE
INV-001827,MED-025,Rosuvastatin 10mg,Cardiovascular,BAT-025-391,PHARM-003,178,110.0,2026-10-06,2025-12-04,AVAILABLE,NONE
INV-001828,MED-060,Albumin Human 20% 100ml,Critical Care,BAT-060-977,PHARM-003,42,3200.0,2026-12-06,2026-05-26,AVAILABLE,NONE
INV-001829,MED-042,Escitalopram 10mg,Psychiatric,BAT-042-116,PHARM-003,147,85.0,2026-12-06,2025-09-03,AVAILABLE,NONE
INV-001830,MED-048,Diclofenac Sodium 50mg,Analgesic,BAT-048-869,PHARM-003,182,30.0,2026-12-04,2025-08-30,AVAILABLE,NONE
INV-001831,MED-029,Rabeprazole 20mg,Gastrointestinal,BAT-029-615,PHARM-003,238,75.0,2027-03-11,2025-09-21,AVAILABLE,NONE
INV-001832,MED-027,Aspirin 75mg Gastro-resistant,Cardiovascular,BAT-027-316,PHARM-003,117,22.0,2027-07-23,2026-03-23,AVAILABLE,NONE
INV-001833,MED-008,Amlodipine 5mg,Cardiovascular,BAT-008-300,PHARM-003,223,38.0,2027-04-11,2025-11-17,AVAILABLE,NONE
INV-001834,MED-059,Empagliflozin 25mg,Antidiabetic,BAT-059-575,PHARM-003,200,290.0,2027-09-09,2025-12-16,AVAILABLE,NONE
INV-001835,MED-051,Metronidazole 400mg,Antibiotic,BAT-051-858,PHARM-003,220,32.0,2026-07-21,2025-12-25,EXPIRED,NONE
INV-001836,MED-015,Budesonide Inhaler 200mcg,Respiratory,BAT-015-619,PHARM-003,128,280.0,2026-09-12,2026-02-20,NEAR_EXPIRY,NONE
INV-001837,MED-044,Thyroxine Sodium 50mcg,Endocrine,BAT-044-347,PHARM-003,28,125.0,2027-05-14,2026-07-13,AVAILABLE,NONE
INV-001838,MED-001,Paracetamol 650mg,Analgesic,BAT-001-126,PHARM-003,229,32.5,2027-07-06,2026-04-28,AVAILABLE,NONE
INV-001839,MED-048,Diclofenac Sodium 50mg,Analgesic,BAT-048-714,PHARM-003,111,30.0,2026-09-09,2026-02-03,NEAR_EXPIRY,NONE
INV-001840,MED-013,Montelukast + Levocetirizine,Respiratory,BAT-013-731,PHARM-003,232,115.0,2026-08-23,2025-08-20,NEAR_EXPIRY,NONE
INV-001841,MED-025,Rosuvastatin 10mg,Cardiovascular,BAT-025-845,PHARM-003,152,110.0,2026-09-24,2026-04-18,AVAILABLE,NONE
INV-001842,MED-011,Cefixime 200mg,Antibiotic,BAT-011-547,PHARM-003,230,140.0,2026-08-21,2026-03-19,NEAR_EXPIRY,NONE
INV-001843,MED-037,Cetirizine 10mg,Antihistamine,BAT-037-903,PHARM-003,86,20.0,2027-08-31,2025-12-27,AVAILABLE,NONE
INV-001844,MED-054,Ranitidine 150mg,Gastrointestinal,BAT-054-666,PHARM-003,43,25.0,2027-01-26,2026-04-25,AVAILABLE,NONE
INV-001845,MED-006,Atorvastatin 20mg,Cardiovascular,BAT-006-126,PHARM-003,59,95.0,2026-07-07,2025-12-04,EXPIRED,NONE
INV-001846,MED-002,Amoxicillin + Clavulanate 625mg,Antibiotic,BAT-002-732,PHARM-003,166,185.0,2026-11-23,2025-10-10,AVAILABLE,NONE
INV-001847,MED-025,Rosuvastatin 10mg,Cardiovascular,BAT-025-125,PHARM-003,181,110.0,2027-09-03,2026-05-10,AVAILABLE,NONE
INV-001848,MED-050,Loperamide 2mg,Gastrointestinal,BAT-050-466,PHARM-003,19,18.0,2026-08-29,2026-04-11,NEAR_EXPIRY,NONE
INV-001849,MED-047,Iron + Folic Acid Tablets,Nutritional,BAT-047-898,PHARM-003,33,50.0,2027-09-16,2026-01-03,AVAILABLE,NONE
INV-001850,MED-018,Enoxaparin 40mg Injection,Cardiovascular,BAT-018-184,PHARM-003,168,450.0,2026-10-04,2026-05-03,AVAILABLE,NONE
INV-001851,MED-056,Bisoprolol 2.5mg,Cardiovascular,BAT-056-205,PHARM-003,51,72.0,2026-10-03,2026-05-20,AVAILABLE,NONE
INV-001852,MED-007,Telmisartan 40mg,Cardiovascular,BAT-007-245,PHARM-003,69,78.0,2026-08-27,2026-02-21,NEAR_EXPIRY,NONE
INV-001853,MED-059,Empagliflozin 25mg,Antidiabetic,BAT-059-958,PHARM-003,35,290.0,2026-09-06,2026-03-31,NEAR_EXPIRY,NONE
INV-001854,MED-032,Linezolid 600mg,Antibiotic,BAT-032-740,PHARM-003,130,340.0,2026-09-04,2026-06-06,NEAR_EXPIRY,NONE
INV-001855,MED-052,Fluconazole 150mg,Antifungal,BAT-052-264,PHARM-003,58,45.0,2026-08-27,2026-04-14,NEAR_EXPIRY,NONE
INV-001856,MED-023,Vildagliptin 50mg,Antidiabetic,BAT-023-595,PHARM-003,60,175.0,2026-09-14,2025-09-04,AVAILABLE,NONE
INV-001857,MED-034,Methylprednisolone 16mg,Steroid,BAT-034-859,PHARM-003,175,110.0,2027-01-20,2026-03-07,AVAILABLE,NONE
INV-001858,MED-002,Amoxicillin + Clavulanate 625mg,Antibiotic,BAT-002-648,PHARM-003,59,185.0,2026-10-08,2026-07-04,AVAILABLE,NONE
INV-001859,MED-014,Salbutamol Inhaler 100mcg,Respiratory,BAT-014-987,PHARM-003,10,160.0,2026-08-16,2026-01-10,NEAR_EXPIRY,NONE
INV-001860,MED-006,Atorvastatin 20mg,Cardiovascular,BAT-006-845,PHARM-003,289,95.0,2026-09-06,2026-05-12,NEAR_EXPIRY,NONE
INV-001861,MED-036,Prednisolone 10mg,Steroid,BAT-036-767,PHARM-003,146,30.0,2026-10-09,2026-02-15,AVAILABLE,NONE
INV-001862,MED-028,Ondansetron 4mg,Gastrointestinal,BAT-028-624,PHARM-003,64,42.0,2027-02-19,2025-12-23,AVAILABLE,NONE
INV-001863,MED-013,Montelukast + Levocetirizine,Respiratory,BAT-013-803,PHARM-003,169,115.0,2026-12-05,2026-02-22,AVAILABLE,NONE
INV-001864,MED-051,Metronidazole 400mg,Antibiotic,BAT-051-884,PHARM-003,174,32.0,2026-08-28,2025-09-18,NEAR_EXPIRY,NONE
INV-001865,MED-028,Ondansetron 4mg,Gastrointestinal,BAT-028-710,PHARM-003,47,42.0,2027-08-28,2026-02-26,AVAILABLE,NONE
INV-001866,MED-039,Hydrochlorothiazide 12.5mg,Cardiovascular,BAT-039-492,PHARM-003,21,24.0,2026-08-17,2025-12-08,NEAR_EXPIRY,NONE
INV-001867,MED-057,Carvedilol 6.25mg,Cardiovascular,BAT-057-134,PHARM-003,19,54.0,2026-09-04,2025-10-27,NEAR_EXPIRY,NONE
INV-001868,MED-008,Amlodipine 5mg,Cardiovascular,BAT-008-284,PHARM-003,111,38.0,2026-09-19,2026-01-31,AVAILABLE,NONE
INV-001869,MED-016,Ibuprofen 400mg,Analgesic,BAT-016-174,PHARM-003,57,28.0,2027-04-22,2026-03-27,AVAILABLE,NONE
INV-001870,MED-050,Loperamide 2mg,Gastrointestinal,BAT-050-421,PHARM-003,22,18.0,2026-06-30,2026-05-14,EXPIRED,NONE
INV-001871,MED-046,Vitamin B-Complex + B12,Nutritional,BAT-046-436,PHARM-003,102,40.0,2026-10-09,2026-03-28,AVAILABLE,NONE
INV-001872,MED-058,Sitagliptin 100mg,Antidiabetic,BAT-058-338,PHARM-003,174,240.0,2026-07-26,2025-10-01,EXPIRED,NONE
INV-001873,MED-014,Salbutamol Inhaler 100mcg,Respiratory,BAT-014-639,PHARM-003,346,160.0,2026-08-17,2026-03-26,NEAR_EXPIRY,NONE
INV-001874,MED-027,Aspirin 75mg Gastro-resistant,Cardiovascular,BAT-027-798,PHARM-003,100,22.0,2026-09-01,2025-12-05,NEAR_EXPIRY,NONE
INV-001875,MED-032,Linezolid 600mg,Antibiotic,BAT-032-147,PHARM-003,135,340.0,2026-09-17,2026-02-25,AVAILABLE,NONE
INV-001876,MED-011,Cefixime 200mg,Antibiotic,BAT-011-715,PHARM-003,167,140.0,2026-09-21,2026-01-29,AVAILABLE,NONE
INV-001877,MED-002,Amoxicillin + Clavulanate 625mg,Antibiotic,BAT-002-391,PHARM-003,167,185.0,2026-10-11,2026-07-06,AVAILABLE,NONE
INV-001878,MED-001,Paracetamol 650mg,Analgesic,BAT-001-572,PHARM-003,286,32.5,2026-08-18,2026-02-20,NEAR_EXPIRY,NONE
INV-001879,MED-002,Amoxicillin + Clavulanate 625mg,Antibiotic,BAT-002-171,PHARM-003,127,185.0,2026-08-21,2025-11-17,NEAR_EXPIRY,NONE
INV-001880,MED-049,Aceclofenac + Paracetamol,Analgesic,BAT-049-454,PHARM-003,146,60.0,2026-07-24,2025-12-23,EXPIRED,NONE
INV-001881,MED-040,Spironolactone 25mg,Cardiovascular,BAT-040-148,PHARM-003,81,48.0,2026-09-05,2025-12-26,NEAR_EXPIRY,NONE
INV-001882,MED-040,Spironolactone 25mg,Cardiovascular,BAT-040-205,PHARM-003,282,48.0,2026-08-22,2026-07-01,NEAR_EXPIRY,NONE
INV-001883,MED-047,Iron + Folic Acid Tablets,Nutritional,BAT-047-546,PHARM-003,408,50.0,2026-08-16,2026-03-22,NEAR_EXPIRY,NONE
INV-001884,MED-001,Paracetamol 650mg,Analgesic,BAT-001-804,PHARM-003,62,32.5,2026-08-23,2026-06-19,NEAR_EXPIRY,NONE
INV-001885,MED-005,Human Regular Insulin 100IU,Antidiabetic,BAT-005-370,PHARM-003,89,350.0,2027-04-26,2026-01-28,AVAILABLE,NONE
INV-001886,MED-045,Calcium 500mg + Vitamin D3,Nutritional,BAT-045-274,PHARM-003,52,65.0,2026-09-17,2026-05-06,AVAILABLE,NONE
INV-001887,MED-021,Losartan 50mg,Cardiovascular,BAT-021-982,PHARM-003,183,62.0,2027-05-13,2026-05-01,AVAILABLE,NONE
INV-001888,MED-029,Rabeprazole 20mg,Gastrointestinal,BAT-029-784,PHARM-003,167,75.0,2026-09-21,2026-05-14,AVAILABLE,NONE
INV-001889,MED-031,Levofloxacin 500mg,Antibiotic,BAT-031-777,PHARM-003,217,95.0,2027-03-27,2025-11-07,AVAILABLE,NONE
INV-001890,MED-047,Iron + Folic Acid Tablets,Nutritional,BAT-047-594,PHARM-003,290,50.0,2026-08-21,2026-03-22,NEAR_EXPIRY,NONE
INV-001891,MED-054,Ranitidine 150mg,Gastrointestinal,BAT-054-993,PHARM-003,197,25.0,2027-01-27,2026-03-13,AVAILABLE,NONE
INV-001892,MED-005,Human Regular Insulin 100IU,Antidiabetic,BAT-005-176,PHARM-003,191,350.0,2026-08-13,2025-11-04,EXPIRED,NONE
INV-001893,MED-014,Salbutamol Inhaler 100mcg,Respiratory,BAT-014-579,PHARM-003,408,160.0,2026-08-15,2025-12-30,NEAR_EXPIRY,NONE
INV-001894,MED-049,Aceclofenac + Paracetamol,Analgesic,BAT-049-640,PHARM-003,201,60.0,2027-03-22,2025-10-25,AVAILABLE,NONE
INV-001895,MED-030,Doxycycline 100mg,Antibiotic,BAT-030-771,PHARM-003,53,68.0,2026-12-07,2026-04-28,AVAILABLE,NONE
INV-001896,MED-015,Budesonide Inhaler 200mcg,Respiratory,BAT-015-472,PHARM-003,151,280.0,2027-08-27,2025-12-30,AVAILABLE,NONE
INV-001897,MED-013,Montelukast + Levocetirizine,Respiratory,BAT-013-898,PHARM-003,92,115.0,2026-08-17,2025-12-23,NEAR_EXPIRY,NONE
INV-001898,MED-056,Bisoprolol 2.5mg,Cardiovascular,BAT-056-691,PHARM-003,33,72.0,2026-08-15,2026-05-24,NEAR_EXPIRY,NONE
INV-001899,MED-058,Sitagliptin 100mg,Antidiabetic,BAT-058-571,PHARM-003,165,240.0,2026-09-06,2026-04-11,NEAR_EXPIRY,NONE
INV-001900,MED-008,Amlodipine 5mg,Cardiovascular,BAT-008-663,PHARM-003,151,38.0,2026-08-28,2026-06-02,NEAR_EXPIRY,NONE
INV-001901,MED-033,Vancomycin 500mg Injection,Antibiotic,BAT-033-441,PHARM-003,45,420.0,2026-09-25,2026-06-18,AVAILABLE,NONE
INV-001902,MED-004,Metformin 500mg SR,Antidiabetic,BAT-004-764,PHARM-003,69,45.0,2027-05-18,2026-01-01,AVAILABLE,NONE
INV-001903,MED-019,Meropenem 1g Injection,Antibiotic,BAT-019-293,PHARM-003,176,850.0,2026-08-17,2025-12-21,NEAR_EXPIRY,NONE
INV-001904,MED-007,Telmisartan 40mg,Cardiovascular,BAT-007-797,PHARM-003,76,78.0,2026-09-17,2026-06-20,AVAILABLE,NONE
INV-001905,MED-008,Amlodipine 5mg,Cardiovascular,BAT-008-154,PHARM-003,36,38.0,2026-09-21,2026-06-27,AVAILABLE,NONE
INV-001906,MED-035,Dexamethasone 4mg Injection,Steroid,BAT-035-203,PHARM-003,153,25.0,2026-09-10,2026-02-24,NEAR_EXPIRY,NONE
INV-001907,MED-007,Telmisartan 40mg,Cardiovascular,BAT-007-325,PHARM-003,221,78.0,2026-09-19,2026-02-28,AVAILABLE,NONE
INV-001908,MED-014,Salbutamol Inhaler 100mcg,Respiratory,BAT-014-455,PHARM-003,19,160.0,2026-09-10,2025-08-23,NEAR_EXPIRY,NONE
INV-001909,MED-033,Vancomycin 500mg Injection,Antibiotic,BAT-033-817,PHARM-003,238,420.0,2026-09-23,2025-08-31,AVAILABLE,NONE
INV-001910,MED-059,Empagliflozin 25mg,Antidiabetic,BAT-059-804,PHARM-003,92,290.0,2026-08-20,2026-03-15,NEAR_EXPIRY,NONE
INV-001911,MED-058,Sitagliptin 100mg,Antidiabetic,BAT-058-566,PHARM-003,129,240.0,2027-06-13,2026-05-04,AVAILABLE,NONE
INV-001912,MED-022,Glimepiride 2mg,Antidiabetic,BAT-022-121,PHARM-003,63,52.0,2026-11-22,2026-04-16,AVAILABLE,NONE
INV-001913,MED-044,Thyroxine Sodium 50mcg,Endocrine,BAT-044-878,PHARM-003,169,125.0,2026-09-29,2026-07-11,AVAILABLE,NONE
INV-001914,MED-001,Paracetamol 650mg,Analgesic,BAT-001-600,PHARM-003,229,32.5,2026-09-15,2026-03-11,AVAILABLE,NONE
INV-001915,MED-002,Amoxicillin + Clavulanate 625mg,Antibiotic,BAT-002-680,PHARM-003,148,185.0,2027-07-09,2026-02-17,AVAILABLE,NONE
INV-001916,MED-049,Aceclofenac + Paracetamol,Analgesic,BAT-049-250,PHARM-004,135,60.0,2026-08-21,2026-05-28,NEAR_EXPIRY,NONE
INV-001917,MED-048,Diclofenac Sodium 50mg,Analgesic,BAT-048-459,PHARM-004,18,30.0,2026-09-06,2025-10-09,NEAR_EXPIRY,NONE
INV-001918,MED-053,Itraconazole 100mg,Antifungal,BAT-053-461,PHARM-004,218,165.0,2027-07-06,2026-02-11,AVAILABLE,NONE
INV-001919,MED-043,Sertraline 50mg,Psychiatric,BAT-043-977,PHARM-004,195,105.0,2026-09-22,2025-09-13,AVAILABLE,NONE
INV-001920,MED-034,Methylprednisolone 16mg,Steroid,BAT-034-845,PHARM-004,239,110.0,2026-07-18,2025-08-22,EXPIRED,NONE
INV-001921,MED-015,Budesonide Inhaler 200mcg,Respiratory,BAT-015-775,PHARM-004,17,280.0,2026-08-22,2026-05-04,NEAR_EXPIRY,NONE
INV-001922,MED-048,Diclofenac Sodium 50mg,Analgesic,BAT-048-191,PHARM-004,183,30.0,2027-04-25,2026-04-07,AVAILABLE,NONE
INV-001923,MED-007,Telmisartan 40mg,Cardiovascular,BAT-007-380,PHARM-004,244,78.0,2027-06-01,2025-08-29,AVAILABLE,NONE
INV-001924,MED-034,Methylprednisolone 16mg,Steroid,BAT-034-279,PHARM-004,247,110.0,2027-04-10,2026-03-02,AVAILABLE,NONE
INV-001925,MED-022,Glimepiride 2mg,Antidiabetic,BAT-022-500,PHARM-004,99,52.0,2026-09-22,2025-09-17,AVAILABLE,NONE
INV-001926,MED-013,Montelukast + Levocetirizine,Respiratory,BAT-013-142,PHARM-004,233,115.0,2026-09-24,2025-09-22,AVAILABLE,NONE
INV-001927,MED-040,Spironolactone 25mg,Cardiovascular,BAT-040-225,PHARM-004,222,48.0,2027-07-31,2025-12-06,AVAILABLE,NONE
INV-001928,MED-051,Metronidazole 400mg,Antibiotic,BAT-051-455,PHARM-004,319,32.0,2026-08-15,2026-02-18,NEAR_EXPIRY,NONE
INV-001929,MED-010,Omeprazole 20mg,Gastrointestinal,BAT-010-635,PHARM-004,61,55.0,2026-10-05,2026-02-17,AVAILABLE,NONE
INV-001930,MED-020,Piperacillin + Tazobactam 4.5g,Antibiotic,BAT-020-598,PHARM-004,23,490.0,2026-07-26,2026-02-18,EXPIRED,NONE
INV-001931,MED-030,Doxycycline 100mg,Antibiotic,BAT-030-141,PHARM-004,63,68.0,2026-09-09,2026-03-26,NEAR_EXPIRY,NONE
INV-001932,MED-001,Paracetamol 650mg,Analgesic,BAT-001-540,PHARM-004,32,32.5,2026-10-14,2026-01-16,AVAILABLE,NONE
INV-001933,MED-017,Tramadol 50mg,Analgesic,BAT-017-241,PHARM-004,190,90.0,2027-06-28,2026-01-17,AVAILABLE,NONE
INV-001934,MED-050,Loperamide 2mg,Gastrointestinal,BAT-050-674,PHARM-004,56,18.0,2027-03-01,2026-04-27,AVAILABLE,NONE
INV-001935,MED-047,Iron + Folic Acid Tablets,Nutritional,BAT-047-301,PHARM-004,94,50.0,2026-09-16,2025-12-06,AVAILABLE,NONE
INV-001936,MED-015,Budesonide Inhaler 200mcg,Respiratory,BAT-015-132,PHARM-004,227,280.0,2027-02-18,2025-11-15,AVAILABLE,NONE
INV-001937,MED-044,Thyroxine Sodium 50mcg,Endocrine,BAT-044-752,PHARM-004,45,125.0,2026-10-12,2025-12-30,AVAILABLE,NONE
INV-001938,MED-058,Sitagliptin 100mg,Antidiabetic,BAT-058-367,PHARM-004,164,240.0,2026-09-19,2026-02-11,AVAILABLE,NONE
INV-001939,MED-028,Ondansetron 4mg,Gastrointestinal,BAT-028-795,PHARM-004,194,42.0,2026-12-24,2026-01-31,AVAILABLE,NONE
INV-001940,MED-050,Loperamide 2mg,Gastrointestinal,BAT-050-304,PHARM-004,16,18.0,2026-08-19,2026-03-09,NEAR_EXPIRY,NONE
INV-001941,MED-020,Piperacillin + Tazobactam 4.5g,Antibiotic,BAT-020-680,PHARM-004,116,490.0,2026-09-19,2025-08-28,AVAILABLE,NONE
INV-001942,MED-051,Metronidazole 400mg,Antibiotic,BAT-051-996,PHARM-004,328,32.0,2026-08-19,2025-12-04,NEAR_EXPIRY,NONE
INV-001943,MED-046,Vitamin B-Complex + B12,Nutritional,BAT-046-466,PHARM-004,23,40.0,2026-09-05,2025-11-18,NEAR_EXPIRY,NONE
INV-001944,MED-059,Empagliflozin 25mg,Antidiabetic,BAT-059-672,PHARM-004,42,290.0,2027-05-17,2026-07-02,AVAILABLE,NONE
INV-001945,MED-049,Aceclofenac + Paracetamol,Analgesic,BAT-049-243,PHARM-004,168,60.0,2027-02-15,2025-09-04,AVAILABLE,NONE
INV-001946,MED-033,Vancomycin 500mg Injection,Antibiotic,BAT-033-482,PHARM-004,164,420.0,2026-10-12,2026-05-11,AVAILABLE,NONE
INV-001947,MED-057,Carvedilol 6.25mg,Cardiovascular,BAT-057-400,PHARM-004,52,54.0,2027-05-03,2026-06-18,AVAILABLE,NONE
INV-001948,MED-026,Clopidogrel 75mg,Cardiovascular,BAT-026-786,PHARM-004,243,88.0,2026-10-08,2026-07-12,AVAILABLE,NONE
INV-001949,MED-034,Methylprednisolone 16mg,Steroid,BAT-034-571,PHARM-004,285,110.0,2026-08-17,2026-06-18,NEAR_EXPIRY,NONE
INV-001950,MED-007,Telmisartan 40mg,Cardiovascular,BAT-007-941,PHARM-004,104,78.0,2026-10-06,2026-02-17,AVAILABLE,NONE
INV-001951,MED-056,Bisoprolol 2.5mg,Cardiovascular,BAT-056-162,PHARM-004,209,72.0,2027-07-02,2026-05-14,AVAILABLE,NONE
INV-001952,MED-046,Vitamin B-Complex + B12,Nutritional,BAT-046-154,PHARM-004,209,40.0,2026-10-01,2026-04-02,AVAILABLE,NONE
INV-001953,MED-032,Linezolid 600mg,Antibiotic,BAT-032-239,PHARM-004,238,340.0,2027-09-06,2026-03-23,AVAILABLE,NONE
INV-001954,MED-010,Omeprazole 20mg,Gastrointestinal,BAT-010-408,PHARM-004,359,55.0,2026-08-22,2025-08-28,NEAR_EXPIRY,NONE
INV-001955,MED-013,Montelukast + Levocetirizine,Respiratory,BAT-013-217,PHARM-004,245,115.0,2026-07-06,2026-06-11,EXPIRED,NONE
INV-001956,MED-008,Amlodipine 5mg,Cardiovascular,BAT-008-632,PHARM-004,413,38.0,2026-08-25,2026-05-27,NEAR_EXPIRY,NONE
INV-001957,MED-029,Rabeprazole 20mg,Gastrointestinal,BAT-029-500,PHARM-004,123,75.0,2027-03-16,2026-06-17,AVAILABLE,NONE
INV-001958,MED-031,Levofloxacin 500mg,Antibiotic,BAT-031-288,PHARM-004,86,95.0,2027-07-20,2026-03-17,AVAILABLE,NONE
INV-001959,MED-053,Itraconazole 100mg,Antifungal,BAT-053-727,PHARM-004,51,165.0,2027-08-25,2025-12-03,AVAILABLE,NONE
INV-001960,MED-028,Ondansetron 4mg,Gastrointestinal,BAT-028-249,PHARM-004,229,42.0,2026-08-04,2025-08-24,EXPIRED,NONE
INV-001961,MED-048,Diclofenac Sodium 50mg,Analgesic,BAT-048-773,PHARM-004,101,30.0,2026-08-20,2026-03-14,NEAR_EXPIRY,NONE
INV-001962,MED-019,Meropenem 1g Injection,Antibiotic,BAT-019-396,PHARM-004,114,850.0,2027-06-23,2026-05-25,AVAILABLE,NONE
INV-001963,MED-043,Sertraline 50mg,Psychiatric,BAT-043-381,PHARM-004,156,105.0,2026-08-25,2025-12-27,NEAR_EXPIRY,NONE
INV-001964,MED-010,Omeprazole 20mg,Gastrointestinal,BAT-010-128,PHARM-004,119,55.0,2026-10-02,2026-02-20,AVAILABLE,NONE
INV-001965,MED-001,Paracetamol 650mg,Analgesic,BAT-001-694,PHARM-004,248,32.5,2026-07-03,2026-02-10,EXPIRED,NONE
INV-001966,MED-043,Sertraline 50mg,Psychiatric,BAT-043-734,PHARM-004,55,105.0,2026-07-22,2025-11-30,EXPIRED,NONE
INV-001967,MED-030,Doxycycline 100mg,Antibiotic,BAT-030-840,PHARM-004,419,68.0,2026-08-27,2025-11-23,NEAR_EXPIRY,NONE
INV-001968,MED-014,Salbutamol Inhaler 100mcg,Respiratory,BAT-014-457,PHARM-004,290,160.0,2026-08-24,2025-10-20,NEAR_EXPIRY,NONE
INV-001969,MED-047,Iron + Folic Acid Tablets,Nutritional,BAT-047-676,PHARM-004,221,50.0,2026-10-11,2026-01-23,AVAILABLE,NONE
INV-001970,MED-009,Pantoprazole 40mg,Gastrointestinal,BAT-009-385,PHARM-004,234,85.0,2026-11-17,2026-02-10,AVAILABLE,NONE
INV-001971,MED-042,Escitalopram 10mg,Psychiatric,BAT-042-595,PHARM-004,188,85.0,2027-08-20,2026-01-04,AVAILABLE,NONE
INV-001972,MED-012,Ciprofloxacin 500mg,Antibiotic,BAT-012-689,PHARM-004,86,65.0,2027-07-10,2025-10-29,AVAILABLE,NONE
INV-001973,MED-009,Pantoprazole 40mg,Gastrointestinal,BAT-009-814,PHARM-004,109,85.0,2026-10-02,2026-01-31,AVAILABLE,NONE
INV-001974,MED-038,Fexofenadine 120mg,Antihistamine,BAT-038-732,PHARM-004,238,82.0,2026-08-12,2025-12-21,EXPIRED,NONE
INV-001975,MED-047,Iron + Folic Acid Tablets,Nutritional,BAT-047-262,PHARM-004,25,50.0,2026-08-15,2026-03-19,NEAR_EXPIRY,NONE
INV-001976,MED-050,Loperamide 2mg,Gastrointestinal,BAT-050-927,PHARM-004,148,18.0,2026-08-16,2026-03-16,NEAR_EXPIRY,NONE
INV-001977,MED-060,Albumin Human 20% 100ml,Critical Care,BAT-060-165,PHARM-004,29,3200.0,2026-09-17,2026-06-14,AVAILABLE,NONE
INV-001978,MED-055,Betamethasone 0.5mg,Steroid,BAT-055-867,PHARM-004,175,15.0,2026-09-25,2026-06-08,AVAILABLE,NONE
INV-001979,MED-041,Alprazolam 0.5mg,Psychiatric,BAT-041-960,PHARM-004,47,35.0,2027-03-27,2026-06-30,AVAILABLE,NONE
INV-001980,MED-045,Calcium 500mg + Vitamin D3,Nutritional,BAT-045-560,PHARM-004,101,65.0,2026-08-20,2026-01-03,NEAR_EXPIRY,NONE
INV-001981,MED-032,Linezolid 600mg,Antibiotic,BAT-032-548,PHARM-004,222,340.0,2026-08-27,2026-02-19,NEAR_EXPIRY,NONE
INV-001982,MED-002,Amoxicillin + Clavulanate 625mg,Antibiotic,BAT-002-744,PHARM-004,51,185.0,2026-08-26,2026-05-27,NEAR_EXPIRY,NONE
INV-001983,MED-037,Cetirizine 10mg,Antihistamine,BAT-037-659,PHARM-004,33,20.0,2026-09-12,2026-06-09,NEAR_EXPIRY,NONE
INV-001984,MED-037,Cetirizine 10mg,Antihistamine,BAT-037-947,PHARM-004,178,20.0,2026-09-25,2025-11-15,AVAILABLE,NONE
INV-001985,MED-058,Sitagliptin 100mg,Antidiabetic,BAT-058-672,PHARM-004,129,240.0,2027-05-26,2026-05-06,AVAILABLE,NONE
INV-001986,MED-041,Alprazolam 0.5mg,Psychiatric,BAT-041-485,PHARM-004,220,35.0,2026-09-18,2026-06-09,AVAILABLE,NONE
INV-001987,MED-034,Methylprednisolone 16mg,Steroid,BAT-034-405,PHARM-004,11,110.0,2026-08-16,2026-05-25,NEAR_EXPIRY,NONE
INV-001988,MED-053,Itraconazole 100mg,Antifungal,BAT-053-396,PHARM-004,90,165.0,2026-09-02,2026-03-09,NEAR_EXPIRY,NONE
INV-001989,MED-005,Human Regular Insulin 100IU,Antidiabetic,BAT-005-647,PHARM-004,178,350.0,2026-09-07,2025-09-24,NEAR_EXPIRY,NONE
INV-001990,MED-040,Spironolactone 25mg,Cardiovascular,BAT-040-158,PHARM-004,169,48.0,2026-12-09,2025-10-09,AVAILABLE,NONE
INV-001991,MED-031,Levofloxacin 500mg,Antibiotic,BAT-031-369,PHARM-004,86,95.0,2026-07-18,2026-06-30,EXPIRED,NONE
INV-001992,MED-013,Montelukast + Levocetirizine,Respiratory,BAT-013-442,PHARM-004,436,115.0,2026-08-19,2026-06-15,NEAR_EXPIRY,NONE
INV-001993,MED-059,Empagliflozin 25mg,Antidiabetic,BAT-059-999,PHARM-004,35,290.0,2026-08-24,2026-06-14,NEAR_EXPIRY,NONE
INV-001994,MED-027,Aspirin 75mg Gastro-resistant,Cardiovascular,BAT-027-712,PHARM-004,142,22.0,2027-07-23,2025-09-05,AVAILABLE,NONE
INV-001995,MED-009,Pantoprazole 40mg,Gastrointestinal,BAT-009-377,PHARM-004,107,85.0,2026-08-18,2026-06-24,NEAR_EXPIRY,NONE
INV-001996,MED-028,Ondansetron 4mg,Gastrointestinal,BAT-028-589,PHARM-004,25,42.0,2027-02-07,2026-02-10,AVAILABLE,NONE
INV-001997,MED-060,Albumin Human 20% 100ml,Critical Care,BAT-060-156,PHARM-004,156,3200.0,2027-01-22,2026-07-02,AVAILABLE,NONE
INV-001998,MED-039,Hydrochlorothiazide 12.5mg,Cardiovascular,BAT-039-980,PHARM-004,161,24.0,2026-10-23,2026-01-02,AVAILABLE,NONE
INV-001999,MED-031,Levofloxacin 500mg,Antibiotic,BAT-031-153,PHARM-004,130,95.0,2026-12-17,2025-12-29,AVAILABLE,NONE
INV-002000,MED-045,Calcium 500mg + Vitamin D3,Nutritional,BAT-045-537,PHARM-004,13,65.0,2026-08-18,2025-10-07,NEAR_EXPIRY,NONE
INV-002001,MED-022,Glimepiride 2mg,Antidiabetic,BAT-022-547,PHARM-004,52,52.0,2026-08-24,2026-06-16,NEAR_EXPIRY,NONE
INV-002002,MED-048,Diclofenac Sodium 50mg,Analgesic,BAT-048-870,PHARM-004,23,30.0,2026-10-09,2025-10-14,AVAILABLE,NONE
INV-002003,MED-056,Bisoprolol 2.5mg,Cardiovascular,BAT-056-837,PHARM-004,34,72.0,2026-11-22,2026-03-10,AVAILABLE,NONE
INV-002004,MED-009,Pantoprazole 40mg,Gastrointestinal,BAT-009-549,PHARM-004,21,85.0,2026-09-01,2026-04-14,NEAR_EXPIRY,NONE
INV-002005,MED-039,Hydrochlorothiazide 12.5mg,Cardiovascular,BAT-039-507,PHARM-004,39,24.0,2027-09-15,2025-11-12,AVAILABLE,NONE
INV-002006,MED-005,Human Regular Insulin 100IU,Antidiabetic,BAT-005-356,PHARM-004,33,350.0,2026-09-13,2025-10-10,NEAR_EXPIRY,NONE
INV-002007,MED-029,Rabeprazole 20mg,Gastrointestinal,BAT-029-830,PHARM-004,94,75.0,2027-07-23,2026-02-11,AVAILABLE,NONE
INV-002008,MED-056,Bisoprolol 2.5mg,Cardiovascular,BAT-056-769,PHARM-004,101,72.0,2026-09-22,2026-03-12,AVAILABLE,NONE
INV-002009,MED-045,Calcium 500mg + Vitamin D3,Nutritional,BAT-045-654,PHARM-004,380,65.0,2026-08-17,2025-10-31,NEAR_EXPIRY,NONE
INV-002010,MED-032,Linezolid 600mg,Antibiotic,BAT-032-386,PHARM-004,278,340.0,2026-08-26,2026-06-05,NEAR_EXPIRY,NONE
INV-002011,MED-036,Prednisolone 10mg,Steroid,BAT-036-315,PHARM-004,110,30.0,2026-08-26,2026-05-14,NEAR_EXPIRY,NONE
INV-002012,MED-042,Escitalopram 10mg,Psychiatric,BAT-042-882,PHARM-004,147,85.0,2026-10-24,2025-11-25,AVAILABLE,NONE
INV-002013,MED-054,Ranitidine 150mg,Gastrointestinal,BAT-054-134,PHARM-004,71,25.0,2026-09-03,2026-02-27,NEAR_EXPIRY,NONE
INV-002014,MED-055,Betamethasone 0.5mg,Steroid,BAT-055-724,PHARM-004,117,15.0,2026-10-11,2025-12-31,AVAILABLE,NONE
INV-002015,MED-025,Rosuvastatin 10mg,Cardiovascular,BAT-025-554,PHARM-004,15,110.0,2026-09-03,2026-06-23,NEAR_EXPIRY,NONE
INV-002016,MED-043,Sertraline 50mg,Psychiatric,BAT-043-412,PHARM-004,26,105.0,2026-09-25,2026-06-29,AVAILABLE,NONE
INV-002017,MED-059,Empagliflozin 25mg,Antidiabetic,BAT-059-723,PHARM-004,227,290.0,2027-02-25,2026-01-24,AVAILABLE,NONE
INV-002018,MED-049,Aceclofenac + Paracetamol,Analgesic,BAT-049-705,PHARM-004,205,60.0,2027-04-06,2026-03-27,AVAILABLE,NONE
INV-002019,MED-054,Ranitidine 150mg,Gastrointestinal,BAT-054-736,PHARM-004,226,25.0,2026-11-12,2025-12-05,AVAILABLE,NONE
INV-002020,MED-007,Telmisartan 40mg,Cardiovascular,BAT-007-666,PHARM-004,239,78.0,2027-03-10,2025-12-29,AVAILABLE,NONE
INV-002021,MED-035,Dexamethasone 4mg Injection,Steroid,BAT-035-574,PHARM-004,216,25.0,2026-10-02,2025-12-10,AVAILABLE,NONE
INV-002022,MED-034,Methylprednisolone 16mg,Steroid,BAT-034-366,PHARM-004,210,110.0,2027-06-10,2026-04-23,AVAILABLE,NONE
INV-002023,MED-060,Albumin Human 20% 100ml,Critical Care,BAT-060-343,PHARM-004,224,3200.0,2027-03-06,2026-05-09,AVAILABLE,NONE
INV-002024,MED-044,Thyroxine Sodium 50mcg,Endocrine,BAT-044-380,PHARM-004,95,125.0,2027-07-18,2026-06-02,AVAILABLE,NONE
INV-002025,MED-022,Glimepiride 2mg,Antidiabetic,BAT-022-684,PHARM-004,112,52.0,2026-07-27,2025-12-25,EXPIRED,NONE
INV-002026,MED-018,Enoxaparin 40mg Injection,Cardiovascular,BAT-018-775,PHARM-004,23,450.0,2027-08-21,2026-03-09,AVAILABLE,NONE
INV-002027,MED-008,Amlodipine 5mg,Cardiovascular,BAT-008-414,PHARM-004,236,38.0,2027-02-26,2025-09-27,AVAILABLE,NONE
INV-002028,MED-012,Ciprofloxacin 500mg,Antibiotic,BAT-012-554,PHARM-004,139,65.0,2026-08-13,2025-11-21,EXPIRED,NONE
INV-002029,MED-003,Azithromycin 500mg,Antibiotic,BAT-003-467,PHARM-004,75,120.0,2026-10-01,2025-11-12,AVAILABLE,NONE
INV-002030,MED-027,Aspirin 75mg Gastro-resistant,Cardiovascular,BAT-027-159,PHARM-004,249,22.0,2027-03-04,2025-09-22,AVAILABLE,NONE
INV-002031,MED-040,Spironolactone 25mg,Cardiovascular,BAT-040-664,PHARM-004,66,48.0,2027-05-27,2026-02-05,AVAILABLE,NONE
INV-002032,MED-017,Tramadol 50mg,Analgesic,BAT-017-884,PHARM-004,14,90.0,2026-09-06,2026-02-24,NEAR_EXPIRY,NONE
INV-002033,MED-010,Omeprazole 20mg,Gastrointestinal,BAT-010-992,PHARM-004,49,55.0,2027-02-10,2025-09-02,AVAILABLE,NONE
INV-002034,MED-042,Escitalopram 10mg,Psychiatric,BAT-042-139,PHARM-004,168,85.0,2027-05-27,2026-04-12,AVAILABLE,NONE
INV-002035,MED-021,Losartan 50mg,Cardiovascular,BAT-021-142,PHARM-004,202,62.0,2026-11-14,2025-10-05,AVAILABLE,NONE
INV-002036,MED-017,Tramadol 50mg,Analgesic,BAT-017-363,PHARM-004,158,90.0,2027-04-12,2026-07-07,AVAILABLE,NONE
INV-002037,MED-046,Vitamin B-Complex + B12,Nutritional,BAT-046-145,PHARM-004,12,40.0,2026-08-25,2025-09-11,NEAR_EXPIRY,NONE
INV-002038,MED-033,Vancomycin 500mg Injection,Antibiotic,BAT-033-179,PHARM-004,218,420.0,2026-09-09,2026-03-16,NEAR_EXPIRY,NONE
INV-002039,MED-028,Ondansetron 4mg,Gastrointestinal,BAT-028-996,PHARM-004,142,42.0,2026-08-17,2026-02-21,NEAR_EXPIRY,NONE
INV-002040,MED-058,Sitagliptin 100mg,Antidiabetic,BAT-058-767,PHARM-004,179,240.0,2026-09-23,2026-01-05,AVAILABLE,NONE
INV-002041,MED-002,Amoxicillin + Clavulanate 625mg,Antibiotic,BAT-002-264,PHARM-004,171,185.0,2026-08-04,2026-01-08,EXPIRED,NONE
INV-002042,MED-002,Amoxicillin + Clavulanate 625mg,Antibiotic,BAT-002-208,PHARM-004,400,185.0,2026-09-01,2025-09-07,NEAR_EXPIRY,NONE
INV-002043,MED-046,Vitamin B-Complex + B12,Nutritional,BAT-046-452,PHARM-004,297,40.0,2026-09-09,2026-03-27,NEAR_EXPIRY,NONE
INV-002044,MED-006,Atorvastatin 20mg,Cardiovascular,BAT-006-179,PHARM-004,181,95.0,2026-10-02,2026-03-23,AVAILABLE,NONE
INV-002045,MED-036,Prednisolone 10mg,Steroid,BAT-036-851,PHARM-004,236,30.0,2026-09-17,2025-12-13,AVAILABLE,NONE
INV-002046,MED-057,Carvedilol 6.25mg,Cardiovascular,BAT-057-640,PHARM-004,154,54.0,2026-10-05,2026-06-19,AVAILABLE,NONE
INV-002047,MED-034,Methylprednisolone 16mg,Steroid,BAT-034-551,PHARM-004,19,110.0,2026-09-09,2026-02-03,NEAR_EXPIRY,NONE
INV-002048,MED-052,Fluconazole 150mg,Antifungal,BAT-052-886,PHARM-004,33,45.0,2026-09-01,2026-01-11,NEAR_EXPIRY,NONE
INV-002049,MED-029,Rabeprazole 20mg,Gastrointestinal,BAT-029-850,PHARM-004,179,75.0,2026-09-02,2025-12-18,NEAR_EXPIRY,NONE
INV-002050,MED-042,Escitalopram 10mg,Psychiatric,BAT-042-595,PHARM-004,436,85.0,2026-09-04,2025-09-09,NEAR_EXPIRY,NONE
INV-002051,MED-016,Ibuprofen 400mg,Analgesic,BAT-016-895,PHARM-004,175,28.0,2026-12-23,2025-12-19,AVAILABLE,NONE
INV-002052,MED-017,Tramadol 50mg,Analgesic,BAT-017-914,PHARM-004,307,90.0,2026-08-25,2026-02-19,NEAR_EXPIRY,NONE
INV-002053,MED-010,Omeprazole 20mg,Gastrointestinal,BAT-010-689,PHARM-004,70,55.0,2026-10-08,2025-11-04,AVAILABLE,NONE
INV-002054,MED-058,Sitagliptin 100mg,Antidiabetic,BAT-058-284,PHARM-004,127,240.0,2026-08-06,2025-11-25,EXPIRED,NONE
INV-002055,MED-017,Tramadol 50mg,Analgesic,BAT-017-883,PHARM-004,210,90.0,2027-06-11,2025-10-05,AVAILABLE,NONE
INV-002056,MED-007,Telmisartan 40mg,Cardiovascular,BAT-007-229,PHARM-004,196,78.0,2026-10-26,2026-06-28,AVAILABLE,NONE
INV-002057,MED-011,Cefixime 200mg,Antibiotic,BAT-011-174,PHARM-004,119,140.0,2026-09-30,2026-05-09,AVAILABLE,NONE
INV-002058,MED-058,Sitagliptin 100mg,Antidiabetic,BAT-058-532,PHARM-004,111,240.0,2026-08-20,2026-01-15,NEAR_EXPIRY,NONE
INV-002059,MED-008,Amlodipine 5mg,Cardiovascular,BAT-008-444,PHARM-004,47,38.0,2026-10-03,2026-01-24,AVAILABLE,NONE
INV-002060,MED-047,Iron + Folic Acid Tablets,Nutritional,BAT-047-146,PHARM-004,134,50.0,2027-04-13,2026-06-08,AVAILABLE,NONE
INV-002061,MED-059,Empagliflozin 25mg,Antidiabetic,BAT-059-518,PHARM-004,131,290.0,2026-10-10,2025-08-27,AVAILABLE,NONE
INV-002062,MED-019,Meropenem 1g Injection,Antibiotic,BAT-019-875,PHARM-004,205,850.0,2027-01-15,2025-11-13,AVAILABLE,NONE
INV-002063,MED-050,Loperamide 2mg,Gastrointestinal,BAT-050-703,PHARM-004,372,18.0,2026-08-15,2025-10-28,NEAR_EXPIRY,NONE
INV-002064,MED-030,Doxycycline 100mg,Antibiotic,BAT-030-488,PHARM-004,204,68.0,2026-09-30,2026-02-01,AVAILABLE,NONE
INV-002065,MED-038,Fexofenadine 120mg,Antihistamine,BAT-038-386,PHARM-004,344,82.0,2026-09-06,2026-05-27,NEAR_EXPIRY,NONE
INV-002066,MED-058,Sitagliptin 100mg,Antidiabetic,BAT-058-637,PHARM-004,129,240.0,2026-10-13,2025-09-22,AVAILABLE,NONE
INV-002067,MED-019,Meropenem 1g Injection,Antibiotic,BAT-019-430,PHARM-004,210,850.0,2026-08-27,2025-12-31,NEAR_EXPIRY,NONE
INV-002068,MED-057,Carvedilol 6.25mg,Cardiovascular,BAT-057-848,PHARM-004,167,54.0,2026-09-22,2026-03-30,AVAILABLE,NONE
INV-002069,MED-057,Carvedilol 6.25mg,Cardiovascular,BAT-057-730,PHARM-004,80,54.0,2026-08-17,2026-02-05,NEAR_EXPIRY,NONE
INV-002070,MED-032,Linezolid 600mg,Antibiotic,BAT-032-549,PHARM-004,86,340.0,2027-03-10,2026-03-23,AVAILABLE,NONE
INV-002071,MED-039,Hydrochlorothiazide 12.5mg,Cardiovascular,BAT-039-871,PHARM-004,56,24.0,2027-03-05,2026-05-22,AVAILABLE,NONE
INV-002072,MED-007,Telmisartan 40mg,Cardiovascular,BAT-007-311,PHARM-004,27,78.0,2027-01-08,2025-10-06,AVAILABLE,NONE
INV-002073,MED-039,Hydrochlorothiazide 12.5mg,Cardiovascular,BAT-039-140,PHARM-004,21,24.0,2026-09-20,2025-10-12,AVAILABLE,NONE
INV-002074,MED-032,Linezolid 600mg,Antibiotic,BAT-032-952,PHARM-004,159,340.0,2026-08-31,2026-07-02,NEAR_EXPIRY,NONE
INV-002075,MED-034,Methylprednisolone 16mg,Steroid,BAT-034-229,PHARM-004,80,110.0,2026-08-25,2025-11-25,NEAR_EXPIRY,NONE
INV-002076,MED-032,Linezolid 600mg,Antibiotic,BAT-032-369,PHARM-004,207,340.0,2027-03-05,2026-06-01,AVAILABLE,NONE
INV-002077,MED-043,Sertraline 50mg,Psychiatric,BAT-043-219,PHARM-004,206,105.0,2027-02-04,2026-01-15,AVAILABLE,NONE
INV-002078,MED-005,Human Regular Insulin 100IU,Antidiabetic,BAT-005-434,PHARM-004,136,350.0,2026-09-22,2026-04-26,AVAILABLE,NONE
INV-002079,MED-041,Alprazolam 0.5mg,Psychiatric,BAT-041-853,PHARM-004,200,35.0,2026-11-20,2025-10-26,AVAILABLE,NONE
INV-002080,MED-045,Calcium 500mg + Vitamin D3,Nutritional,BAT-045-422,PHARM-004,200,65.0,2026-10-13,2026-06-26,AVAILABLE,NONE
INV-002081,MED-051,Metronidazole 400mg,Antibiotic,BAT-051-633,PHARM-004,442,32.0,2026-08-19,2026-02-03,NEAR_EXPIRY,NONE
INV-002082,MED-041,Alprazolam 0.5mg,Psychiatric,BAT-041-108,PHARM-004,37,35.0,2026-08-18,2026-03-12,NEAR_EXPIRY,NONE
INV-002083,MED-017,Tramadol 50mg,Analgesic,BAT-017-581,PHARM-004,207,90.0,2026-09-19,2026-04-29,AVAILABLE,NONE
INV-002084,MED-032,Linezolid 600mg,Antibiotic,BAT-032-389,PHARM-004,104,340.0,2026-08-15,2026-05-09,NEAR_EXPIRY,NONE
INV-002085,MED-005,Human Regular Insulin 100IU,Antidiabetic,BAT-005-602,PHARM-004,65,350.0,2026-10-06,2025-10-03,AVAILABLE,NONE
INV-002086,MED-003,Azithromycin 500mg,Antibiotic,BAT-003-528,PHARM-004,169,120.0,2026-10-04,2026-03-03,AVAILABLE,NONE
INV-002087,MED-016,Ibuprofen 400mg,Analgesic,BAT-016-753,PHARM-004,66,28.0,2026-10-05,2026-01-18,AVAILABLE,NONE
INV-002088,MED-057,Carvedilol 6.25mg,Cardiovascular,BAT-057-407,PHARM-004,145,54.0,2027-06-19,2026-03-19,AVAILABLE,NONE
INV-002089,MED-051,Metronidazole 400mg,Antibiotic,BAT-051-745,PHARM-004,143,32.0,2026-10-01,2025-12-27,AVAILABLE,NONE
INV-002090,MED-019,Meropenem 1g Injection,Antibiotic,BAT-019-198,PHARM-004,123,850.0,2026-08-21,2026-03-25,NEAR_EXPIRY,NONE
INV-002091,MED-021,Losartan 50mg,Cardiovascular,BAT-021-353,PHARM-004,40,62.0,2026-08-18,2025-12-10,NEAR_EXPIRY,NONE
INV-002092,MED-023,Vildagliptin 50mg,Antidiabetic,BAT-023-813,PHARM-004,235,175.0,2027-06-18,2025-12-24,AVAILABLE,NONE
INV-002093,MED-052,Fluconazole 150mg,Antifungal,BAT-052-984,PHARM-004,80,45.0,2026-10-05,2025-11-07,AVAILABLE,NONE
INV-002094,MED-002,Amoxicillin + Clavulanate 625mg,Antibiotic,BAT-002-397,PHARM-004,237,185.0,2026-10-12,2026-02-28,AVAILABLE,NONE
INV-002095,MED-051,Metronidazole 400mg,Antibiotic,BAT-051-518,PHARM-004,86,32.0,2026-09-24,2026-06-14,AVAILABLE,NONE
INV-002096,MED-044,Thyroxine Sodium 50mcg,Endocrine,BAT-044-425,PHARM-004,23,125.0,2026-09-05,2025-12-17,NEAR_EXPIRY,NONE
INV-002097,MED-018,Enoxaparin 40mg Injection,Cardiovascular,BAT-018-597,PHARM-004,19,450.0,2026-08-23,2026-03-25,NEAR_EXPIRY,NONE
INV-002098,MED-037,Cetirizine 10mg,Antihistamine,BAT-037-996,PHARM-004,180,20.0,2026-10-08,2026-04-21,AVAILABLE,NONE
INV-002099,MED-008,Amlodipine 5mg,Cardiovascular,BAT-008-728,PHARM-004,443,38.0,2026-09-10,2025-09-06,NEAR_EXPIRY,NONE
INV-002100,MED-002,Amoxicillin + Clavulanate 625mg,Antibiotic,BAT-002-921,PHARM-004,396,185.0,2026-08-20,2026-01-02,NEAR_EXPIRY,NONE
INV-002101,MED-005,Human Regular Insulin 100IU,Antidiabetic,BAT-005-770,PHARM-004,157,350.0,2026-09-25,2026-06-20,AVAILABLE,NONE
INV-002102,MED-013,Montelukast + Levocetirizine,Respiratory,BAT-013-260,PHARM-004,17,115.0,2026-09-13,2025-10-14,NEAR_EXPIRY,NONE
INV-002103,MED-059,Empagliflozin 25mg,Antidiabetic,BAT-059-482,PHARM-004,207,290.0,2026-10-01,2026-01-27,AVAILABLE,NONE
INV-002104,MED-016,Ibuprofen 400mg,Analgesic,BAT-016-113,PHARM-004,46,28.0,2027-07-10,2026-06-27,AVAILABLE,NONE
INV-002105,MED-033,Vancomycin 500mg Injection,Antibiotic,BAT-033-507,PHARM-004,97,420.0,2026-07-26,2025-11-09,EXPIRED,NONE
INV-002106,MED-002,Amoxicillin + Clavulanate 625mg,Antibiotic,BAT-002-335,PHARM-004,28,185.0,2027-02-17,2025-08-26,AVAILABLE,NONE
INV-002107,MED-018,Enoxaparin 40mg Injection,Cardiovascular,BAT-018-867,PHARM-004,187,450.0,2027-04-25,2026-05-13,AVAILABLE,NONE
INV-002108,MED-026,Clopidogrel 75mg,Cardiovascular,BAT-026-234,PHARM-004,38,88.0,2026-11-22,2026-02-27,AVAILABLE,NONE
INV-002109,MED-033,Vancomycin 500mg Injection,Antibiotic,BAT-033-839,PHARM-004,174,420.0,2026-07-10,2025-12-15,EXPIRED,NONE
INV-002110,MED-059,Empagliflozin 25mg,Antidiabetic,BAT-059-255,PHARM-004,69,290.0,2027-05-02,2026-05-28,AVAILABLE,NONE
INV-002111,MED-054,Ranitidine 150mg,Gastrointestinal,BAT-054-720,PHARM-004,151,25.0,2027-05-19,2026-02-06,AVAILABLE,NONE
INV-002112,MED-048,Diclofenac Sodium 50mg,Analgesic,BAT-048-123,PHARM-004,448,30.0,2026-08-28,2026-02-11,NEAR_EXPIRY,NONE
INV-002113,MED-037,Cetirizine 10mg,Antihistamine,BAT-037-582,PHARM-004,154,20.0,2026-08-24,2026-01-04,NEAR_EXPIRY,NONE
INV-002114,MED-031,Levofloxacin 500mg,Antibiotic,BAT-031-391,PHARM-004,24,95.0,2026-09-26,2025-10-15,AVAILABLE,NONE
INV-002115,MED-032,Linezolid 600mg,Antibiotic,BAT-032-845,PHARM-004,202,340.0,2027-07-20,2025-12-26,AVAILABLE,NONE
INV-002116,MED-007,Telmisartan 40mg,Cardiovascular,BAT-007-563,PHARM-004,121,78.0,2026-09-14,2026-03-23,AVAILABLE,NONE
INV-002117,MED-050,Loperamide 2mg,Gastrointestinal,BAT-050-337,PHARM-004,13,18.0,2026-09-09,2025-11-29,NEAR_EXPIRY,NONE
INV-002118,MED-052,Fluconazole 150mg,Antifungal,BAT-052-745,PHARM-004,16,45.0,2026-08-16,2026-06-03,NEAR_EXPIRY,NONE
INV-002119,MED-006,Atorvastatin 20mg,Cardiovascular,BAT-006-244,PHARM-004,153,95.0,2026-09-29,2025-12-21,AVAILABLE,NONE
INV-002120,MED-047,Iron + Folic Acid Tablets,Nutritional,BAT-047-959,PHARM-004,216,50.0,2026-11-13,2025-09-28,AVAILABLE,NONE
INV-002121,MED-032,Linezolid 600mg,Antibiotic,BAT-032-358,PHARM-004,88,340.0,2026-09-01,2025-12-17,NEAR_EXPIRY,NONE
INV-002122,MED-045,Calcium 500mg + Vitamin D3,Nutritional,BAT-045-678,PHARM-004,88,65.0,2026-09-14,2025-09-12,AVAILABLE,NONE
INV-002123,MED-045,Calcium 500mg + Vitamin D3,Nutritional,BAT-045-314,PHARM-004,147,65.0,2027-07-20,2025-10-01,AVAILABLE,NONE
INV-002124,MED-021,Losartan 50mg,Cardiovascular,BAT-021-767,PHARM-004,25,62.0,2026-09-13,2026-03-17,NEAR_EXPIRY,NONE
INV-002125,MED-028,Ondansetron 4mg,Gastrointestinal,BAT-028-816,PHARM-004,15,42.0,2026-08-22,2026-06-06,NEAR_EXPIRY,NONE
INV-002126,MED-029,Rabeprazole 20mg,Gastrointestinal,BAT-029-990,PHARM-004,146,75.0,2026-07-17,2026-05-18,EXPIRED,NONE
INV-002127,MED-011,Cefixime 200mg,Antibiotic,BAT-011-741,PHARM-004,243,140.0,2026-10-07,2025-10-20,AVAILABLE,NONE
INV-002128,MED-036,Prednisolone 10mg,Steroid,BAT-036-528,PHARM-004,131,30.0,2026-08-06,2025-12-23,EXPIRED,NONE
INV-002129,MED-019,Meropenem 1g Injection,Antibiotic,BAT-019-837,PHARM-004,247,850.0,2026-10-03,2026-02-27,AVAILABLE,NONE
INV-002130,MED-024,Dapagliflozin 10mg,Antidiabetic,BAT-024-677,PHARM-004,405,220.0,2026-08-19,2026-04-22,NEAR_EXPIRY,NONE
INV-002131,MED-046,Vitamin B-Complex + B12,Nutritional,BAT-046-480,PHARM-004,138,40.0,2026-09-29,2025-10-23,AVAILABLE,NONE
INV-002132,MED-014,Salbutamol Inhaler 100mcg,Respiratory,BAT-014-438,PHARM-004,171,160.0,2026-08-20,2026-05-07,NEAR_EXPIRY,NONE
INV-002133,MED-027,Aspirin 75mg Gastro-resistant,Cardiovascular,BAT-027-283,PHARM-004,99,22.0,2026-09-14,2026-04-30,AVAILABLE,NONE
INV-002134,MED-045,Calcium 500mg + Vitamin D3,Nutritional,BAT-045-292,PHARM-004,137,65.0,2027-07-16,2026-04-04,AVAILABLE,NONE
INV-002135,MED-022,Glimepiride 2mg,Antidiabetic,BAT-022-196,PHARM-004,60,52.0,2026-10-03,2026-06-14,AVAILABLE,NONE
INV-002136,MED-005,Human Regular Insulin 100IU,Antidiabetic,BAT-005-458,PHARM-004,108,350.0,2026-09-21,2025-08-24,AVAILABLE,NONE
INV-002137,MED-041,Alprazolam 0.5mg,Psychiatric,BAT-041-114,PHARM-004,294,35.0,2026-09-04,2026-04-08,NEAR_EXPIRY,NONE
INV-002138,MED-050,Loperamide 2mg,Gastrointestinal,BAT-050-512,PHARM-004,188,18.0,2026-10-04,2026-03-07,AVAILABLE,NONE
INV-002139,MED-013,Montelukast + Levocetirizine,Respiratory,BAT-013-179,PHARM-004,121,115.0,2026-08-20,2025-09-15,NEAR_EXPIRY,NONE
INV-002140,MED-037,Cetirizine 10mg,Antihistamine,BAT-037-204,PHARM-004,185,20.0,2027-08-10,2026-05-12,AVAILABLE,NONE
INV-002141,MED-050,Loperamide 2mg,Gastrointestinal,BAT-050-492,PHARM-004,171,18.0,2026-10-11,2026-01-27,AVAILABLE,NONE
INV-002142,MED-039,Hydrochlorothiazide 12.5mg,Cardiovascular,BAT-039-383,PHARM-004,73,24.0,2027-06-13,2025-09-03,AVAILABLE,NONE
INV-002143,MED-011,Cefixime 200mg,Antibiotic,BAT-011-102,PHARM-004,225,140.0,2026-11-29,2026-03-19,AVAILABLE,NONE
INV-002144,MED-040,Spironolactone 25mg,Cardiovascular,BAT-040-250,PHARM-004,10,48.0,2026-08-21,2026-05-03,NEAR_EXPIRY,NONE
INV-002145,MED-009,Pantoprazole 40mg,Gastrointestinal,BAT-009-623,PHARM-004,103,85.0,2026-09-29,2025-12-02,AVAILABLE,NONE
INV-002146,MED-020,Piperacillin + Tazobactam 4.5g,Antibiotic,BAT-020-612,PHARM-004,148,490.0,2026-09-03,2026-05-16,NEAR_EXPIRY,NONE
INV-002147,MED-023,Vildagliptin 50mg,Antidiabetic,BAT-023-419,PHARM-004,38,175.0,2026-08-24,2025-10-21,NEAR_EXPIRY,NONE
INV-002148,MED-041,Alprazolam 0.5mg,Psychiatric,BAT-041-953,PHARM-004,163,35.0,2027-05-25,2026-02-23,AVAILABLE,NONE
INV-002149,MED-029,Rabeprazole 20mg,Gastrointestinal,BAT-029-601,PHARM-004,250,75.0,2027-07-26,2026-03-09,AVAILABLE,NONE
INV-002150,MED-028,Ondansetron 4mg,Gastrointestinal,BAT-028-767,PHARM-004,397,42.0,2026-08-21,2026-01-18,NEAR_EXPIRY,NONE
INV-002151,MED-023,Vildagliptin 50mg,Antidiabetic,BAT-023-845,PHARM-004,98,175.0,2026-09-08,2025-12-10,NEAR_EXPIRY,NONE
INV-002152,MED-012,Ciprofloxacin 500mg,Antibiotic,BAT-012-865,PHARM-004,201,65.0,2026-08-17,2026-07-10,NEAR_EXPIRY,NONE
INV-002153,MED-020,Piperacillin + Tazobactam 4.5g,Antibiotic,BAT-020-436,PHARM-004,148,490.0,2027-02-20,2026-05-28,AVAILABLE,NONE
INV-002154,MED-059,Empagliflozin 25mg,Antidiabetic,BAT-059-113,PHARM-004,18,290.0,2026-09-11,2025-09-08,NEAR_EXPIRY,NONE
INV-002155,MED-045,Calcium 500mg + Vitamin D3,Nutritional,BAT-045-821,PHARM-004,420,65.0,2026-08-23,2026-03-08,NEAR_EXPIRY,NONE
INV-002156,MED-060,Albumin Human 20% 100ml,Critical Care,BAT-060-582,PHARM-004,64,3200.0,2026-09-29,2025-09-07,AVAILABLE,NONE
INV-002157,MED-031,Levofloxacin 500mg,Antibiotic,BAT-031-867,PHARM-004,114,95.0,2026-11-02,2025-10-09,AVAILABLE,NONE
INV-002158,MED-002,Amoxicillin + Clavulanate 625mg,Antibiotic,BAT-002-727,PHARM-004,242,185.0,2027-01-12,2026-04-28,AVAILABLE,NONE
INV-002159,MED-055,Betamethasone 0.5mg,Steroid,BAT-055-234,PHARM-004,50,15.0,2026-10-11,2026-06-03,AVAILABLE,NONE
INV-002160,MED-004,Metformin 500mg SR,Antidiabetic,BAT-004-554,PHARM-004,44,45.0,2027-03-23,2025-08-23,AVAILABLE,NONE
INV-002161,MED-055,Betamethasone 0.5mg,Steroid,BAT-055-657,PHARM-004,187,15.0,2027-01-21,2026-02-23,AVAILABLE,NONE
INV-002162,MED-040,Spironolactone 25mg,Cardiovascular,BAT-040-855,PHARM-004,429,48.0,2026-09-12,2026-07-07,NEAR_EXPIRY,NONE
INV-002163,MED-011,Cefixime 200mg,Antibiotic,BAT-011-700,PHARM-004,123,140.0,2026-10-05,2026-01-09,AVAILABLE,NONE
INV-002164,MED-027,Aspirin 75mg Gastro-resistant,Cardiovascular,BAT-027-957,PHARM-004,57,22.0,2026-07-12,2026-06-14,EXPIRED,NONE
INV-002165,MED-047,Iron + Folic Acid Tablets,Nutritional,BAT-047-373,PHARM-004,376,50.0,2026-08-15,2026-06-03,NEAR_EXPIRY,NONE
INV-002166,MED-027,Aspirin 75mg Gastro-resistant,Cardiovascular,BAT-027-277,PHARM-004,99,22.0,2026-10-15,2025-08-24,AVAILABLE,NONE
INV-002167,MED-018,Enoxaparin 40mg Injection,Cardiovascular,BAT-018-674,PHARM-004,72,450.0,2026-08-18,2026-01-17,NEAR_EXPIRY,NONE
INV-002168,MED-006,Atorvastatin 20mg,Cardiovascular,BAT-006-219,PHARM-004,351,95.0,2026-08-15,2026-05-30,NEAR_EXPIRY,NONE
INV-002169,MED-002,Amoxicillin + Clavulanate 625mg,Antibiotic,BAT-002-885,PHARM-004,183,185.0,2027-02-02,2026-04-20,AVAILABLE,NONE
INV-002170,MED-024,Dapagliflozin 10mg,Antidiabetic,BAT-024-571,PHARM-004,98,220.0,2027-02-17,2026-06-04,AVAILABLE,NONE
INV-002171,MED-054,Ranitidine 150mg,Gastrointestinal,BAT-054-797,PHARM-004,211,25.0,2027-01-19,2025-08-21,AVAILABLE,NONE
INV-002172,MED-049,Aceclofenac + Paracetamol,Analgesic,BAT-049-855,PHARM-004,123,60.0,2026-09-03,2026-05-09,NEAR_EXPIRY,NONE
INV-002173,MED-009,Pantoprazole 40mg,Gastrointestinal,BAT-009-678,PHARM-004,68,85.0,2026-10-10,2026-02-04,AVAILABLE,NONE
INV-002174,MED-018,Enoxaparin 40mg Injection,Cardiovascular,BAT-018-304,PHARM-004,198,450.0,2027-02-23,2026-04-16,AVAILABLE,NONE
INV-002175,MED-029,Rabeprazole 20mg,Gastrointestinal,BAT-029-370,PHARM-004,113,75.0,2026-10-02,2026-05-29,AVAILABLE,NONE
INV-002176,MED-023,Vildagliptin 50mg,Antidiabetic,BAT-023-890,PHARM-004,181,175.0,2026-10-10,2025-08-21,AVAILABLE,NONE
INV-002177,MED-044,Thyroxine Sodium 50mcg,Endocrine,BAT-044-951,PHARM-004,118,125.0,2026-07-07,2026-04-19,EXPIRED,NONE
INV-002178,MED-010,Omeprazole 20mg,Gastrointestinal,BAT-010-650,PHARM-004,365,55.0,2026-09-13,2025-09-27,NEAR_EXPIRY,NONE
INV-002179,MED-051,Metronidazole 400mg,Antibiotic,BAT-051-395,PHARM-004,223,32.0,2026-09-07,2026-03-31,NEAR_EXPIRY,NONE
INV-002180,MED-050,Loperamide 2mg,Gastrointestinal,BAT-050-315,PHARM-004,332,18.0,2026-08-30,2026-03-05,NEAR_EXPIRY,NONE
INV-002181,MED-041,Alprazolam 0.5mg,Psychiatric,BAT-041-290,PHARM-004,145,35.0,2026-08-19,2025-11-14,NEAR_EXPIRY,NONE
INV-002182,MED-043,Sertraline 50mg,Psychiatric,BAT-043-702,PHARM-004,30,105.0,2026-08-25,2026-06-28,NEAR_EXPIRY,NONE
INV-002183,MED-011,Cefixime 200mg,Antibiotic,BAT-011-531,PHARM-004,75,140.0,2026-09-11,2025-11-14,NEAR_EXPIRY,NONE
INV-002184,MED-020,Piperacillin + Tazobactam 4.5g,Antibiotic,BAT-020-266,PHARM-004,25,490.0,2026-10-08,2025-11-18,AVAILABLE,NONE
INV-002185,MED-029,Rabeprazole 20mg,Gastrointestinal,BAT-029-928,PHARM-004,197,75.0,2026-10-02,2025-09-03,AVAILABLE,NONE
INV-002186,MED-028,Ondansetron 4mg,Gastrointestinal,BAT-028-848,PHARM-004,84,42.0,2026-09-21,2025-12-23,AVAILABLE,NONE
INV-002187,MED-047,Iron + Folic Acid Tablets,Nutritional,BAT-047-482,PHARM-004,22,50.0,2026-09-12,2025-09-11,NEAR_EXPIRY,NONE
INV-002188,MED-049,Aceclofenac + Paracetamol,Analgesic,BAT-049-619,PHARM-004,88,60.0,2026-10-08,2026-05-21,AVAILABLE,NONE
INV-002189,MED-037,Cetirizine 10mg,Antihistamine,BAT-037-510,PHARM-004,62,20.0,2026-07-12,2025-09-15,EXPIRED,NONE
INV-002190,MED-060,Albumin Human 20% 100ml,Critical Care,BAT-060-407,PHARM-004,70,3200.0,2027-07-09,2025-09-13,AVAILABLE,NONE
INV-002191,MED-037,Cetirizine 10mg,Antihistamine,BAT-037-869,PHARM-004,35,20.0,2026-08-17,2026-05-05,NEAR_EXPIRY,NONE
INV-002192,MED-020,Piperacillin + Tazobactam 4.5g,Antibiotic,BAT-020-911,PHARM-004,121,490.0,2027-06-05,2026-05-04,AVAILABLE,NONE
INV-002193,MED-011,Cefixime 200mg,Antibiotic,BAT-011-571,PHARM-004,246,140.0,2027-01-24,2026-07-15,AVAILABLE,NONE
INV-002194,MED-012,Ciprofloxacin 500mg,Antibiotic,BAT-012-408,PHARM-004,37,65.0,2026-08-16,2026-02-08,NEAR_EXPIRY,NONE
INV-002195,MED-047,Iron + Folic Acid Tablets,Nutritional,BAT-047-350,PHARM-004,21,50.0,2027-04-23,2026-04-28,AVAILABLE,NONE
INV-002196,MED-031,Levofloxacin 500mg,Antibiotic,BAT-031-263,PHARM-004,31,95.0,2026-08-19,2026-01-20,NEAR_EXPIRY,NONE
INV-002197,MED-059,Empagliflozin 25mg,Antidiabetic,BAT-059-583,PHARM-004,215,290.0,2027-02-15,2026-01-04,AVAILABLE,NONE
INV-002198,MED-059,Empagliflozin 25mg,Antidiabetic,BAT-059-198,PHARM-004,84,290.0,2026-08-21,2025-12-29,NEAR_EXPIRY,NONE
INV-002199,MED-058,Sitagliptin 100mg,Antidiabetic,BAT-058-389,PHARM-004,38,240.0,2026-10-01,2025-12-10,AVAILABLE,NONE
INV-002200,MED-023,Vildagliptin 50mg,Antidiabetic,BAT-023-600,PHARM-004,65,175.0,2026-07-06,2025-09-18,EXPIRED,NONE
INV-002201,MED-050,Loperamide 2mg,Gastrointestinal,BAT-050-340,PHARM-004,356,18.0,2026-09-07,2026-01-08,NEAR_EXPIRY,NONE
INV-002202,MED-049,Aceclofenac + Paracetamol,Analgesic,BAT-049-507,PHARM-004,147,60.0,2026-09-18,2026-06-06,AVAILABLE,NONE
INV-002203,MED-013,Montelukast + Levocetirizine,Respiratory,BAT-013-145,PHARM-004,20,115.0,2026-08-24,2026-03-29,NEAR_EXPIRY,NONE
INV-002204,MED-028,Ondansetron 4mg,Gastrointestinal,BAT-028-254,PHARM-004,173,42.0,2026-09-12,2026-02-20,NEAR_EXPIRY,NONE
INV-002205,MED-027,Aspirin 75mg Gastro-resistant,Cardiovascular,BAT-027-283,PHARM-004,36,22.0,2026-09-07,2026-04-23,NEAR_EXPIRY,NONE
INV-002206,MED-023,Vildagliptin 50mg,Antidiabetic,BAT-023-802,PHARM-004,225,175.0,2027-05-09,2026-05-25,AVAILABLE,NONE
INV-002207,MED-052,Fluconazole 150mg,Antifungal,BAT-052-112,PHARM-004,148,45.0,2026-09-09,2026-04-24,NEAR_EXPIRY,NONE
INV-002208,MED-001,Paracetamol 650mg,Analgesic,BAT-001-597,PHARM-004,97,32.5,2026-09-15,2025-12-22,AVAILABLE,NONE
INV-002209,MED-028,Ondansetron 4mg,Gastrointestinal,BAT-028-364,PHARM-004,165,42.0,2026-08-21,2025-08-25,NEAR_EXPIRY,NONE
INV-002210,MED-050,Loperamide 2mg,Gastrointestinal,BAT-050-584,PHARM-004,48,18.0,2027-04-18,2026-01-25,AVAILABLE,NONE
INV-002211,MED-012,Ciprofloxacin 500mg,Antibiotic,BAT-012-534,PHARM-005,58,65.0,2026-11-23,2025-10-16,AVAILABLE,NONE
INV-002212,MED-001,Paracetamol 650mg,Analgesic,BAT-001-445,PHARM-005,36,32.5,2026-09-07,2025-09-16,NEAR_EXPIRY,NONE
INV-002213,MED-030,Doxycycline 100mg,Antibiotic,BAT-030-388,PHARM-005,212,68.0,2026-08-18,2026-06-25,NEAR_EXPIRY,NONE
INV-002214,MED-044,Thyroxine Sodium 50mcg,Endocrine,BAT-044-478,PHARM-005,95,125.0,2026-10-05,2026-03-08,AVAILABLE,NONE
INV-002215,MED-050,Loperamide 2mg,Gastrointestinal,BAT-050-938,PHARM-005,95,18.0,2026-09-19,2026-07-03,AVAILABLE,NONE
INV-002216,MED-023,Vildagliptin 50mg,Antidiabetic,BAT-023-527,PHARM-005,182,175.0,2026-09-23,2026-07-07,AVAILABLE,NONE
INV-002217,MED-003,Azithromycin 500mg,Antibiotic,BAT-003-710,PHARM-005,27,120.0,2026-08-23,2026-05-19,NEAR_EXPIRY,NONE
INV-002218,MED-006,Atorvastatin 20mg,Cardiovascular,BAT-006-647,PHARM-005,176,95.0,2026-08-16,2026-05-28,NEAR_EXPIRY,NONE
INV-002219,MED-023,Vildagliptin 50mg,Antidiabetic,BAT-023-569,PHARM-005,28,175.0,2026-09-07,2025-09-02,NEAR_EXPIRY,NONE
INV-002220,MED-021,Losartan 50mg,Cardiovascular,BAT-021-481,PHARM-005,297,62.0,2026-08-20,2026-06-26,NEAR_EXPIRY,NONE
INV-002221,MED-047,Iron + Folic Acid Tablets,Nutritional,BAT-047-180,PHARM-005,128,50.0,2027-03-17,2026-01-24,AVAILABLE,NONE
INV-002222,MED-026,Clopidogrel 75mg,Cardiovascular,BAT-026-122,PHARM-005,204,88.0,2027-02-22,2026-04-12,AVAILABLE,NONE
INV-002223,MED-042,Escitalopram 10mg,Psychiatric,BAT-042-860,PHARM-005,49,85.0,2027-05-23,2026-06-05,AVAILABLE,NONE
INV-002224,MED-051,Metronidazole 400mg,Antibiotic,BAT-051-296,PHARM-005,29,32.0,2026-08-31,2025-09-26,NEAR_EXPIRY,NONE
INV-002225,MED-024,Dapagliflozin 10mg,Antidiabetic,BAT-024-687,PHARM-005,270,220.0,2026-09-04,2025-11-15,NEAR_EXPIRY,NONE
INV-002226,MED-043,Sertraline 50mg,Psychiatric,BAT-043-146,PHARM-005,31,105.0,2026-08-27,2025-09-09,NEAR_EXPIRY,NONE
INV-002227,MED-027,Aspirin 75mg Gastro-resistant,Cardiovascular,BAT-027-312,PHARM-005,53,22.0,2027-09-15,2026-07-06,AVAILABLE,NONE
INV-002228,MED-018,Enoxaparin 40mg Injection,Cardiovascular,BAT-018-373,PHARM-005,101,450.0,2026-10-04,2025-11-21,AVAILABLE,NONE
INV-002229,MED-007,Telmisartan 40mg,Cardiovascular,BAT-007-326,PHARM-005,76,78.0,2026-07-24,2026-03-22,EXPIRED,NONE
INV-002230,MED-005,Human Regular Insulin 100IU,Antidiabetic,BAT-005-726,PHARM-005,231,350.0,2027-08-21,2026-02-18,AVAILABLE,NONE
INV-002231,MED-030,Doxycycline 100mg,Antibiotic,BAT-030-702,PHARM-005,158,68.0,2026-09-24,2025-12-12,AVAILABLE,NONE
INV-002232,MED-025,Rosuvastatin 10mg,Cardiovascular,BAT-025-587,PHARM-005,101,110.0,2026-07-23,2025-10-03,EXPIRED,NONE
INV-002233,MED-023,Vildagliptin 50mg,Antidiabetic,BAT-023-942,PHARM-005,253,175.0,2026-08-21,2025-11-30,NEAR_EXPIRY,NONE
INV-002234,MED-045,Calcium 500mg + Vitamin D3,Nutritional,BAT-045-274,PHARM-005,70,65.0,2026-08-23,2025-12-28,NEAR_EXPIRY,NONE
INV-002235,MED-036,Prednisolone 10mg,Steroid,BAT-036-453,PHARM-005,127,30.0,2026-09-07,2026-06-03,NEAR_EXPIRY,NONE
INV-002236,MED-029,Rabeprazole 20mg,Gastrointestinal,BAT-029-790,PHARM-005,169,75.0,2026-07-05,2025-11-18,EXPIRED,NONE
INV-002237,MED-011,Cefixime 200mg,Antibiotic,BAT-011-739,PHARM-005,215,140.0,2026-09-27,2026-01-16,AVAILABLE,NONE
INV-002238,MED-002,Amoxicillin + Clavulanate 625mg,Antibiotic,BAT-002-869,PHARM-005,80,185.0,2026-09-29,2026-02-20,AVAILABLE,NONE
INV-002239,MED-025,Rosuvastatin 10mg,Cardiovascular,BAT-025-650,PHARM-005,13,110.0,2026-08-25,2026-05-09,NEAR_EXPIRY,NONE
INV-002240,MED-008,Amlodipine 5mg,Cardiovascular,BAT-008-684,PHARM-005,152,38.0,2026-08-16,2026-02-17,NEAR_EXPIRY,NONE
INV-002241,MED-023,Vildagliptin 50mg,Antidiabetic,BAT-023-869,PHARM-005,91,175.0,2026-10-03,2026-03-26,AVAILABLE,NONE
INV-002242,MED-021,Losartan 50mg,Cardiovascular,BAT-021-888,PHARM-005,246,62.0,2026-10-05,2026-01-11,AVAILABLE,NONE
INV-002243,MED-044,Thyroxine Sodium 50mcg,Endocrine,BAT-044-748,PHARM-005,150,125.0,2026-09-08,2025-08-24,NEAR_EXPIRY,NONE
INV-002244,MED-032,Linezolid 600mg,Antibiotic,BAT-032-874,PHARM-005,95,340.0,2026-09-05,2025-11-20,NEAR_EXPIRY,NONE
INV-002245,MED-001,Paracetamol 650mg,Analgesic,BAT-001-645,PHARM-005,64,32.5,2027-09-14,2026-01-25,AVAILABLE,NONE
INV-002246,MED-044,Thyroxine Sodium 50mcg,Endocrine,BAT-044-200,PHARM-005,127,125.0,2026-09-27,2025-12-31,AVAILABLE,NONE
INV-002247,MED-027,Aspirin 75mg Gastro-resistant,Cardiovascular,BAT-027-293,PHARM-005,55,22.0,2026-07-30,2025-08-24,EXPIRED,NONE
INV-002248,MED-040,Spironolactone 25mg,Cardiovascular,BAT-040-734,PHARM-005,166,48.0,2027-08-16,2025-10-31,AVAILABLE,NONE
INV-002249,MED-047,Iron + Folic Acid Tablets,Nutritional,BAT-047-518,PHARM-005,15,50.0,2026-08-29,2026-07-04,NEAR_EXPIRY,NONE
INV-002250,MED-024,Dapagliflozin 10mg,Antidiabetic,BAT-024-123,PHARM-005,119,220.0,2027-09-13,2025-09-11,AVAILABLE,NONE
INV-002251,MED-036,Prednisolone 10mg,Steroid,BAT-036-623,PHARM-005,137,30.0,2027-01-04,2026-04-08,AVAILABLE,NONE
INV-002252,MED-024,Dapagliflozin 10mg,Antidiabetic,BAT-024-840,PHARM-005,39,220.0,2026-08-20,2026-03-15,NEAR_EXPIRY,NONE
INV-002253,MED-019,Meropenem 1g Injection,Antibiotic,BAT-019-166,PHARM-005,375,850.0,2026-09-05,2026-06-30,NEAR_EXPIRY,NONE
INV-002254,MED-029,Rabeprazole 20mg,Gastrointestinal,BAT-029-347,PHARM-005,184,75.0,2027-06-27,2026-04-16,AVAILABLE,NONE
INV-002255,MED-008,Amlodipine 5mg,Cardiovascular,BAT-008-922,PHARM-005,82,38.0,2027-01-03,2025-09-09,AVAILABLE,NONE
INV-002256,MED-030,Doxycycline 100mg,Antibiotic,BAT-030-839,PHARM-005,194,68.0,2026-08-11,2026-06-10,EXPIRED,NONE
INV-002257,MED-044,Thyroxine Sodium 50mcg,Endocrine,BAT-044-516,PHARM-005,38,125.0,2027-04-29,2025-10-22,AVAILABLE,NONE
INV-002258,MED-051,Metronidazole 400mg,Antibiotic,BAT-051-527,PHARM-005,50,32.0,2027-07-16,2026-03-04,AVAILABLE,NONE
INV-002259,MED-046,Vitamin B-Complex + B12,Nutritional,BAT-046-895,PHARM-005,202,40.0,2026-10-01,2025-09-08,AVAILABLE,NONE
INV-002260,MED-002,Amoxicillin + Clavulanate 625mg,Antibiotic,BAT-002-549,PHARM-005,94,185.0,2026-11-13,2025-11-11,AVAILABLE,NONE
INV-002261,MED-052,Fluconazole 150mg,Antifungal,BAT-052-507,PHARM-005,361,45.0,2026-09-13,2026-06-25,NEAR_EXPIRY,NONE
INV-002262,MED-029,Rabeprazole 20mg,Gastrointestinal,BAT-029-538,PHARM-005,18,75.0,2026-08-21,2026-05-13,NEAR_EXPIRY,NONE
INV-002263,MED-024,Dapagliflozin 10mg,Antidiabetic,BAT-024-522,PHARM-005,173,220.0,2026-08-16,2026-01-23,NEAR_EXPIRY,NONE
INV-002264,MED-007,Telmisartan 40mg,Cardiovascular,BAT-007-437,PHARM-005,250,78.0,2027-06-05,2025-08-21,AVAILABLE,NONE
INV-002265,MED-046,Vitamin B-Complex + B12,Nutritional,BAT-046-603,PHARM-005,95,40.0,2027-04-07,2026-03-12,AVAILABLE,NONE
INV-002266,MED-045,Calcium 500mg + Vitamin D3,Nutritional,BAT-045-555,PHARM-005,165,65.0,2027-02-23,2026-01-27,AVAILABLE,NONE
INV-002267,MED-018,Enoxaparin 40mg Injection,Cardiovascular,BAT-018-708,PHARM-005,153,450.0,2026-12-28,2026-06-27,AVAILABLE,NONE
INV-002268,MED-019,Meropenem 1g Injection,Antibiotic,BAT-019-126,PHARM-005,112,850.0,2027-07-29,2026-03-24,AVAILABLE,NONE
INV-002269,MED-046,Vitamin B-Complex + B12,Nutritional,BAT-046-398,PHARM-005,165,40.0,2027-01-03,2026-02-08,AVAILABLE,NONE
INV-002270,MED-041,Alprazolam 0.5mg,Psychiatric,BAT-041-412,PHARM-005,59,35.0,2027-03-13,2025-11-14,AVAILABLE,NONE
INV-002271,MED-048,Diclofenac Sodium 50mg,Analgesic,BAT-048-924,PHARM-005,265,30.0,2026-08-17,2026-05-11,NEAR_EXPIRY,NONE
INV-002272,MED-015,Budesonide Inhaler 200mcg,Respiratory,BAT-015-128,PHARM-005,169,280.0,2026-09-18,2026-03-29,AVAILABLE,NONE
INV-002273,MED-001,Paracetamol 650mg,Analgesic,BAT-001-365,PHARM-005,123,32.5,2027-07-05,2026-01-10,AVAILABLE,NONE
INV-002274,MED-031,Levofloxacin 500mg,Antibiotic,BAT-031-733,PHARM-005,59,95.0,2027-09-08,2026-04-19,AVAILABLE,NONE
INV-002275,MED-038,Fexofenadine 120mg,Antihistamine,BAT-038-973,PHARM-005,22,82.0,2026-09-02,2025-11-01,NEAR_EXPIRY,NONE
INV-002276,MED-056,Bisoprolol 2.5mg,Cardiovascular,BAT-056-637,PHARM-005,10,72.0,2026-08-18,2025-11-11,NEAR_EXPIRY,NONE
INV-002277,MED-020,Piperacillin + Tazobactam 4.5g,Antibiotic,BAT-020-311,PHARM-005,34,490.0,2026-08-19,2026-03-23,NEAR_EXPIRY,NONE
INV-002278,MED-023,Vildagliptin 50mg,Antidiabetic,BAT-023-610,PHARM-005,23,175.0,2026-10-04,2025-11-22,AVAILABLE,NONE
INV-002279,MED-054,Ranitidine 150mg,Gastrointestinal,BAT-054-864,PHARM-005,113,25.0,2027-01-25,2025-10-20,AVAILABLE,NONE
INV-002280,MED-043,Sertraline 50mg,Psychiatric,BAT-043-133,PHARM-005,149,105.0,2026-09-24,2025-12-23,AVAILABLE,NONE
INV-002281,MED-005,Human Regular Insulin 100IU,Antidiabetic,BAT-005-377,PHARM-005,243,350.0,2027-07-16,2025-10-05,AVAILABLE,NONE
INV-002282,MED-006,Atorvastatin 20mg,Cardiovascular,BAT-006-917,PHARM-005,83,95.0,2026-09-30,2026-06-17,AVAILABLE,NONE
INV-002283,MED-016,Ibuprofen 400mg,Analgesic,BAT-016-362,PHARM-005,239,28.0,2027-09-12,2026-04-13,AVAILABLE,NONE
INV-002284,MED-016,Ibuprofen 400mg,Analgesic,BAT-016-333,PHARM-005,223,28.0,2026-08-19,2025-11-24,NEAR_EXPIRY,NONE
INV-002285,MED-013,Montelukast + Levocetirizine,Respiratory,BAT-013-850,PHARM-005,153,115.0,2026-12-20,2026-06-13,AVAILABLE,NONE
INV-002286,MED-020,Piperacillin + Tazobactam 4.5g,Antibiotic,BAT-020-162,PHARM-005,34,490.0,2026-09-09,2026-03-31,NEAR_EXPIRY,NONE
INV-002287,MED-035,Dexamethasone 4mg Injection,Steroid,BAT-035-900,PHARM-005,12,25.0,2026-09-11,2026-06-19,NEAR_EXPIRY,NONE
INV-002288,MED-029,Rabeprazole 20mg,Gastrointestinal,BAT-029-185,PHARM-005,105,75.0,2026-08-19,2025-11-14,NEAR_EXPIRY,NONE
INV-002289,MED-020,Piperacillin + Tazobactam 4.5g,Antibiotic,BAT-020-682,PHARM-005,48,490.0,2026-10-11,2026-07-11,AVAILABLE,NONE
INV-002290,MED-047,Iron + Folic Acid Tablets,Nutritional,BAT-047-553,PHARM-005,166,50.0,2026-08-21,2025-08-20,NEAR_EXPIRY,NONE
INV-002291,MED-049,Aceclofenac + Paracetamol,Analgesic,BAT-049-516,PHARM-005,134,60.0,2026-09-11,2025-09-11,NEAR_EXPIRY,NONE
INV-002292,MED-033,Vancomycin 500mg Injection,Antibiotic,BAT-033-390,PHARM-005,270,420.0,2026-09-08,2025-08-19,NEAR_EXPIRY,NONE
INV-002293,MED-036,Prednisolone 10mg,Steroid,BAT-036-615,PHARM-005,213,30.0,2026-09-17,2026-02-07,AVAILABLE,NONE
INV-002294,MED-012,Ciprofloxacin 500mg,Antibiotic,BAT-012-599,PHARM-005,25,65.0,2026-09-07,2026-07-12,NEAR_EXPIRY,NONE
INV-002295,MED-005,Human Regular Insulin 100IU,Antidiabetic,BAT-005-878,PHARM-005,240,350.0,2026-12-01,2025-12-06,AVAILABLE,NONE
INV-002296,MED-029,Rabeprazole 20mg,Gastrointestinal,BAT-029-450,PHARM-005,69,75.0,2027-01-15,2025-08-23,AVAILABLE,NONE
INV-002297,MED-050,Loperamide 2mg,Gastrointestinal,BAT-050-211,PHARM-005,396,18.0,2026-09-07,2026-03-19,NEAR_EXPIRY,NONE
INV-002298,MED-031,Levofloxacin 500mg,Antibiotic,BAT-031-205,PHARM-005,166,95.0,2027-01-29,2026-02-12,AVAILABLE,NONE
INV-002299,MED-044,Thyroxine Sodium 50mcg,Endocrine,BAT-044-258,PHARM-005,22,125.0,2026-08-21,2026-01-31,NEAR_EXPIRY,NONE
INV-002300,MED-040,Spironolactone 25mg,Cardiovascular,BAT-040-778,PHARM-005,399,48.0,2026-09-07,2026-04-26,NEAR_EXPIRY,NONE
INV-002301,MED-018,Enoxaparin 40mg Injection,Cardiovascular,BAT-018-334,PHARM-005,233,450.0,2026-10-11,2026-03-03,AVAILABLE,NONE
INV-002302,MED-020,Piperacillin + Tazobactam 4.5g,Antibiotic,BAT-020-479,PHARM-005,130,490.0,2026-09-02,2026-05-02,NEAR_EXPIRY,NONE
INV-002303,MED-028,Ondansetron 4mg,Gastrointestinal,BAT-028-676,PHARM-005,215,42.0,2026-10-16,2025-12-26,AVAILABLE,NONE
INV-002304,MED-026,Clopidogrel 75mg,Cardiovascular,BAT-026-156,PHARM-005,204,88.0,2026-08-26,2025-12-18,NEAR_EXPIRY,NONE
INV-002305,MED-013,Montelukast + Levocetirizine,Respiratory,BAT-013-313,PHARM-005,132,115.0,2026-09-02,2026-03-06,NEAR_EXPIRY,NONE
INV-002306,MED-021,Losartan 50mg,Cardiovascular,BAT-021-671,PHARM-005,178,62.0,2027-02-01,2025-10-02,AVAILABLE,NONE
INV-002307,MED-033,Vancomycin 500mg Injection,Antibiotic,BAT-033-550,PHARM-005,133,420.0,2026-08-16,2026-02-25,NEAR_EXPIRY,NONE
INV-002308,MED-047,Iron + Folic Acid Tablets,Nutritional,BAT-047-707,PHARM-005,219,50.0,2026-11-06,2025-11-17,AVAILABLE,NONE
INV-002309,MED-043,Sertraline 50mg,Psychiatric,BAT-043-499,PHARM-005,28,105.0,2026-09-10,2025-11-08,NEAR_EXPIRY,NONE
INV-002310,MED-004,Metformin 500mg SR,Antidiabetic,BAT-004-754,PHARM-005,122,45.0,2026-09-02,2026-01-21,NEAR_EXPIRY,NONE
INV-002311,MED-009,Pantoprazole 40mg,Gastrointestinal,BAT-009-867,PHARM-005,36,85.0,2026-09-04,2026-06-08,NEAR_EXPIRY,NONE
INV-002312,MED-038,Fexofenadine 120mg,Antihistamine,BAT-038-406,PHARM-005,283,82.0,2026-08-15,2025-09-25,NEAR_EXPIRY,NONE
INV-002313,MED-035,Dexamethasone 4mg Injection,Steroid,BAT-035-881,PHARM-005,94,25.0,2026-10-10,2026-03-04,AVAILABLE,NONE
INV-002314,MED-045,Calcium 500mg + Vitamin D3,Nutritional,BAT-045-122,PHARM-005,242,65.0,2026-11-17,2026-05-05,AVAILABLE,NONE
INV-002315,MED-051,Metronidazole 400mg,Antibiotic,BAT-051-816,PHARM-005,217,32.0,2027-04-16,2026-02-05,AVAILABLE,NONE
INV-002316,MED-029,Rabeprazole 20mg,Gastrointestinal,BAT-029-865,PHARM-005,167,75.0,2026-08-18,2026-03-28,NEAR_EXPIRY,NONE
INV-002317,MED-013,Montelukast + Levocetirizine,Respiratory,BAT-013-793,PHARM-005,80,115.0,2026-08-22,2026-03-05,NEAR_EXPIRY,NONE
INV-002318,MED-028,Ondansetron 4mg,Gastrointestinal,BAT-028-505,PHARM-005,35,42.0,2027-07-11,2025-11-08,AVAILABLE,NONE
INV-002319,MED-059,Empagliflozin 25mg,Antidiabetic,BAT-059-624,PHARM-005,28,290.0,2026-07-17,2026-01-05,EXPIRED,NONE
INV-002320,MED-033,Vancomycin 500mg Injection,Antibiotic,BAT-033-994,PHARM-005,92,420.0,2027-06-22,2026-01-29,AVAILABLE,NONE
INV-002321,MED-037,Cetirizine 10mg,Antihistamine,BAT-037-441,PHARM-005,164,20.0,2026-08-09,2025-08-25,EXPIRED,NONE
INV-002322,MED-006,Atorvastatin 20mg,Cardiovascular,BAT-006-671,PHARM-005,151,95.0,2026-10-09,2026-05-19,AVAILABLE,NONE
INV-002323,MED-055,Betamethasone 0.5mg,Steroid,BAT-055-971,PHARM-005,176,15.0,2026-09-28,2026-06-01,AVAILABLE,NONE
INV-002324,MED-042,Escitalopram 10mg,Psychiatric,BAT-042-295,PHARM-005,229,85.0,2027-05-22,2026-06-08,AVAILABLE,NONE
INV-002325,MED-018,Enoxaparin 40mg Injection,Cardiovascular,BAT-018-576,PHARM-005,186,450.0,2026-12-30,2025-11-26,AVAILABLE,NONE
INV-002326,MED-022,Glimepiride 2mg,Antidiabetic,BAT-022-174,PHARM-005,136,52.0,2026-09-24,2026-04-13,AVAILABLE,NONE
INV-002327,MED-034,Methylprednisolone 16mg,Steroid,BAT-034-899,PHARM-005,167,110.0,2027-05-07,2025-12-06,AVAILABLE,NONE
INV-002328,MED-019,Meropenem 1g Injection,Antibiotic,BAT-019-106,PHARM-005,22,850.0,2026-10-23,2025-08-30,AVAILABLE,NONE
INV-002329,MED-015,Budesonide Inhaler 200mcg,Respiratory,BAT-015-430,PHARM-005,133,280.0,2026-08-21,2025-12-09,NEAR_EXPIRY,NONE
INV-002330,MED-042,Escitalopram 10mg,Psychiatric,BAT-042-781,PHARM-005,110,85.0,2027-08-04,2026-04-04,AVAILABLE,NONE
INV-002331,MED-058,Sitagliptin 100mg,Antidiabetic,BAT-058-832,PHARM-005,14,240.0,2026-08-21,2025-09-23,NEAR_EXPIRY,NONE
INV-002332,MED-007,Telmisartan 40mg,Cardiovascular,BAT-007-126,PHARM-005,30,78.0,2026-10-11,2025-10-15,AVAILABLE,NONE
INV-002333,MED-050,Loperamide 2mg,Gastrointestinal,BAT-050-230,PHARM-005,20,18.0,2026-08-24,2025-10-12,NEAR_EXPIRY,NONE
INV-002334,MED-043,Sertraline 50mg,Psychiatric,BAT-043-313,PHARM-005,18,105.0,2026-09-04,2026-04-03,NEAR_EXPIRY,NONE
INV-002335,MED-050,Loperamide 2mg,Gastrointestinal,BAT-050-463,PHARM-005,146,18.0,2026-08-18,2026-07-02,NEAR_EXPIRY,NONE
INV-002336,MED-056,Bisoprolol 2.5mg,Cardiovascular,BAT-056-861,PHARM-005,24,72.0,2026-09-05,2026-03-31,NEAR_EXPIRY,NONE
INV-002337,MED-050,Loperamide 2mg,Gastrointestinal,BAT-050-489,PHARM-005,64,18.0,2026-11-30,2025-09-16,AVAILABLE,NONE
INV-002338,MED-033,Vancomycin 500mg Injection,Antibiotic,BAT-033-692,PHARM-005,80,420.0,2026-08-21,2025-10-24,NEAR_EXPIRY,NONE
INV-002339,MED-048,Diclofenac Sodium 50mg,Analgesic,BAT-048-719,PHARM-005,126,30.0,2027-03-25,2026-01-13,AVAILABLE,NONE
INV-002340,MED-013,Montelukast + Levocetirizine,Respiratory,BAT-013-315,PHARM-005,142,115.0,2027-04-16,2026-05-30,AVAILABLE,NONE
INV-002341,MED-017,Tramadol 50mg,Analgesic,BAT-017-620,PHARM-005,21,90.0,2026-10-22,2026-05-19,AVAILABLE,NONE
INV-002342,MED-025,Rosuvastatin 10mg,Cardiovascular,BAT-025-922,PHARM-005,45,110.0,2026-10-11,2025-12-12,AVAILABLE,NONE
INV-002343,MED-023,Vildagliptin 50mg,Antidiabetic,BAT-023-469,PHARM-005,237,175.0,2027-05-24,2026-02-07,AVAILABLE,NONE
INV-002344,MED-042,Escitalopram 10mg,Psychiatric,BAT-042-407,PHARM-005,186,85.0,2026-11-26,2026-03-20,AVAILABLE,NONE
INV-002345,MED-042,Escitalopram 10mg,Psychiatric,BAT-042-929,PHARM-005,90,85.0,2026-10-22,2025-12-28,AVAILABLE,NONE
INV-002346,MED-047,Iron + Folic Acid Tablets,Nutritional,BAT-047-762,PHARM-005,65,50.0,2026-07-29,2026-01-31,EXPIRED,NONE
INV-002347,MED-037,Cetirizine 10mg,Antihistamine,BAT-037-109,PHARM-005,197,20.0,2026-09-18,2026-05-11,AVAILABLE,NONE
INV-002348,MED-031,Levofloxacin 500mg,Antibiotic,BAT-031-880,PHARM-005,241,95.0,2026-07-31,2026-06-26,EXPIRED,NONE
INV-002349,MED-048,Diclofenac Sodium 50mg,Analgesic,BAT-048-776,PHARM-005,36,30.0,2026-09-04,2026-02-15,NEAR_EXPIRY,NONE
INV-002350,MED-012,Ciprofloxacin 500mg,Antibiotic,BAT-012-631,PHARM-005,113,65.0,2027-01-14,2026-04-29,AVAILABLE,NONE
INV-002351,MED-057,Carvedilol 6.25mg,Cardiovascular,BAT-057-212,PHARM-005,98,54.0,2026-07-31,2026-04-23,EXPIRED,NONE
INV-002352,MED-026,Clopidogrel 75mg,Cardiovascular,BAT-026-740,PHARM-005,179,88.0,2027-02-26,2026-01-05,AVAILABLE,NONE
INV-002353,MED-021,Losartan 50mg,Cardiovascular,BAT-021-129,PHARM-005,86,62.0,2026-09-06,2026-07-02,NEAR_EXPIRY,NONE
INV-002354,MED-003,Azithromycin 500mg,Antibiotic,BAT-003-652,PHARM-005,63,120.0,2027-07-09,2026-01-03,AVAILABLE,NONE
INV-002355,MED-011,Cefixime 200mg,Antibiotic,BAT-011-202,PHARM-005,12,140.0,2026-08-29,2026-07-08,NEAR_EXPIRY,NONE
INV-002356,MED-031,Levofloxacin 500mg,Antibiotic,BAT-031-575,PHARM-005,132,95.0,2027-07-15,2025-12-15,AVAILABLE,NONE
INV-002357,MED-009,Pantoprazole 40mg,Gastrointestinal,BAT-009-977,PHARM-005,99,85.0,2026-10-14,2025-09-10,AVAILABLE,NONE
INV-002358,MED-031,Levofloxacin 500mg,Antibiotic,BAT-031-580,PHARM-005,444,95.0,2026-08-20,2026-03-06,NEAR_EXPIRY,NONE
INV-002359,MED-043,Sertraline 50mg,Psychiatric,BAT-043-833,PHARM-005,232,105.0,2026-10-07,2026-05-27,AVAILABLE,NONE
INV-002360,MED-055,Betamethasone 0.5mg,Steroid,BAT-055-684,PHARM-005,257,15.0,2026-08-19,2026-04-06,NEAR_EXPIRY,NONE
INV-002361,MED-006,Atorvastatin 20mg,Cardiovascular,BAT-006-861,PHARM-005,247,95.0,2027-03-07,2026-05-28,AVAILABLE,NONE
INV-002362,MED-040,Spironolactone 25mg,Cardiovascular,BAT-040-207,PHARM-005,284,48.0,2026-08-27,2026-03-10,NEAR_EXPIRY,NONE
INV-002363,MED-030,Doxycycline 100mg,Antibiotic,BAT-030-784,PHARM-005,246,68.0,2026-10-02,2025-09-16,AVAILABLE,NONE
INV-002364,MED-018,Enoxaparin 40mg Injection,Cardiovascular,BAT-018-878,PHARM-005,348,450.0,2026-09-02,2026-05-09,NEAR_EXPIRY,NONE
INV-002365,MED-060,Albumin Human 20% 100ml,Critical Care,BAT-060-971,PHARM-005,181,3200.0,2027-04-29,2026-06-28,AVAILABLE,NONE
INV-002366,MED-004,Metformin 500mg SR,Antidiabetic,BAT-004-913,PHARM-005,56,45.0,2026-10-21,2026-04-05,AVAILABLE,NONE
INV-002367,MED-041,Alprazolam 0.5mg,Psychiatric,BAT-041-134,PHARM-005,173,35.0,2026-08-17,2026-03-16,NEAR_EXPIRY,NONE
INV-002368,MED-013,Montelukast + Levocetirizine,Respiratory,BAT-013-743,PHARM-005,136,115.0,2026-09-20,2025-09-23,AVAILABLE,NONE
INV-002369,MED-040,Spironolactone 25mg,Cardiovascular,BAT-040-369,PHARM-005,91,48.0,2026-10-07,2025-10-09,AVAILABLE,NONE
INV-002370,MED-042,Escitalopram 10mg,Psychiatric,BAT-042-886,PHARM-005,248,85.0,2027-04-04,2025-10-25,AVAILABLE,NONE
INV-002371,MED-012,Ciprofloxacin 500mg,Antibiotic,BAT-012-361,PHARM-005,217,65.0,2027-06-20,2026-01-22,AVAILABLE,NONE
INV-002372,MED-036,Prednisolone 10mg,Steroid,BAT-036-567,PHARM-005,215,30.0,2027-04-07,2026-05-27,AVAILABLE,NONE
INV-002373,MED-034,Methylprednisolone 16mg,Steroid,BAT-034-369,PHARM-005,184,110.0,2027-05-20,2026-06-13,AVAILABLE,NONE
INV-002374,MED-002,Amoxicillin + Clavulanate 625mg,Antibiotic,BAT-002-656,PHARM-005,230,185.0,2026-08-18,2026-05-12,NEAR_EXPIRY,NONE
INV-002375,MED-046,Vitamin B-Complex + B12,Nutritional,BAT-046-402,PHARM-005,135,40.0,2027-03-20,2026-05-12,AVAILABLE,NONE
INV-002376,MED-028,Ondansetron 4mg,Gastrointestinal,BAT-028-666,PHARM-005,66,42.0,2027-06-29,2026-06-03,AVAILABLE,NONE
INV-002377,MED-026,Clopidogrel 75mg,Cardiovascular,BAT-026-939,PHARM-005,31,88.0,2026-08-21,2025-10-27,NEAR_EXPIRY,NONE
INV-002378,MED-013,Montelukast + Levocetirizine,Respiratory,BAT-013-851,PHARM-005,58,115.0,2026-10-08,2026-01-15,AVAILABLE,NONE
INV-002379,MED-037,Cetirizine 10mg,Antihistamine,BAT-037-980,PHARM-005,156,20.0,2026-10-09,2025-10-17,AVAILABLE,NONE
INV-002380,MED-024,Dapagliflozin 10mg,Antidiabetic,BAT-024-652,PHARM-005,62,220.0,2027-07-12,2026-03-20,AVAILABLE,NONE
INV-002381,MED-024,Dapagliflozin 10mg,Antidiabetic,BAT-024-262,PHARM-005,182,220.0,2027-09-04,2026-05-25,AVAILABLE,NONE
INV-002382,MED-055,Betamethasone 0.5mg,Steroid,BAT-055-733,PHARM-005,158,15.0,2026-12-30,2026-03-22,AVAILABLE,NONE
INV-002383,MED-040,Spironolactone 25mg,Cardiovascular,BAT-040-534,PHARM-005,430,48.0,2026-09-03,2026-04-03,NEAR_EXPIRY,NONE
INV-002384,MED-027,Aspirin 75mg Gastro-resistant,Cardiovascular,BAT-027-587,PHARM-005,264,22.0,2026-08-31,2025-11-18,NEAR_EXPIRY,NONE
INV-002385,MED-036,Prednisolone 10mg,Steroid,BAT-036-784,PHARM-005,67,30.0,2026-09-10,2026-02-06,NEAR_EXPIRY,NONE
INV-002386,MED-009,Pantoprazole 40mg,Gastrointestinal,BAT-009-247,PHARM-005,120,85.0,2027-02-15,2025-11-11,AVAILABLE,NONE
INV-002387,MED-051,Metronidazole 400mg,Antibiotic,BAT-051-263,PHARM-005,69,32.0,2026-10-02,2025-08-19,AVAILABLE,NONE
INV-002388,MED-016,Ibuprofen 400mg,Analgesic,BAT-016-954,PHARM-005,55,28.0,2026-07-27,2026-01-17,EXPIRED,NONE
INV-002389,MED-058,Sitagliptin 100mg,Antidiabetic,BAT-058-511,PHARM-005,192,240.0,2027-08-09,2026-05-13,AVAILABLE,NONE
INV-002390,MED-010,Omeprazole 20mg,Gastrointestinal,BAT-010-310,PHARM-005,202,55.0,2026-08-17,2025-11-30,NEAR_EXPIRY,NONE
INV-002391,MED-008,Amlodipine 5mg,Cardiovascular,BAT-008-633,PHARM-005,180,38.0,2026-10-08,2026-02-06,AVAILABLE,NONE
INV-002392,MED-039,Hydrochlorothiazide 12.5mg,Cardiovascular,BAT-039-582,PHARM-005,230,24.0,2027-03-15,2026-03-19,AVAILABLE,NONE
INV-002393,MED-008,Amlodipine 5mg,Cardiovascular,BAT-008-654,PHARM-005,245,38.0,2026-09-16,2025-09-06,AVAILABLE,NONE
INV-002394,MED-049,Aceclofenac + Paracetamol,Analgesic,BAT-049-837,PHARM-005,117,60.0,2026-11-03,2026-01-22,AVAILABLE,NONE
INV-002395,MED-054,Ranitidine 150mg,Gastrointestinal,BAT-054-361,PHARM-005,169,25.0,2026-09-27,2026-05-19,AVAILABLE,NONE
INV-002396,MED-011,Cefixime 200mg,Antibiotic,BAT-011-997,PHARM-005,153,140.0,2027-02-06,2025-11-08,AVAILABLE,NONE
INV-002397,MED-007,Telmisartan 40mg,Cardiovascular,BAT-007-190,PHARM-005,81,78.0,2027-04-17,2025-09-10,AVAILABLE,NONE
INV-002398,MED-056,Bisoprolol 2.5mg,Cardiovascular,BAT-056-970,PHARM-005,127,72.0,2027-05-23,2025-11-04,AVAILABLE,NONE
INV-002399,MED-004,Metformin 500mg SR,Antidiabetic,BAT-004-753,PHARM-005,235,45.0,2027-03-06,2026-05-23,AVAILABLE,NONE
INV-002400,MED-047,Iron + Folic Acid Tablets,Nutritional,BAT-047-850,PHARM-005,150,50.0,2027-09-06,2026-02-24,AVAILABLE,NONE
INV-002401,MED-022,Glimepiride 2mg,Antidiabetic,BAT-022-529,PHARM-005,23,52.0,2026-11-25,2026-03-09,AVAILABLE,NONE
INV-002402,MED-007,Telmisartan 40mg,Cardiovascular,BAT-007-830,PHARM-005,161,78.0,2026-09-06,2025-11-09,NEAR_EXPIRY,NONE
INV-002403,MED-007,Telmisartan 40mg,Cardiovascular,BAT-007-899,PHARM-005,164,78.0,2026-10-10,2025-11-08,AVAILABLE,NONE
INV-002404,MED-025,Rosuvastatin 10mg,Cardiovascular,BAT-025-721,PHARM-005,30,110.0,2027-04-27,2025-10-23,AVAILABLE,NONE
INV-002405,MED-039,Hydrochlorothiazide 12.5mg,Cardiovascular,BAT-039-210,PHARM-005,45,24.0,2027-09-08,2025-09-16,AVAILABLE,NONE
INV-002406,MED-037,Cetirizine 10mg,Antihistamine,BAT-037-197,PHARM-005,112,20.0,2027-02-13,2026-05-16,AVAILABLE,NONE
INV-002407,MED-038,Fexofenadine 120mg,Antihistamine,BAT-038-788,PHARM-005,203,82.0,2026-09-26,2025-09-09,AVAILABLE,NONE
INV-002408,MED-048,Diclofenac Sodium 50mg,Analgesic,BAT-048-140,PHARM-005,238,30.0,2026-09-28,2026-01-19,AVAILABLE,NONE
INV-002409,MED-030,Doxycycline 100mg,Antibiotic,BAT-030-687,PHARM-005,228,68.0,2026-07-19,2025-10-21,EXPIRED,NONE
INV-002410,MED-052,Fluconazole 150mg,Antifungal,BAT-052-743,PHARM-005,75,45.0,2026-10-27,2025-12-06,AVAILABLE,NONE
INV-002411,MED-037,Cetirizine 10mg,Antihistamine,BAT-037-285,PHARM-005,45,20.0,2026-09-24,2026-07-03,AVAILABLE,NONE
INV-002412,MED-019,Meropenem 1g Injection,Antibiotic,BAT-019-522,PHARM-005,111,850.0,2027-02-20,2026-07-01,AVAILABLE,NONE
INV-002413,MED-053,Itraconazole 100mg,Antifungal,BAT-053-799,PHARM-005,18,165.0,2026-08-29,2026-01-20,NEAR_EXPIRY,NONE
INV-002414,MED-021,Losartan 50mg,Cardiovascular,BAT-021-569,PHARM-005,132,62.0,2026-08-27,2025-08-24,NEAR_EXPIRY,NONE
INV-002415,MED-049,Aceclofenac + Paracetamol,Analgesic,BAT-049-456,PHARM-005,105,60.0,2026-11-28,2026-04-18,AVAILABLE,NONE
INV-002416,MED-023,Vildagliptin 50mg,Antidiabetic,BAT-023-731,PHARM-005,101,175.0,2027-02-07,2025-10-13,AVAILABLE,NONE
INV-002417,MED-054,Ranitidine 150mg,Gastrointestinal,BAT-054-413,PHARM-005,183,25.0,2026-11-29,2026-05-25,AVAILABLE,NONE
INV-002418,MED-026,Clopidogrel 75mg,Cardiovascular,BAT-026-420,PHARM-005,213,88.0,2026-09-19,2025-08-31,AVAILABLE,NONE
INV-002419,MED-025,Rosuvastatin 10mg,Cardiovascular,BAT-025-307,PHARM-005,109,110.0,2027-06-19,2026-03-02,AVAILABLE,NONE
INV-002420,MED-022,Glimepiride 2mg,Antidiabetic,BAT-022-925,PHARM-005,63,52.0,2027-01-03,2025-12-03,AVAILABLE,NONE
INV-002421,MED-021,Losartan 50mg,Cardiovascular,BAT-021-116,PHARM-005,379,62.0,2026-08-17,2026-05-19,NEAR_EXPIRY,NONE
INV-002422,MED-036,Prednisolone 10mg,Steroid,BAT-036-403,PHARM-005,178,30.0,2026-09-26,2025-10-02,AVAILABLE,NONE
INV-002423,MED-045,Calcium 500mg + Vitamin D3,Nutritional,BAT-045-177,PHARM-005,153,65.0,2026-08-20,2026-04-05,NEAR_EXPIRY,NONE
INV-002424,MED-010,Omeprazole 20mg,Gastrointestinal,BAT-010-833,PHARM-005,54,55.0,2026-09-26,2026-01-22,AVAILABLE,NONE
INV-002425,MED-059,Empagliflozin 25mg,Antidiabetic,BAT-059-494,PHARM-005,177,290.0,2027-03-13,2026-05-23,AVAILABLE,NONE
INV-002426,MED-037,Cetirizine 10mg,Antihistamine,BAT-037-184,PHARM-005,231,20.0,2027-05-28,2026-01-31,AVAILABLE,NONE
INV-002427,MED-003,Azithromycin 500mg,Antibiotic,BAT-003-351,PHARM-005,257,120.0,2026-08-17,2025-10-08,NEAR_EXPIRY,NONE
INV-002428,MED-015,Budesonide Inhaler 200mcg,Respiratory,BAT-015-351,PHARM-005,75,280.0,2026-10-09,2026-03-22,AVAILABLE,NONE
INV-002429,MED-010,Omeprazole 20mg,Gastrointestinal,BAT-010-112,PHARM-005,173,55.0,2026-08-22,2026-02-14,NEAR_EXPIRY,NONE
INV-002430,MED-027,Aspirin 75mg Gastro-resistant,Cardiovascular,BAT-027-669,PHARM-005,125,22.0,2027-01-20,2025-10-06,AVAILABLE,NONE
INV-002431,MED-012,Ciprofloxacin 500mg,Antibiotic,BAT-012-968,PHARM-005,167,65.0,2026-10-04,2025-10-23,AVAILABLE,NONE
INV-002432,MED-057,Carvedilol 6.25mg,Cardiovascular,BAT-057-496,PHARM-005,225,54.0,2027-04-18,2026-03-04,AVAILABLE,NONE
INV-002433,MED-052,Fluconazole 150mg,Antifungal,BAT-052-369,PHARM-005,219,45.0,2026-08-29,2025-12-07,NEAR_EXPIRY,NONE
INV-002434,MED-009,Pantoprazole 40mg,Gastrointestinal,BAT-009-429,PHARM-005,52,85.0,2027-08-06,2026-03-11,AVAILABLE,NONE
INV-002435,MED-007,Telmisartan 40mg,Cardiovascular,BAT-007-903,PHARM-005,100,78.0,2027-07-15,2025-10-29,AVAILABLE,NONE
INV-002436,MED-007,Telmisartan 40mg,Cardiovascular,BAT-007-926,PHARM-005,107,78.0,2026-09-02,2025-09-09,NEAR_EXPIRY,NONE
INV-002437,MED-037,Cetirizine 10mg,Antihistamine,BAT-037-956,PHARM-005,147,20.0,2026-09-28,2026-06-18,AVAILABLE,NONE
INV-002438,MED-038,Fexofenadine 120mg,Antihistamine,BAT-038-546,PHARM-005,25,82.0,2027-01-09,2026-06-12,AVAILABLE,NONE
INV-002439,MED-036,Prednisolone 10mg,Steroid,BAT-036-559,PHARM-005,142,30.0,2027-04-09,2025-10-02,AVAILABLE,NONE
INV-002440,MED-056,Bisoprolol 2.5mg,Cardiovascular,BAT-056-823,PHARM-005,36,72.0,2026-07-22,2026-05-01,EXPIRED,NONE
INV-002441,MED-047,Iron + Folic Acid Tablets,Nutritional,BAT-047-382,PHARM-005,310,50.0,2026-08-22,2025-09-27,NEAR_EXPIRY,NONE
INV-002442,MED-049,Aceclofenac + Paracetamol,Analgesic,BAT-049-236,PHARM-005,19,60.0,2026-09-05,2025-12-25,NEAR_EXPIRY,NONE
INV-002443,MED-037,Cetirizine 10mg,Antihistamine,BAT-037-917,PHARM-005,216,20.0,2026-12-26,2025-10-28,AVAILABLE,NONE
INV-002444,MED-035,Dexamethasone 4mg Injection,Steroid,BAT-035-797,PHARM-005,63,25.0,2026-08-22,2025-09-18,NEAR_EXPIRY,NONE
INV-002445,MED-038,Fexofenadine 120mg,Antihistamine,BAT-038-222,PHARM-005,125,82.0,2026-09-30,2026-06-09,AVAILABLE,NONE
INV-002446,MED-047,Iron + Folic Acid Tablets,Nutritional,BAT-047-265,PHARM-005,34,50.0,2026-09-10,2026-04-07,NEAR_EXPIRY,NONE
INV-002447,MED-002,Amoxicillin + Clavulanate 625mg,Antibiotic,BAT-002-764,PHARM-005,42,185.0,2027-04-01,2025-11-04,AVAILABLE,NONE
INV-002448,MED-007,Telmisartan 40mg,Cardiovascular,BAT-007-513,PHARM-005,226,78.0,2027-04-30,2025-09-25,AVAILABLE,NONE
INV-002449,MED-027,Aspirin 75mg Gastro-resistant,Cardiovascular,BAT-027-490,PHARM-005,74,22.0,2026-08-17,2025-11-15,NEAR_EXPIRY,NONE
INV-002450,MED-012,Ciprofloxacin 500mg,Antibiotic,BAT-012-824,PHARM-005,43,65.0,2027-06-26,2025-12-07,AVAILABLE,NONE
INV-002451,MED-012,Ciprofloxacin 500mg,Antibiotic,BAT-012-366,PHARM-005,70,65.0,2026-09-02,2025-12-22,NEAR_EXPIRY,NONE
INV-002452,MED-049,Aceclofenac + Paracetamol,Analgesic,BAT-049-196,PHARM-005,65,60.0,2026-09-10,2025-10-20,NEAR_EXPIRY,NONE
INV-002453,MED-007,Telmisartan 40mg,Cardiovascular,BAT-007-272,PHARM-005,23,78.0,2027-07-11,2026-07-15,AVAILABLE,NONE
INV-002454,MED-001,Paracetamol 650mg,Analgesic,BAT-001-434,PHARM-005,28,32.5,2026-09-09,2025-12-31,NEAR_EXPIRY,NONE
INV-002455,MED-012,Ciprofloxacin 500mg,Antibiotic,BAT-012-293,PHARM-005,157,65.0,2026-09-19,2025-08-24,AVAILABLE,NONE
INV-002456,MED-014,Salbutamol Inhaler 100mcg,Respiratory,BAT-014-453,PHARM-005,173,160.0,2027-01-01,2026-05-27,AVAILABLE,NONE
INV-002457,MED-024,Dapagliflozin 10mg,Antidiabetic,BAT-024-687,PHARM-005,149,220.0,2027-01-12,2026-04-16,AVAILABLE,NONE
INV-002458,MED-010,Omeprazole 20mg,Gastrointestinal,BAT-010-933,PHARM-005,157,55.0,2026-08-11,2025-11-30,EXPIRED,NONE
INV-002459,MED-057,Carvedilol 6.25mg,Cardiovascular,BAT-057-912,PHARM-005,94,54.0,2027-03-22,2026-05-15,AVAILABLE,NONE
INV-002460,MED-007,Telmisartan 40mg,Cardiovascular,BAT-007-457,PHARM-005,250,78.0,2026-09-19,2026-04-14,AVAILABLE,NONE
INV-002461,MED-007,Telmisartan 40mg,Cardiovascular,BAT-007-609,PHARM-005,106,78.0,2026-10-03,2026-04-08,AVAILABLE,NONE
INV-002462,MED-030,Doxycycline 100mg,Antibiotic,BAT-030-774,PHARM-005,49,68.0,2027-05-31,2025-10-08,AVAILABLE,NONE
INV-002463,MED-043,Sertraline 50mg,Psychiatric,BAT-043-667,PHARM-005,111,105.0,2026-09-02,2026-06-12,NEAR_EXPIRY,NONE
INV-002464,MED-013,Montelukast + Levocetirizine,Respiratory,BAT-013-913,PHARM-005,142,115.0,2026-08-10,2025-12-21,EXPIRED,NONE
INV-002465,MED-052,Fluconazole 150mg,Antifungal,BAT-052-963,PHARM-005,433,45.0,2026-08-19,2025-09-16,NEAR_EXPIRY,NONE
INV-002466,MED-037,Cetirizine 10mg,Antihistamine,BAT-037-688,PHARM-005,159,20.0,2026-10-08,2025-10-16,AVAILABLE,NONE
INV-002467,MED-042,Escitalopram 10mg,Psychiatric,BAT-042-305,PHARM-005,274,85.0,2026-09-05,2026-02-21,NEAR_EXPIRY,NONE
INV-002468,MED-028,Ondansetron 4mg,Gastrointestinal,BAT-028-513,PHARM-005,175,42.0,2026-09-06,2025-12-05,NEAR_EXPIRY,NONE
INV-002469,MED-036,Prednisolone 10mg,Steroid,BAT-036-595,PHARM-005,397,30.0,2026-09-06,2025-09-06,NEAR_EXPIRY,NONE
INV-002470,MED-045,Calcium 500mg + Vitamin D3,Nutritional,BAT-045-156,PHARM-005,42,65.0,2027-01-18,2025-10-18,AVAILABLE,NONE
INV-002471,MED-020,Piperacillin + Tazobactam 4.5g,Antibiotic,BAT-020-701,PHARM-005,100,490.0,2026-10-04,2025-09-26,AVAILABLE,NONE
INV-002472,MED-048,Diclofenac Sodium 50mg,Analgesic,BAT-048-149,PHARM-005,118,30.0,2026-07-25,2025-10-15,EXPIRED,NONE
INV-002473,MED-013,Montelukast + Levocetirizine,Respiratory,BAT-013-460,PHARM-005,243,115.0,2026-07-01,2025-10-13,EXPIRED,NONE
INV-002474,MED-028,Ondansetron 4mg,Gastrointestinal,BAT-028-856,PHARM-005,150,42.0,2026-09-19,2025-10-28,AVAILABLE,NONE
INV-002475,MED-024,Dapagliflozin 10mg,Antidiabetic,BAT-024-797,PHARM-005,137,220.0,2026-12-03,2026-06-23,AVAILABLE,NONE
INV-002476,MED-012,Ciprofloxacin 500mg,Antibiotic,BAT-012-326,PHARM-005,146,65.0,2026-07-31,2026-02-02,EXPIRED,NONE
INV-002477,MED-014,Salbutamol Inhaler 100mcg,Respiratory,BAT-014-684,PHARM-005,117,160.0,2026-09-15,2025-08-22,AVAILABLE,NONE
INV-002478,MED-014,Salbutamol Inhaler 100mcg,Respiratory,BAT-014-805,PHARM-005,81,160.0,2026-10-16,2026-05-17,AVAILABLE,NONE
INV-002479,MED-043,Sertraline 50mg,Psychiatric,BAT-043-933,PHARM-005,231,105.0,2027-05-01,2026-01-27,AVAILABLE,NONE
INV-002480,MED-015,Budesonide Inhaler 200mcg,Respiratory,BAT-015-480,PHARM-005,173,280.0,2026-08-04,2025-12-22,EXPIRED,NONE
INV-002481,MED-016,Ibuprofen 400mg,Analgesic,BAT-016-736,PHARM-005,194,28.0,2027-05-18,2026-03-05,AVAILABLE,NONE
INV-002482,MED-037,Cetirizine 10mg,Antihistamine,BAT-037-827,PHARM-005,304,20.0,2026-09-11,2025-08-29,NEAR_EXPIRY,NONE
INV-002483,MED-001,Paracetamol 650mg,Analgesic,BAT-001-525,PHARM-005,264,32.5,2026-08-28,2025-12-16,NEAR_EXPIRY,NONE
INV-002484,MED-001,Paracetamol 650mg,Analgesic,BAT-001-741,PHARM-005,52,32.5,2026-07-16,2025-12-25,EXPIRED,NONE
INV-002485,MED-043,Sertraline 50mg,Psychiatric,BAT-043-806,PHARM-005,49,105.0,2026-08-06,2026-03-23,EXPIRED,NONE
INV-002486,MED-011,Cefixime 200mg,Antibiotic,BAT-011-910,PHARM-005,103,140.0,2026-07-10,2025-11-07,EXPIRED,NONE
INV-002487,MED-011,Cefixime 200mg,Antibiotic,BAT-011-857,PHARM-005,92,140.0,2027-05-05,2026-03-06,AVAILABLE,NONE
INV-002488,MED-035,Dexamethasone 4mg Injection,Steroid,BAT-035-393,PHARM-005,47,25.0,2027-02-24,2026-02-20,AVAILABLE,NONE
INV-002489,MED-049,Aceclofenac + Paracetamol,Analgesic,BAT-049-222,PHARM-005,42,60.0,2027-01-25,2025-12-25,AVAILABLE,NONE
INV-002490,MED-036,Prednisolone 10mg,Steroid,BAT-036-966,PHARM-005,11,30.0,2026-09-07,2025-11-03,NEAR_EXPIRY,NONE
INV-002491,MED-008,Amlodipine 5mg,Cardiovascular,BAT-008-334,PHARM-005,41,38.0,2027-01-16,2026-06-26,AVAILABLE,NONE
INV-002492,MED-049,Aceclofenac + Paracetamol,Analgesic,BAT-049-810,PHARM-005,21,60.0,2026-09-10,2026-06-11,NEAR_EXPIRY,NONE
INV-002493,MED-029,Rabeprazole 20mg,Gastrointestinal,BAT-029-711,PHARM-005,216,75.0,2027-06-28,2026-06-24,AVAILABLE,NONE
INV-002494,MED-013,Montelukast + Levocetirizine,Respiratory,BAT-013-886,PHARM-005,165,115.0,2026-11-05,2026-03-30,AVAILABLE,NONE
INV-002495,MED-001,Paracetamol 650mg,Analgesic,BAT-001-256,PHARM-005,64,32.5,2027-02-19,2026-01-22,AVAILABLE,NONE
INV-002496,MED-023,Vildagliptin 50mg,Antidiabetic,BAT-023-573,PHARM-005,120,175.0,2026-11-11,2026-04-04,AVAILABLE,NONE
INV-002497,MED-025,Rosuvastatin 10mg,Cardiovascular,BAT-025-256,PHARM-005,67,110.0,2026-09-21,2026-02-16,AVAILABLE,NONE
INV-002498,MED-041,Alprazolam 0.5mg,Psychiatric,BAT-041-299,PHARM-005,26,35.0,2027-05-26,2026-01-25,AVAILABLE,NONE
INV-002499,MED-056,Bisoprolol 2.5mg,Cardiovascular,BAT-056-551,PHARM-005,155,72.0,2027-08-18,2026-06-10,AVAILABLE,NONE
INV-002500,MED-019,Meropenem 1g Injection,Antibiotic,BAT-019-670,PHARM-005,11,850.0,2026-08-17,2026-04-24,NEAR_EXPIRY,NONE
INV-002501,MED-027,Aspirin 75mg Gastro-resistant,Cardiovascular,BAT-027-630,PHARM-005,205,22.0,2026-08-03,2025-10-15,EXPIRED,NONE
INV-002502,MED-060,Albumin Human 20% 100ml,Critical Care,BAT-060-429,PHARM-005,195,3200.0,2026-08-07,2026-01-07,EXPIRED,NONE
INV-002503,MED-015,Budesonide Inhaler 200mcg,Respiratory,BAT-015-106,PHARM-005,228,280.0,2026-08-10,2026-01-01,EXPIRED,NONE
INV-002504,MED-025,Rosuvastatin 10mg,Cardiovascular,BAT-025-887,PHARM-005,344,110.0,2026-08-16,2025-09-28,NEAR_EXPIRY,NONE
INV-002505,MED-005,Human Regular Insulin 100IU,Antidiabetic,BAT-005-120,PHARM-005,118,350.0,2027-09-09,2025-11-14,AVAILABLE,NONE
INV-002506,MED-019,Meropenem 1g Injection,Antibiotic,BAT-019-802,PHARM-005,175,850.0,2026-08-29,2025-09-03,NEAR_EXPIRY,NONE
INV-002507,MED-023,Vildagliptin 50mg,Antidiabetic,BAT-023-751,PHARM-005,59,175.0,2026-10-12,2025-11-25,AVAILABLE,NONE
INV-002508,MED-030,Doxycycline 100mg,Antibiotic,BAT-030-649,PHARM-005,94,68.0,2026-08-31,2026-01-12,NEAR_EXPIRY,NONE
INV-002509,MED-017,Tramadol 50mg,Analgesic,BAT-017-264,PHARM-005,226,90.0,2027-05-23,2026-01-08,AVAILABLE,NONE
INV-002510,MED-020,Piperacillin + Tazobactam 4.5g,Antibiotic,BAT-020-247,PHARM-005,245,490.0,2026-10-06,2026-06-24,AVAILABLE,NONE
INV-002511,MED-035,Dexamethasone 4mg Injection,Steroid,BAT-035-972,PHARM-005,235,25.0,2026-12-17,2026-03-21,AVAILABLE,NONE
INV-002512,MED-041,Alprazolam 0.5mg,Psychiatric,BAT-041-461,PHARM-005,246,35.0,2027-05-17,2026-03-31,AVAILABLE,NONE
INV-002513,MED-027,Aspirin 75mg Gastro-resistant,Cardiovascular,BAT-027-571,PHARM-005,138,22.0,2026-09-26,2025-11-26,AVAILABLE,NONE
INV-002514,MED-024,Dapagliflozin 10mg,Antidiabetic,BAT-024-445,PHARM-005,205,220.0,2026-12-21,2026-01-30,AVAILABLE,NONE
INV-002515,MED-034,Methylprednisolone 16mg,Steroid,BAT-034-310,PHARM-005,442,110.0,2026-08-28,2026-03-12,NEAR_EXPIRY,NONE
INV-002516,MED-043,Sertraline 50mg,Psychiatric,BAT-043-902,PHARM-005,295,105.0,2026-09-05,2025-09-02,NEAR_EXPIRY,NONE
INV-002517,MED-020,Piperacillin + Tazobactam 4.5g,Antibiotic,BAT-020-318,PHARM-005,276,490.0,2026-08-15,2025-12-26,NEAR_EXPIRY,NONE
INV-002518,MED-027,Aspirin 75mg Gastro-resistant,Cardiovascular,BAT-027-152,PHARM-005,90,22.0,2026-09-08,2026-04-04,NEAR_EXPIRY,NONE
INV-002519,MED-060,Albumin Human 20% 100ml,Critical Care,BAT-060-629,PHARM-005,298,3200.0,2026-08-18,2025-12-06,NEAR_EXPIRY,NONE
INV-002520,MED-043,Sertraline 50mg,Psychiatric,BAT-043-276,PHARM-005,216,105.0,2027-07-29,2026-02-26,AVAILABLE,NONE
INV-002521,MED-010,Omeprazole 20mg,Gastrointestinal,BAT-010-756,PHARM-005,70,55.0,2026-10-09,2025-12-22,AVAILABLE,NONE
INV-002522,MED-010,Omeprazole 20mg,Gastrointestinal,BAT-010-521,PHARM-005,209,55.0,2026-10-11,2026-02-03,AVAILABLE,NONE
INV-002523,MED-009,Pantoprazole 40mg,Gastrointestinal,BAT-009-880,PHARM-005,26,85.0,2026-09-10,2025-11-08,NEAR_EXPIRY,NONE
INV-002524,MED-051,Metronidazole 400mg,Antibiotic,BAT-051-166,PHARM-005,104,32.0,2026-08-10,2026-06-02,EXPIRED,NONE
INV-002525,MED-055,Betamethasone 0.5mg,Steroid,BAT-055-192,PHARM-005,71,15.0,2027-04-14,2026-02-05,AVAILABLE,NONE
INV-002526,MED-010,Omeprazole 20mg,Gastrointestinal,BAT-010-318,PHARM-006,179,55.0,2027-04-17,2026-02-08,AVAILABLE,NONE
INV-002527,MED-059,Empagliflozin 25mg,Antidiabetic,BAT-059-423,PHARM-006,141,290.0,2027-05-30,2025-09-20,AVAILABLE,NONE
INV-002528,MED-022,Glimepiride 2mg,Antidiabetic,BAT-022-820,PHARM-006,35,52.0,2026-08-25,2026-04-17,NEAR_EXPIRY,NONE
INV-002529,MED-011,Cefixime 200mg,Antibiotic,BAT-011-525,PHARM-006,124,140.0,2026-10-03,2026-05-16,AVAILABLE,NONE
INV-002530,MED-011,Cefixime 200mg,Antibiotic,BAT-011-675,PHARM-006,91,140.0,2026-10-06,2025-10-06,AVAILABLE,NONE
INV-002531,MED-045,Calcium 500mg + Vitamin D3,Nutritional,BAT-045-968,PHARM-006,57,65.0,2027-09-18,2026-03-10,AVAILABLE,NONE
INV-002532,MED-059,Empagliflozin 25mg,Antidiabetic,BAT-059-555,PHARM-006,245,290.0,2026-12-22,2026-05-27,AVAILABLE,NONE
INV-002533,MED-025,Rosuvastatin 10mg,Cardiovascular,BAT-025-584,PHARM-006,25,110.0,2026-10-08,2026-01-02,AVAILABLE,NONE
INV-002534,MED-038,Fexofenadine 120mg,Antihistamine,BAT-038-804,PHARM-006,166,82.0,2027-08-09,2026-01-11,AVAILABLE,NONE
INV-002535,MED-012,Ciprofloxacin 500mg,Antibiotic,BAT-012-558,PHARM-006,108,65.0,2027-07-31,2026-07-05,AVAILABLE,NONE
INV-002536,MED-057,Carvedilol 6.25mg,Cardiovascular,BAT-057-447,PHARM-006,65,54.0,2026-11-18,2026-06-02,AVAILABLE,NONE
INV-002537,MED-009,Pantoprazole 40mg,Gastrointestinal,BAT-009-739,PHARM-006,48,85.0,2026-12-29,2026-02-12,AVAILABLE,NONE
INV-002538,MED-060,Albumin Human 20% 100ml,Critical Care,BAT-060-909,PHARM-006,94,3200.0,2027-03-27,2026-04-06,AVAILABLE,NONE
INV-002539,MED-046,Vitamin B-Complex + B12,Nutritional,BAT-046-911,PHARM-006,156,40.0,2026-09-06,2026-06-03,NEAR_EXPIRY,NONE
INV-002540,MED-055,Betamethasone 0.5mg,Steroid,BAT-055-358,PHARM-006,26,15.0,2026-09-30,2026-04-08,AVAILABLE,NONE
INV-002541,MED-032,Linezolid 600mg,Antibiotic,BAT-032-426,PHARM-006,199,340.0,2026-07-29,2026-04-21,EXPIRED,NONE
INV-002542,MED-020,Piperacillin + Tazobactam 4.5g,Antibiotic,BAT-020-369,PHARM-006,30,490.0,2027-04-04,2025-11-28,AVAILABLE,NONE
INV-002543,MED-018,Enoxaparin 40mg Injection,Cardiovascular,BAT-018-867,PHARM-006,161,450.0,2027-04-02,2025-11-23,AVAILABLE,NONE
INV-002544,MED-003,Azithromycin 500mg,Antibiotic,BAT-003-233,PHARM-006,24,120.0,2026-07-08,2025-08-30,EXPIRED,NONE
INV-002545,MED-020,Piperacillin + Tazobactam 4.5g,Antibiotic,BAT-020-489,PHARM-006,119,490.0,2027-04-26,2026-04-04,AVAILABLE,NONE
INV-002546,MED-003,Azithromycin 500mg,Antibiotic,BAT-003-811,PHARM-006,113,120.0,2027-04-03,2026-02-27,AVAILABLE,NONE
INV-002547,MED-052,Fluconazole 150mg,Antifungal,BAT-052-624,PHARM-006,53,45.0,2026-09-24,2025-12-10,AVAILABLE,NONE
INV-002548,MED-023,Vildagliptin 50mg,Antidiabetic,BAT-023-836,PHARM-006,92,175.0,2026-09-29,2026-03-04,AVAILABLE,NONE
INV-002549,MED-018,Enoxaparin 40mg Injection,Cardiovascular,BAT-018-185,PHARM-006,226,450.0,2026-11-26,2025-11-27,AVAILABLE,NONE
INV-002550,MED-043,Sertraline 50mg,Psychiatric,BAT-043-426,PHARM-006,227,105.0,2026-10-25,2025-10-28,AVAILABLE,NONE
INV-002551,MED-009,Pantoprazole 40mg,Gastrointestinal,BAT-009-925,PHARM-006,239,85.0,2026-08-27,2026-05-22,NEAR_EXPIRY,NONE
INV-002552,MED-052,Fluconazole 150mg,Antifungal,BAT-052-342,PHARM-006,205,45.0,2026-10-18,2026-06-01,AVAILABLE,NONE
INV-002553,MED-001,Paracetamol 650mg,Analgesic,BAT-001-854,PHARM-006,38,32.5,2027-08-26,2026-01-22,AVAILABLE,NONE
INV-002554,MED-010,Omeprazole 20mg,Gastrointestinal,BAT-010-696,PHARM-006,181,55.0,2027-06-06,2025-08-29,AVAILABLE,NONE
INV-002555,MED-056,Bisoprolol 2.5mg,Cardiovascular,BAT-056-438,PHARM-006,200,72.0,2026-09-15,2026-05-22,AVAILABLE,NONE
INV-002556,MED-009,Pantoprazole 40mg,Gastrointestinal,BAT-009-304,PHARM-006,73,85.0,2026-08-20,2026-06-04,NEAR_EXPIRY,NONE
INV-002557,MED-051,Metronidazole 400mg,Antibiotic,BAT-051-802,PHARM-006,282,32.0,2026-09-13,2026-03-18,NEAR_EXPIRY,NONE
INV-002558,MED-034,Methylprednisolone 16mg,Steroid,BAT-034-297,PHARM-006,174,110.0,2027-06-24,2025-11-14,AVAILABLE,NONE
INV-002559,MED-046,Vitamin B-Complex + B12,Nutritional,BAT-046-290,PHARM-006,28,40.0,2026-09-12,2025-11-17,NEAR_EXPIRY,NONE
INV-002560,MED-033,Vancomycin 500mg Injection,Antibiotic,BAT-033-106,PHARM-006,424,420.0,2026-08-16,2026-06-05,NEAR_EXPIRY,NONE
INV-002561,MED-037,Cetirizine 10mg,Antihistamine,BAT-037-293,PHARM-006,68,20.0,2026-11-21,2026-05-13,AVAILABLE,NONE
INV-002562,MED-012,Ciprofloxacin 500mg,Antibiotic,BAT-012-968,PHARM-006,61,65.0,2027-02-07,2026-02-01,AVAILABLE,NONE
INV-002563,MED-026,Clopidogrel 75mg,Cardiovascular,BAT-026-750,PHARM-006,123,88.0,2026-09-04,2025-09-15,NEAR_EXPIRY,NONE
INV-002564,MED-017,Tramadol 50mg,Analgesic,BAT-017-944,PHARM-006,21,90.0,2027-07-12,2026-01-20,AVAILABLE,NONE
INV-002565,MED-042,Escitalopram 10mg,Psychiatric,BAT-042-799,PHARM-006,65,85.0,2026-08-27,2026-03-09,NEAR_EXPIRY,NONE
INV-002566,MED-023,Vildagliptin 50mg,Antidiabetic,BAT-023-850,PHARM-006,130,175.0,2026-10-10,2026-06-15,AVAILABLE,NONE
INV-002567,MED-006,Atorvastatin 20mg,Cardiovascular,BAT-006-790,PHARM-006,42,95.0,2026-07-01,2025-11-29,EXPIRED,NONE
INV-002568,MED-021,Losartan 50mg,Cardiovascular,BAT-021-702,PHARM-006,193,62.0,2027-08-20,2026-01-11,AVAILABLE,NONE
INV-002569,MED-005,Human Regular Insulin 100IU,Antidiabetic,BAT-005-682,PHARM-006,135,350.0,2027-03-26,2026-03-03,AVAILABLE,NONE
INV-002570,MED-023,Vildagliptin 50mg,Antidiabetic,BAT-023-860,PHARM-006,280,175.0,2026-08-31,2025-11-12,NEAR_EXPIRY,NONE
INV-002571,MED-048,Diclofenac Sodium 50mg,Analgesic,BAT-048-294,PHARM-006,196,30.0,2026-09-15,2026-03-21,AVAILABLE,NONE
INV-002572,MED-023,Vildagliptin 50mg,Antidiabetic,BAT-023-519,PHARM-006,223,175.0,2027-03-29,2025-11-19,AVAILABLE,NONE
INV-002573,MED-055,Betamethasone 0.5mg,Steroid,BAT-055-512,PHARM-006,135,15.0,2027-06-08,2025-11-20,AVAILABLE,NONE
INV-002574,MED-010,Omeprazole 20mg,Gastrointestinal,BAT-010-245,PHARM-006,243,55.0,2026-09-14,2025-12-30,AVAILABLE,NONE
INV-002575,MED-009,Pantoprazole 40mg,Gastrointestinal,BAT-009-907,PHARM-006,14,85.0,2026-09-11,2026-02-03,NEAR_EXPIRY,NONE
INV-002576,MED-028,Ondansetron 4mg,Gastrointestinal,BAT-028-910,PHARM-006,74,42.0,2026-08-16,2026-04-18,NEAR_EXPIRY,NONE
INV-002577,MED-031,Levofloxacin 500mg,Antibiotic,BAT-031-253,PHARM-006,150,95.0,2026-08-22,2026-02-27,NEAR_EXPIRY,NONE
INV-002578,MED-054,Ranitidine 150mg,Gastrointestinal,BAT-054-974,PHARM-006,177,25.0,2026-08-28,2025-10-07,NEAR_EXPIRY,NONE
INV-002579,MED-055,Betamethasone 0.5mg,Steroid,BAT-055-263,PHARM-006,110,15.0,2026-11-13,2025-11-08,AVAILABLE,NONE
INV-002580,MED-007,Telmisartan 40mg,Cardiovascular,BAT-007-168,PHARM-006,94,78.0,2027-08-21,2026-01-31,AVAILABLE,NONE
INV-002581,MED-010,Omeprazole 20mg,Gastrointestinal,BAT-010-340,PHARM-006,126,55.0,2027-02-01,2025-10-23,AVAILABLE,NONE
INV-002582,MED-032,Linezolid 600mg,Antibiotic,BAT-032-113,PHARM-006,181,340.0,2026-09-24,2026-02-08,AVAILABLE,NONE
INV-002583,MED-020,Piperacillin + Tazobactam 4.5g,Antibiotic,BAT-020-800,PHARM-006,173,490.0,2026-09-17,2025-09-02,AVAILABLE,NONE
INV-002584,MED-009,Pantoprazole 40mg,Gastrointestinal,BAT-009-642,PHARM-006,294,85.0,2026-09-02,2026-02-21,NEAR_EXPIRY,NONE
INV-002585,MED-031,Levofloxacin 500mg,Antibiotic,BAT-031-164,PHARM-006,83,95.0,2026-09-27,2026-07-06,AVAILABLE,NONE
INV-002586,MED-014,Salbutamol Inhaler 100mcg,Respiratory,BAT-014-434,PHARM-006,182,160.0,2027-03-23,2026-03-18,AVAILABLE,NONE
INV-002587,MED-059,Empagliflozin 25mg,Antidiabetic,BAT-059-587,PHARM-006,223,290.0,2026-10-02,2026-02-22,AVAILABLE,NONE
INV-002588,MED-022,Glimepiride 2mg,Antidiabetic,BAT-022-815,PHARM-006,220,52.0,2027-03-27,2026-04-07,AVAILABLE,NONE
INV-002589,MED-041,Alprazolam 0.5mg,Psychiatric,BAT-041-686,PHARM-006,80,35.0,2027-08-22,2026-03-20,AVAILABLE,NONE
INV-002590,MED-053,Itraconazole 100mg,Antifungal,BAT-053-939,PHARM-006,247,165.0,2026-09-29,2026-03-10,AVAILABLE,NONE
INV-002591,MED-002,Amoxicillin + Clavulanate 625mg,Antibiotic,BAT-002-420,PHARM-006,212,185.0,2027-04-28,2025-10-27,AVAILABLE,NONE
INV-002592,MED-010,Omeprazole 20mg,Gastrointestinal,BAT-010-738,PHARM-006,118,55.0,2026-08-18,2026-02-01,NEAR_EXPIRY,NONE
INV-002593,MED-025,Rosuvastatin 10mg,Cardiovascular,BAT-025-896,PHARM-006,202,110.0,2027-03-04,2026-04-08,AVAILABLE,NONE
INV-002594,MED-010,Omeprazole 20mg,Gastrointestinal,BAT-010-472,PHARM-006,182,55.0,2026-09-21,2026-06-15,AVAILABLE,NONE
INV-002595,MED-001,Paracetamol 650mg,Analgesic,BAT-001-435,PHARM-006,163,32.5,2027-06-18,2026-01-14,AVAILABLE,NONE
INV-002596,MED-010,Omeprazole 20mg,Gastrointestinal,BAT-010-902,PHARM-006,100,55.0,2027-06-19,2026-02-26,AVAILABLE,NONE
INV-002597,MED-039,Hydrochlorothiazide 12.5mg,Cardiovascular,BAT-039-649,PHARM-006,68,24.0,2027-09-09,2026-04-04,AVAILABLE,NONE
INV-002598,MED-060,Albumin Human 20% 100ml,Critical Care,BAT-060-711,PHARM-006,334,3200.0,2026-08-20,2025-09-09,NEAR_EXPIRY,NONE
INV-002599,MED-019,Meropenem 1g Injection,Antibiotic,BAT-019-354,PHARM-006,238,850.0,2026-10-10,2026-01-04,AVAILABLE,NONE
INV-002600,MED-001,Paracetamol 650mg,Analgesic,BAT-001-405,PHARM-006,366,32.5,2026-08-31,2026-03-04,NEAR_EXPIRY,NONE
INV-002601,MED-049,Aceclofenac + Paracetamol,Analgesic,BAT-049-531,PHARM-006,24,60.0,2026-08-26,2026-06-05,NEAR_EXPIRY,NONE
INV-002602,MED-039,Hydrochlorothiazide 12.5mg,Cardiovascular,BAT-039-554,PHARM-006,250,24.0,2026-08-17,2026-02-05,NEAR_EXPIRY,NONE
INV-002603,MED-039,Hydrochlorothiazide 12.5mg,Cardiovascular,BAT-039-564,PHARM-006,20,24.0,2026-08-16,2026-02-20,NEAR_EXPIRY,NONE
INV-002604,MED-056,Bisoprolol 2.5mg,Cardiovascular,BAT-056-434,PHARM-006,100,72.0,2026-09-18,2025-10-06,AVAILABLE,NONE
INV-002605,MED-054,Ranitidine 150mg,Gastrointestinal,BAT-054-837,PHARM-006,131,25.0,2026-10-04,2026-01-04,AVAILABLE,NONE
INV-002606,MED-042,Escitalopram 10mg,Psychiatric,BAT-042-431,PHARM-006,58,85.0,2026-08-19,2025-12-25,NEAR_EXPIRY,NONE
INV-002607,MED-021,Losartan 50mg,Cardiovascular,BAT-021-679,PHARM-006,34,62.0,2026-07-12,2025-09-27,EXPIRED,NONE
INV-002608,MED-047,Iron + Folic Acid Tablets,Nutritional,BAT-047-834,PHARM-006,37,50.0,2026-10-13,2026-05-09,AVAILABLE,NONE
INV-002609,MED-009,Pantoprazole 40mg,Gastrointestinal,BAT-009-255,PHARM-006,80,85.0,2026-10-06,2026-05-24,AVAILABLE,NONE
INV-002610,MED-006,Atorvastatin 20mg,Cardiovascular,BAT-006-872,PHARM-006,40,95.0,2027-04-05,2026-01-12,AVAILABLE,NONE
INV-002611,MED-027,Aspirin 75mg Gastro-resistant,Cardiovascular,BAT-027-451,PHARM-006,35,22.0,2026-10-01,2026-06-10,AVAILABLE,NONE
INV-002612,MED-034,Methylprednisolone 16mg,Steroid,BAT-034-526,PHARM-006,160,110.0,2027-01-01,2025-08-21,AVAILABLE,NONE
INV-002613,MED-053,Itraconazole 100mg,Antifungal,BAT-053-191,PHARM-006,215,165.0,2026-09-17,2026-03-31,AVAILABLE,NONE
INV-002614,MED-059,Empagliflozin 25mg,Antidiabetic,BAT-059-989,PHARM-006,213,290.0,2026-08-23,2026-03-04,NEAR_EXPIRY,NONE
INV-002615,MED-054,Ranitidine 150mg,Gastrointestinal,BAT-054-814,PHARM-006,76,25.0,2026-09-15,2026-03-22,AVAILABLE,NONE
INV-002616,MED-049,Aceclofenac + Paracetamol,Analgesic,BAT-049-338,PHARM-006,148,60.0,2026-12-23,2026-04-28,AVAILABLE,NONE
INV-002617,MED-021,Losartan 50mg,Cardiovascular,BAT-021-430,PHARM-006,24,62.0,2027-05-04,2025-12-29,AVAILABLE,NONE
INV-002618,MED-033,Vancomycin 500mg Injection,Antibiotic,BAT-033-883,PHARM-006,202,420.0,2026-10-05,2026-02-17,AVAILABLE,NONE
INV-002619,MED-045,Calcium 500mg + Vitamin D3,Nutritional,BAT-045-524,PHARM-006,170,65.0,2026-08-01,2025-10-07,EXPIRED,NONE
INV-002620,MED-003,Azithromycin 500mg,Antibiotic,BAT-003-313,PHARM-006,109,120.0,2026-09-14,2026-03-20,AVAILABLE,NONE
INV-002621,MED-045,Calcium 500mg + Vitamin D3,Nutritional,BAT-045-182,PHARM-006,250,65.0,2027-07-01,2025-09-21,AVAILABLE,NONE
INV-002622,MED-054,Ranitidine 150mg,Gastrointestinal,BAT-054-268,PHARM-006,268,25.0,2026-09-08,2025-12-24,NEAR_EXPIRY,NONE
INV-002623,MED-024,Dapagliflozin 10mg,Antidiabetic,BAT-024-623,PHARM-006,34,220.0,2026-08-16,2025-12-29,NEAR_EXPIRY,NONE
INV-002624,MED-021,Losartan 50mg,Cardiovascular,BAT-021-366,PHARM-006,314,62.0,2026-08-17,2025-12-26,NEAR_EXPIRY,NONE
INV-002625,MED-042,Escitalopram 10mg,Psychiatric,BAT-042-787,PHARM-006,67,85.0,2027-01-26,2025-10-26,AVAILABLE,NONE
INV-002626,MED-008,Amlodipine 5mg,Cardiovascular,BAT-008-142,PHARM-006,71,38.0,2027-01-27,2025-12-29,AVAILABLE,NONE
INV-002627,MED-049,Aceclofenac + Paracetamol,Analgesic,BAT-049-683,PHARM-006,246,60.0,2027-01-31,2026-02-13,AVAILABLE,NONE
INV-002628,MED-038,Fexofenadine 120mg,Antihistamine,BAT-038-937,PHARM-006,108,82.0,2026-08-23,2026-02-10,NEAR_EXPIRY,NONE
INV-002629,MED-014,Salbutamol Inhaler 100mcg,Respiratory,BAT-014-623,PHARM-006,96,160.0,2026-08-28,2026-07-03,NEAR_EXPIRY,NONE
INV-002630,MED-014,Salbutamol Inhaler 100mcg,Respiratory,BAT-014-611,PHARM-006,120,160.0,2027-06-05,2025-12-29,AVAILABLE,NONE
INV-002631,MED-039,Hydrochlorothiazide 12.5mg,Cardiovascular,BAT-039-871,PHARM-006,163,24.0,2027-06-16,2026-04-22,AVAILABLE,NONE
INV-002632,MED-039,Hydrochlorothiazide 12.5mg,Cardiovascular,BAT-039-392,PHARM-006,246,24.0,2026-08-07,2026-03-10,EXPIRED,NONE
INV-002633,MED-001,Paracetamol 650mg,Analgesic,BAT-001-973,PHARM-006,22,32.5,2026-10-11,2026-06-30,AVAILABLE,NONE
INV-002634,MED-018,Enoxaparin 40mg Injection,Cardiovascular,BAT-018-100,PHARM-006,165,450.0,2026-10-07,2026-02-10,AVAILABLE,NONE
INV-002635,MED-011,Cefixime 200mg,Antibiotic,BAT-011-199,PHARM-006,158,140.0,2026-09-11,2026-06-18,NEAR_EXPIRY,NONE
INV-002636,MED-005,Human Regular Insulin 100IU,Antidiabetic,BAT-005-386,PHARM-006,217,350.0,2027-03-15,2025-12-14,AVAILABLE,NONE
INV-002637,MED-003,Azithromycin 500mg,Antibiotic,BAT-003-222,PHARM-006,230,120.0,2026-08-18,2026-02-11,NEAR_EXPIRY,NONE
INV-002638,MED-048,Diclofenac Sodium 50mg,Analgesic,BAT-048-798,PHARM-006,64,30.0,2027-06-14,2026-06-30,AVAILABLE,NONE
INV-002639,MED-001,Paracetamol 650mg,Analgesic,BAT-001-215,PHARM-006,242,32.5,2027-06-04,2026-06-01,AVAILABLE,NONE
INV-002640,MED-057,Carvedilol 6.25mg,Cardiovascular,BAT-057-693,PHARM-006,216,54.0,2026-08-22,2025-10-03,NEAR_EXPIRY,NONE
INV-002641,MED-045,Calcium 500mg + Vitamin D3,Nutritional,BAT-045-256,PHARM-006,116,65.0,2026-07-01,2026-03-27,EXPIRED,NONE
INV-002642,MED-002,Amoxicillin + Clavulanate 625mg,Antibiotic,BAT-002-138,PHARM-006,125,185.0,2026-09-28,2025-11-03,AVAILABLE,NONE
INV-002643,MED-012,Ciprofloxacin 500mg,Antibiotic,BAT-012-113,PHARM-006,36,65.0,2027-09-15,2025-09-23,AVAILABLE,NONE
INV-002644,MED-050,Loperamide 2mg,Gastrointestinal,BAT-050-997,PHARM-006,71,18.0,2027-06-16,2026-02-22,AVAILABLE,NONE
INV-002645,MED-052,Fluconazole 150mg,Antifungal,BAT-052-373,PHARM-006,80,45.0,2027-01-18,2026-07-03,AVAILABLE,NONE
INV-002646,MED-045,Calcium 500mg + Vitamin D3,Nutritional,BAT-045-558,PHARM-006,243,65.0,2026-11-05,2026-07-15,AVAILABLE,NONE
INV-002647,MED-037,Cetirizine 10mg,Antihistamine,BAT-037-955,PHARM-006,145,20.0,2026-10-06,2025-12-05,AVAILABLE,NONE
INV-002648,MED-051,Metronidazole 400mg,Antibiotic,BAT-051-337,PHARM-006,144,32.0,2026-08-24,2026-06-21,NEAR_EXPIRY,NONE
INV-002649,MED-035,Dexamethasone 4mg Injection,Steroid,BAT-035-267,PHARM-006,205,25.0,2027-04-22,2026-01-05,AVAILABLE,NONE
INV-002650,MED-036,Prednisolone 10mg,Steroid,BAT-036-653,PHARM-006,244,30.0,2026-09-11,2026-05-02,NEAR_EXPIRY,NONE
INV-002651,MED-026,Clopidogrel 75mg,Cardiovascular,BAT-026-481,PHARM-006,57,88.0,2027-03-12,2025-11-18,AVAILABLE,NONE
INV-002652,MED-053,Itraconazole 100mg,Antifungal,BAT-053-788,PHARM-006,112,165.0,2027-05-10,2025-11-04,AVAILABLE,NONE
INV-002653,MED-028,Ondansetron 4mg,Gastrointestinal,BAT-028-188,PHARM-006,141,42.0,2026-08-26,2025-09-10,NEAR_EXPIRY,NONE
INV-002654,MED-029,Rabeprazole 20mg,Gastrointestinal,BAT-029-871,PHARM-006,247,75.0,2027-01-06,2025-10-12,AVAILABLE,NONE
INV-002655,MED-003,Azithromycin 500mg,Antibiotic,BAT-003-451,PHARM-006,57,120.0,2027-08-30,2025-10-29,AVAILABLE,NONE
INV-002656,MED-039,Hydrochlorothiazide 12.5mg,Cardiovascular,BAT-039-449,PHARM-006,60,24.0,2026-10-07,2025-10-12,AVAILABLE,NONE
INV-002657,MED-055,Betamethasone 0.5mg,Steroid,BAT-055-917,PHARM-006,411,15.0,2026-08-21,2025-09-25,NEAR_EXPIRY,NONE
INV-002658,MED-026,Clopidogrel 75mg,Cardiovascular,BAT-026-183,PHARM-006,159,88.0,2027-06-27,2025-12-13,AVAILABLE,NONE
INV-002659,MED-003,Azithromycin 500mg,Antibiotic,BAT-003-632,PHARM-006,160,120.0,2026-09-22,2026-05-23,AVAILABLE,NONE
INV-002660,MED-043,Sertraline 50mg,Psychiatric,BAT-043-268,PHARM-006,145,105.0,2027-04-03,2026-03-21,AVAILABLE,NONE
INV-002661,MED-008,Amlodipine 5mg,Cardiovascular,BAT-008-433,PHARM-006,153,38.0,2026-09-26,2026-01-05,AVAILABLE,NONE
INV-002662,MED-043,Sertraline 50mg,Psychiatric,BAT-043-939,PHARM-006,33,105.0,2026-09-02,2025-12-26,NEAR_EXPIRY,NONE
INV-002663,MED-015,Budesonide Inhaler 200mcg,Respiratory,BAT-015-755,PHARM-006,197,280.0,2026-10-10,2025-08-20,AVAILABLE,NONE
INV-002664,MED-058,Sitagliptin 100mg,Antidiabetic,BAT-058-871,PHARM-006,224,240.0,2027-06-29,2026-04-10,AVAILABLE,NONE
INV-002665,MED-007,Telmisartan 40mg,Cardiovascular,BAT-007-607,PHARM-006,81,78.0,2027-03-19,2026-05-03,AVAILABLE,NONE
INV-002666,MED-049,Aceclofenac + Paracetamol,Analgesic,BAT-049-515,PHARM-006,183,60.0,2027-07-18,2026-02-10,AVAILABLE,NONE
INV-002667,MED-007,Telmisartan 40mg,Cardiovascular,BAT-007-934,PHARM-006,95,78.0,2026-08-12,2026-04-09,EXPIRED,NONE
INV-002668,MED-008,Amlodipine 5mg,Cardiovascular,BAT-008-312,PHARM-006,37,38.0,2026-11-19,2026-04-11,AVAILABLE,NONE
INV-002669,MED-017,Tramadol 50mg,Analgesic,BAT-017-563,PHARM-006,189,90.0,2026-09-25,2026-05-16,AVAILABLE,NONE
INV-002670,MED-026,Clopidogrel 75mg,Cardiovascular,BAT-026-110,PHARM-006,103,88.0,2026-09-03,2025-09-13,NEAR_EXPIRY,NONE
INV-002671,MED-040,Spironolactone 25mg,Cardiovascular,BAT-040-703,PHARM-006,30,48.0,2026-10-02,2025-11-13,AVAILABLE,NONE
INV-002672,MED-044,Thyroxine Sodium 50mcg,Endocrine,BAT-044-603,PHARM-006,27,125.0,2026-09-25,2026-06-29,AVAILABLE,NONE
INV-002673,MED-017,Tramadol 50mg,Analgesic,BAT-017-817,PHARM-006,212,90.0,2027-04-28,2025-11-15,AVAILABLE,NONE
INV-002674,MED-035,Dexamethasone 4mg Injection,Steroid,BAT-035-888,PHARM-006,178,25.0,2026-10-02,2026-05-26,AVAILABLE,NONE
INV-002675,MED-057,Carvedilol 6.25mg,Cardiovascular,BAT-057-459,PHARM-006,29,54.0,2027-04-26,2025-11-06,AVAILABLE,NONE
INV-002676,MED-032,Linezolid 600mg,Antibiotic,BAT-032-877,PHARM-006,43,340.0,2026-10-01,2026-06-01,AVAILABLE,NONE
INV-002677,MED-006,Atorvastatin 20mg,Cardiovascular,BAT-006-351,PHARM-006,117,95.0,2027-06-03,2025-08-26,AVAILABLE,NONE
INV-002678,MED-048,Diclofenac Sodium 50mg,Analgesic,BAT-048-445,PHARM-006,28,30.0,2026-09-29,2026-03-14,AVAILABLE,NONE
INV-002679,MED-021,Losartan 50mg,Cardiovascular,BAT-021-417,PHARM-006,75,62.0,2027-06-02,2025-10-06,AVAILABLE,NONE
INV-002680,MED-040,Spironolactone 25mg,Cardiovascular,BAT-040-520,PHARM-006,171,48.0,2026-08-05,2026-05-28,EXPIRED,NONE
INV-002681,MED-056,Bisoprolol 2.5mg,Cardiovascular,BAT-056-791,PHARM-006,37,72.0,2027-05-29,2026-07-01,AVAILABLE,NONE
INV-002682,MED-033,Vancomycin 500mg Injection,Antibiotic,BAT-033-285,PHARM-006,264,420.0,2026-09-09,2025-11-20,NEAR_EXPIRY,NONE
INV-002683,MED-008,Amlodipine 5mg,Cardiovascular,BAT-008-814,PHARM-006,135,38.0,2026-10-12,2025-10-24,AVAILABLE,NONE
INV-002684,MED-019,Meropenem 1g Injection,Antibiotic,BAT-019-974,PHARM-006,104,850.0,2026-07-06,2026-04-23,EXPIRED,NONE
INV-002685,MED-028,Ondansetron 4mg,Gastrointestinal,BAT-028-212,PHARM-006,70,42.0,2026-11-22,2026-04-27,AVAILABLE,NONE
INV-002686,MED-031,Levofloxacin 500mg,Antibiotic,BAT-031-597,PHARM-006,65,95.0,2026-07-03,2026-03-10,EXPIRED,NONE
INV-002687,MED-050,Loperamide 2mg,Gastrointestinal,BAT-050-485,PHARM-006,258,18.0,2026-08-29,2026-06-23,NEAR_EXPIRY,NONE
INV-002688,MED-029,Rabeprazole 20mg,Gastrointestinal,BAT-029-927,PHARM-006,56,75.0,2026-08-16,2026-05-17,NEAR_EXPIRY,NONE
INV-002689,MED-024,Dapagliflozin 10mg,Antidiabetic,BAT-024-913,PHARM-006,249,220.0,2026-07-11,2025-12-07,EXPIRED,NONE
INV-002690,MED-045,Calcium 500mg + Vitamin D3,Nutritional,BAT-045-477,PHARM-006,141,65.0,2026-09-27,2025-08-24,AVAILABLE,NONE
INV-002691,MED-003,Azithromycin 500mg,Antibiotic,BAT-003-385,PHARM-006,37,120.0,2026-09-27,2025-12-04,AVAILABLE,NONE
INV-002692,MED-005,Human Regular Insulin 100IU,Antidiabetic,BAT-005-189,PHARM-006,141,350.0,2027-04-15,2026-03-03,AVAILABLE,NONE
INV-002693,MED-026,Clopidogrel 75mg,Cardiovascular,BAT-026-619,PHARM-006,50,88.0,2026-12-23,2026-03-13,AVAILABLE,NONE
INV-002694,MED-002,Amoxicillin + Clavulanate 625mg,Antibiotic,BAT-002-265,PHARM-006,70,185.0,2026-10-05,2026-06-01,AVAILABLE,NONE
INV-002695,MED-029,Rabeprazole 20mg,Gastrointestinal,BAT-029-775,PHARM-006,448,75.0,2026-08-30,2025-10-09,NEAR_EXPIRY,NONE
INV-002696,MED-012,Ciprofloxacin 500mg,Antibiotic,BAT-012-696,PHARM-006,101,65.0,2026-08-15,2025-12-16,NEAR_EXPIRY,NONE
INV-002697,MED-009,Pantoprazole 40mg,Gastrointestinal,BAT-009-864,PHARM-006,150,85.0,2026-08-10,2025-12-27,EXPIRED,NONE
INV-002698,MED-051,Metronidazole 400mg,Antibiotic,BAT-051-112,PHARM-006,169,32.0,2026-09-22,2026-05-19,AVAILABLE,NONE
INV-002699,MED-034,Methylprednisolone 16mg,Steroid,BAT-034-109,PHARM-006,101,110.0,2026-12-23,2026-02-10,AVAILABLE,NONE
INV-002700,MED-059,Empagliflozin 25mg,Antidiabetic,BAT-059-349,PHARM-006,189,290.0,2027-01-18,2025-11-12,AVAILABLE,NONE
INV-002701,MED-031,Levofloxacin 500mg,Antibiotic,BAT-031-589,PHARM-006,237,95.0,2026-08-27,2025-11-12,NEAR_EXPIRY,NONE
INV-002702,MED-009,Pantoprazole 40mg,Gastrointestinal,BAT-009-978,PHARM-006,12,85.0,2026-08-21,2025-10-27,NEAR_EXPIRY,NONE
INV-002703,MED-037,Cetirizine 10mg,Antihistamine,BAT-037-268,PHARM-006,234,20.0,2026-09-27,2026-03-11,AVAILABLE,NONE
INV-002704,MED-041,Alprazolam 0.5mg,Psychiatric,BAT-041-470,PHARM-006,35,35.0,2027-05-10,2026-03-22,AVAILABLE,NONE
INV-002705,MED-049,Aceclofenac + Paracetamol,Analgesic,BAT-049-542,PHARM-006,27,60.0,2027-05-04,2026-06-24,AVAILABLE,NONE
INV-002706,MED-013,Montelukast + Levocetirizine,Respiratory,BAT-013-787,PHARM-006,36,115.0,2026-09-10,2026-01-05,NEAR_EXPIRY,NONE
INV-002707,MED-031,Levofloxacin 500mg,Antibiotic,BAT-031-729,PHARM-006,243,95.0,2027-09-09,2025-10-28,AVAILABLE,NONE
INV-002708,MED-049,Aceclofenac + Paracetamol,Analgesic,BAT-049-750,PHARM-006,19,60.0,2026-09-07,2026-04-26,NEAR_EXPIRY,NONE
INV-002709,MED-028,Ondansetron 4mg,Gastrointestinal,BAT-028-714,PHARM-006,41,42.0,2026-10-01,2026-06-30,AVAILABLE,NONE
INV-002710,MED-046,Vitamin B-Complex + B12,Nutritional,BAT-046-895,PHARM-006,114,40.0,2026-11-03,2026-05-02,AVAILABLE,NONE
INV-002711,MED-018,Enoxaparin 40mg Injection,Cardiovascular,BAT-018-502,PHARM-006,107,450.0,2026-10-09,2026-02-22,AVAILABLE,NONE
INV-002712,MED-020,Piperacillin + Tazobactam 4.5g,Antibiotic,BAT-020-956,PHARM-006,98,490.0,2026-10-13,2025-10-14,AVAILABLE,NONE
INV-002713,MED-055,Betamethasone 0.5mg,Steroid,BAT-055-581,PHARM-006,243,15.0,2026-10-08,2025-10-27,AVAILABLE,NONE
INV-002714,MED-054,Ranitidine 150mg,Gastrointestinal,BAT-054-804,PHARM-006,173,25.0,2027-08-19,2025-09-17,AVAILABLE,NONE
INV-002715,MED-043,Sertraline 50mg,Psychiatric,BAT-043-904,PHARM-006,175,105.0,2026-08-17,2025-09-25,NEAR_EXPIRY,NONE
INV-002716,MED-035,Dexamethasone 4mg Injection,Steroid,BAT-035-629,PHARM-006,181,25.0,2026-09-22,2025-09-03,AVAILABLE,NONE
INV-002717,MED-018,Enoxaparin 40mg Injection,Cardiovascular,BAT-018-377,PHARM-006,100,450.0,2026-09-21,2026-02-18,AVAILABLE,NONE
INV-002718,MED-060,Albumin Human 20% 100ml,Critical Care,BAT-060-431,PHARM-006,98,3200.0,2026-09-25,2026-03-15,AVAILABLE,NONE
INV-002719,MED-013,Montelukast + Levocetirizine,Respiratory,BAT-013-945,PHARM-006,91,115.0,2026-09-27,2026-01-25,AVAILABLE,NONE
INV-002720,MED-017,Tramadol 50mg,Analgesic,BAT-017-712,PHARM-006,216,90.0,2027-01-18,2025-12-10,AVAILABLE,NONE
INV-002721,MED-040,Spironolactone 25mg,Cardiovascular,BAT-040-905,PHARM-006,68,48.0,2027-03-14,2026-05-05,AVAILABLE,NONE
INV-002722,MED-044,Thyroxine Sodium 50mcg,Endocrine,BAT-044-802,PHARM-006,102,125.0,2027-07-24,2026-01-11,AVAILABLE,NONE
INV-002723,MED-014,Salbutamol Inhaler 100mcg,Respiratory,BAT-014-917,PHARM-006,50,160.0,2026-09-19,2025-11-21,AVAILABLE,NONE
INV-002724,MED-047,Iron + Folic Acid Tablets,Nutritional,BAT-047-840,PHARM-006,173,50.0,2026-09-20,2026-02-16,AVAILABLE,NONE
INV-002725,MED-051,Metronidazole 400mg,Antibiotic,BAT-051-748,PHARM-006,35,32.0,2026-08-20,2026-01-24,NEAR_EXPIRY,NONE
INV-002726,MED-026,Clopidogrel 75mg,Cardiovascular,BAT-026-595,PHARM-006,157,88.0,2027-06-06,2026-02-27,AVAILABLE,NONE
INV-002727,MED-022,Glimepiride 2mg,Antidiabetic,BAT-022-249,PHARM-006,51,52.0,2026-09-22,2026-03-07,AVAILABLE,NONE
INV-002728,MED-025,Rosuvastatin 10mg,Cardiovascular,BAT-025-932,PHARM-006,37,110.0,2026-10-15,2025-10-07,AVAILABLE,NONE
INV-002729,MED-013,Montelukast + Levocetirizine,Respiratory,BAT-013-931,PHARM-006,160,115.0,2027-06-03,2026-03-07,AVAILABLE,NONE
INV-002730,MED-038,Fexofenadine 120mg,Antihistamine,BAT-038-940,PHARM-006,70,82.0,2026-09-27,2026-02-24,AVAILABLE,NONE
INV-002731,MED-018,Enoxaparin 40mg Injection,Cardiovascular,BAT-018-152,PHARM-006,172,450.0,2026-09-29,2025-12-09,AVAILABLE,NONE
INV-002732,MED-007,Telmisartan 40mg,Cardiovascular,BAT-007-587,PHARM-006,96,78.0,2026-08-25,2025-12-04,NEAR_EXPIRY,NONE
INV-002733,MED-049,Aceclofenac + Paracetamol,Analgesic,BAT-049-920,PHARM-006,91,60.0,2026-08-09,2026-06-18,EXPIRED,NONE
INV-002734,MED-007,Telmisartan 40mg,Cardiovascular,BAT-007-661,PHARM-006,39,78.0,2026-08-25,2025-10-14,NEAR_EXPIRY,NONE
INV-002735,MED-058,Sitagliptin 100mg,Antidiabetic,BAT-058-776,PHARM-006,106,240.0,2026-08-06,2025-09-28,EXPIRED,NONE
INV-002736,MED-040,Spironolactone 25mg,Cardiovascular,BAT-040-836,PHARM-006,358,48.0,2026-08-29,2026-02-24,NEAR_EXPIRY,NONE
INV-002737,MED-037,Cetirizine 10mg,Antihistamine,BAT-037-869,PHARM-006,235,20.0,2027-04-13,2026-03-01,AVAILABLE,NONE
INV-002738,MED-016,Ibuprofen 400mg,Analgesic,BAT-016-255,PHARM-006,215,28.0,2026-09-24,2026-07-04,AVAILABLE,NONE
INV-002739,MED-015,Budesonide Inhaler 200mcg,Respiratory,BAT-015-275,PHARM-006,223,280.0,2026-09-10,2025-12-31,NEAR_EXPIRY,NONE
INV-002740,MED-048,Diclofenac Sodium 50mg,Analgesic,BAT-048-728,PHARM-006,44,30.0,2026-12-16,2026-02-27,AVAILABLE,NONE
INV-002741,MED-016,Ibuprofen 400mg,Analgesic,BAT-016-965,PHARM-006,29,28.0,2026-09-05,2025-12-19,NEAR_EXPIRY,NONE
INV-002742,MED-059,Empagliflozin 25mg,Antidiabetic,BAT-059-325,PHARM-006,311,290.0,2026-08-16,2026-02-22,NEAR_EXPIRY,NONE
INV-002743,MED-056,Bisoprolol 2.5mg,Cardiovascular,BAT-056-714,PHARM-006,45,72.0,2026-09-21,2025-12-30,AVAILABLE,NONE
INV-002744,MED-055,Betamethasone 0.5mg,Steroid,BAT-055-183,PHARM-006,58,15.0,2027-05-28,2025-12-18,AVAILABLE,NONE
INV-002745,MED-048,Diclofenac Sodium 50mg,Analgesic,BAT-048-493,PHARM-006,158,30.0,2026-10-25,2025-09-04,AVAILABLE,NONE
INV-002746,MED-049,Aceclofenac + Paracetamol,Analgesic,BAT-049-378,PHARM-006,131,60.0,2027-06-22,2026-04-01,AVAILABLE,NONE
INV-002747,MED-051,Metronidazole 400mg,Antibiotic,BAT-051-996,PHARM-006,179,32.0,2026-08-22,2025-10-20,NEAR_EXPIRY,NONE
INV-002748,MED-054,Ranitidine 150mg,Gastrointestinal,BAT-054-552,PHARM-006,353,25.0,2026-08-26,2025-09-08,NEAR_EXPIRY,NONE
INV-002749,MED-044,Thyroxine Sodium 50mcg,Endocrine,BAT-044-486,PHARM-006,75,125.0,2027-01-28,2026-04-20,AVAILABLE,NONE
INV-002750,MED-021,Losartan 50mg,Cardiovascular,BAT-021-461,PHARM-006,297,62.0,2026-09-13,2025-12-20,NEAR_EXPIRY,NONE
INV-002751,MED-057,Carvedilol 6.25mg,Cardiovascular,BAT-057-580,PHARM-006,82,54.0,2027-07-29,2026-07-03,AVAILABLE,NONE
INV-002752,MED-042,Escitalopram 10mg,Psychiatric,BAT-042-814,PHARM-006,25,85.0,2026-10-09,2026-06-12,AVAILABLE,NONE
INV-002753,MED-025,Rosuvastatin 10mg,Cardiovascular,BAT-025-685,PHARM-006,161,110.0,2026-08-22,2026-01-20,NEAR_EXPIRY,NONE
INV-002754,MED-059,Empagliflozin 25mg,Antidiabetic,BAT-059-534,PHARM-006,78,290.0,2026-09-25,2026-05-31,AVAILABLE,NONE
INV-002755,MED-018,Enoxaparin 40mg Injection,Cardiovascular,BAT-018-475,PHARM-006,76,450.0,2026-09-19,2026-03-04,AVAILABLE,NONE
INV-002756,MED-055,Betamethasone 0.5mg,Steroid,BAT-055-699,PHARM-006,227,15.0,2026-09-30,2025-08-19,AVAILABLE,NONE
INV-002757,MED-013,Montelukast + Levocetirizine,Respiratory,BAT-013-966,PHARM-006,32,115.0,2027-04-18,2026-06-27,AVAILABLE,NONE
INV-002758,MED-049,Aceclofenac + Paracetamol,Analgesic,BAT-049-334,PHARM-006,43,60.0,2027-01-03,2026-05-30,AVAILABLE,NONE
INV-002759,MED-040,Spironolactone 25mg,Cardiovascular,BAT-040-812,PHARM-006,154,48.0,2026-08-08,2025-10-05,EXPIRED,NONE
INV-002760,MED-060,Albumin Human 20% 100ml,Critical Care,BAT-060-361,PHARM-006,37,3200.0,2026-08-16,2025-11-26,NEAR_EXPIRY,NONE
INV-002761,MED-015,Budesonide Inhaler 200mcg,Respiratory,BAT-015-519,PHARM-006,17,280.0,2026-08-15,2026-02-06,NEAR_EXPIRY,NONE
INV-002762,MED-037,Cetirizine 10mg,Antihistamine,BAT-037-770,PHARM-006,40,20.0,2026-09-06,2026-04-16,NEAR_EXPIRY,NONE
INV-002763,MED-016,Ibuprofen 400mg,Analgesic,BAT-016-117,PHARM-006,37,28.0,2026-09-16,2026-04-06,AVAILABLE,NONE
INV-002764,MED-050,Loperamide 2mg,Gastrointestinal,BAT-050-203,PHARM-006,156,18.0,2027-01-13,2026-02-28,AVAILABLE,NONE
INV-002765,MED-008,Amlodipine 5mg,Cardiovascular,BAT-008-897,PHARM-006,205,38.0,2026-09-25,2025-11-21,AVAILABLE,NONE
INV-002766,MED-012,Ciprofloxacin 500mg,Antibiotic,BAT-012-256,PHARM-006,221,65.0,2027-02-16,2025-10-15,AVAILABLE,NONE
INV-002767,MED-001,Paracetamol 650mg,Analgesic,BAT-001-433,PHARM-006,228,32.5,2027-07-03,2026-04-19,AVAILABLE,NONE
INV-002768,MED-002,Amoxicillin + Clavulanate 625mg,Antibiotic,BAT-002-612,PHARM-006,54,185.0,2027-05-03,2025-10-30,AVAILABLE,NONE
INV-002769,MED-011,Cefixime 200mg,Antibiotic,BAT-011-149,PHARM-006,144,140.0,2026-08-16,2025-11-17,NEAR_EXPIRY,NONE
INV-002770,MED-030,Doxycycline 100mg,Antibiotic,BAT-030-351,PHARM-006,241,68.0,2026-08-15,2025-11-25,NEAR_EXPIRY,NONE
INV-002771,MED-039,Hydrochlorothiazide 12.5mg,Cardiovascular,BAT-039-872,PHARM-006,54,24.0,2026-07-20,2026-06-24,EXPIRED,NONE
INV-002772,MED-001,Paracetamol 650mg,Analgesic,BAT-001-394,PHARM-006,193,32.5,2026-09-29,2025-11-22,AVAILABLE,NONE
INV-002773,MED-049,Aceclofenac + Paracetamol,Analgesic,BAT-049-504,PHARM-006,247,60.0,2026-09-26,2025-10-07,AVAILABLE,NONE
INV-002774,MED-034,Methylprednisolone 16mg,Steroid,BAT-034-577,PHARM-006,153,110.0,2026-09-10,2025-10-22,NEAR_EXPIRY,NONE
INV-002775,MED-034,Methylprednisolone 16mg,Steroid,BAT-034-517,PHARM-006,52,110.0,2026-09-29,2026-04-21,AVAILABLE,NONE
INV-002776,MED-052,Fluconazole 150mg,Antifungal,BAT-052-137,PHARM-006,235,45.0,2026-07-21,2026-04-01,EXPIRED,NONE
INV-002777,MED-020,Piperacillin + Tazobactam 4.5g,Antibiotic,BAT-020-218,PHARM-006,116,490.0,2027-04-27,2025-09-09,AVAILABLE,NONE
INV-002778,MED-020,Piperacillin + Tazobactam 4.5g,Antibiotic,BAT-020-482,PHARM-006,54,490.0,2026-08-28,2026-07-03,NEAR_EXPIRY,NONE
INV-002779,MED-050,Loperamide 2mg,Gastrointestinal,BAT-050-753,PHARM-006,222,18.0,2026-10-02,2026-05-01,AVAILABLE,NONE
INV-002780,MED-049,Aceclofenac + Paracetamol,Analgesic,BAT-049-867,PHARM-006,121,60.0,2026-09-23,2026-05-05,AVAILABLE,NONE
INV-002781,MED-016,Ibuprofen 400mg,Analgesic,BAT-016-245,PHARM-006,84,28.0,2027-05-26,2026-07-07,AVAILABLE,NONE
INV-002782,MED-032,Linezolid 600mg,Antibiotic,BAT-032-508,PHARM-006,245,340.0,2027-04-22,2025-11-19,AVAILABLE,NONE
INV-002783,MED-014,Salbutamol Inhaler 100mcg,Respiratory,BAT-014-574,PHARM-006,82,160.0,2026-09-15,2026-05-10,AVAILABLE,NONE
INV-002784,MED-010,Omeprazole 20mg,Gastrointestinal,BAT-010-755,PHARM-006,169,55.0,2026-08-23,2026-05-25,NEAR_EXPIRY,NONE
INV-002785,MED-057,Carvedilol 6.25mg,Cardiovascular,BAT-057-769,PHARM-006,110,54.0,2026-07-26,2025-12-06,EXPIRED,NONE
INV-002786,MED-053,Itraconazole 100mg,Antifungal,BAT-053-624,PHARM-006,242,165.0,2026-10-13,2025-10-06,AVAILABLE,NONE
INV-002787,MED-055,Betamethasone 0.5mg,Steroid,BAT-055-590,PHARM-006,19,15.0,2026-08-28,2026-06-11,NEAR_EXPIRY,NONE
INV-002788,MED-007,Telmisartan 40mg,Cardiovascular,BAT-007-249,PHARM-006,361,78.0,2026-08-22,2025-10-01,NEAR_EXPIRY,NONE
INV-002789,MED-024,Dapagliflozin 10mg,Antidiabetic,BAT-024-124,PHARM-006,176,220.0,2026-10-09,2025-11-28,AVAILABLE,NONE
INV-002790,MED-030,Doxycycline 100mg,Antibiotic,BAT-030-455,PHARM-006,81,68.0,2026-09-02,2025-08-31,NEAR_EXPIRY,NONE
INV-002791,MED-049,Aceclofenac + Paracetamol,Analgesic,BAT-049-599,PHARM-006,190,60.0,2026-11-01,2025-12-06,AVAILABLE,NONE
INV-002792,MED-050,Loperamide 2mg,Gastrointestinal,BAT-050-661,PHARM-006,231,18.0,2026-09-18,2025-09-29,AVAILABLE,NONE
INV-002793,MED-025,Rosuvastatin 10mg,Cardiovascular,BAT-025-438,PHARM-006,88,110.0,2027-09-04,2025-12-02,AVAILABLE,NONE
INV-002794,MED-010,Omeprazole 20mg,Gastrointestinal,BAT-010-245,PHARM-006,18,55.0,2026-08-18,2026-04-06,NEAR_EXPIRY,NONE
INV-002795,MED-003,Azithromycin 500mg,Antibiotic,BAT-003-410,PHARM-006,127,120.0,2027-01-21,2026-07-09,AVAILABLE,NONE
INV-002796,MED-037,Cetirizine 10mg,Antihistamine,BAT-037-298,PHARM-006,129,20.0,2026-12-30,2025-12-14,AVAILABLE,NONE
INV-002797,MED-036,Prednisolone 10mg,Steroid,BAT-036-681,PHARM-006,20,30.0,2027-01-29,2026-03-07,AVAILABLE,NONE
INV-002798,MED-005,Human Regular Insulin 100IU,Antidiabetic,BAT-005-267,PHARM-006,66,350.0,2026-09-06,2026-06-26,NEAR_EXPIRY,NONE
INV-002799,MED-059,Empagliflozin 25mg,Antidiabetic,BAT-059-269,PHARM-006,357,290.0,2026-08-20,2025-11-05,NEAR_EXPIRY,NONE
INV-002800,MED-024,Dapagliflozin 10mg,Antidiabetic,BAT-024-971,PHARM-006,167,220.0,2027-02-23,2025-11-17,AVAILABLE,NONE
INV-002801,MED-036,Prednisolone 10mg,Steroid,BAT-036-661,PHARM-006,154,30.0,2026-09-24,2026-01-27,AVAILABLE,NONE
INV-002802,MED-010,Omeprazole 20mg,Gastrointestinal,BAT-010-783,PHARM-006,226,55.0,2026-09-22,2025-09-17,AVAILABLE,NONE
INV-002803,MED-039,Hydrochlorothiazide 12.5mg,Cardiovascular,BAT-039-896,PHARM-006,173,24.0,2026-08-22,2026-03-12,NEAR_EXPIRY,NONE
INV-002804,MED-033,Vancomycin 500mg Injection,Antibiotic,BAT-033-407,PHARM-006,33,420.0,2027-05-09,2025-11-02,AVAILABLE,NONE
INV-002805,MED-038,Fexofenadine 120mg,Antihistamine,BAT-038-407,PHARM-006,27,82.0,2026-08-16,2026-03-06,NEAR_EXPIRY,NONE
INV-002806,MED-057,Carvedilol 6.25mg,Cardiovascular,BAT-057-354,PHARM-006,198,54.0,2026-12-03,2025-11-20,AVAILABLE,NONE
INV-002807,MED-035,Dexamethasone 4mg Injection,Steroid,BAT-035-617,PHARM-006,127,25.0,2026-09-26,2026-01-11,AVAILABLE,NONE
INV-002808,MED-037,Cetirizine 10mg,Antihistamine,BAT-037-439,PHARM-006,442,20.0,2026-08-16,2026-02-12,NEAR_EXPIRY,NONE
INV-002809,MED-005,Human Regular Insulin 100IU,Antidiabetic,BAT-005-893,PHARM-006,131,350.0,2026-11-12,2026-02-05,AVAILABLE,NONE
INV-002810,MED-026,Clopidogrel 75mg,Cardiovascular,BAT-026-934,PHARM-006,135,88.0,2026-08-18,2025-12-06,NEAR_EXPIRY,NONE
INV-002811,MED-008,Amlodipine 5mg,Cardiovascular,BAT-008-415,PHARM-006,121,38.0,2026-09-29,2026-03-17,AVAILABLE,NONE
INV-002812,MED-038,Fexofenadine 120mg,Antihistamine,BAT-038-319,PHARM-006,93,82.0,2026-09-21,2025-12-20,AVAILABLE,NONE
INV-002813,MED-016,Ibuprofen 400mg,Analgesic,BAT-016-725,PHARM-006,20,28.0,2026-09-10,2026-04-22,NEAR_EXPIRY,NONE
INV-002814,MED-007,Telmisartan 40mg,Cardiovascular,BAT-007-184,PHARM-006,58,78.0,2026-10-18,2026-06-03,AVAILABLE,NONE
INV-002815,MED-035,Dexamethasone 4mg Injection,Steroid,BAT-035-538,PHARM-006,58,25.0,2027-09-10,2025-11-05,AVAILABLE,NONE
INV-002816,MED-004,Metformin 500mg SR,Antidiabetic,BAT-004-102,PHARM-006,373,45.0,2026-08-16,2025-11-16,NEAR_EXPIRY,NONE
INV-002817,MED-059,Empagliflozin 25mg,Antidiabetic,BAT-059-946,PHARM-006,30,290.0,2026-11-27,2026-01-14,AVAILABLE,NONE
INV-002818,MED-011,Cefixime 200mg,Antibiotic,BAT-011-417,PHARM-006,12,140.0,2026-08-19,2026-01-27,NEAR_EXPIRY,NONE
INV-002819,MED-053,Itraconazole 100mg,Antifungal,BAT-053-296,PHARM-006,47,165.0,2027-06-22,2026-04-19,AVAILABLE,NONE
INV-002820,MED-018,Enoxaparin 40mg Injection,Cardiovascular,BAT-018-707,PHARM-006,38,450.0,2026-09-30,2026-02-16,AVAILABLE,NONE
INV-002821,MED-054,Ranitidine 150mg,Gastrointestinal,BAT-054-727,PHARM-006,240,25.0,2026-08-18,2026-02-20,NEAR_EXPIRY,NONE
INV-002822,MED-050,Loperamide 2mg,Gastrointestinal,BAT-050-816,PHARM-006,122,18.0,2026-08-19,2025-10-25,NEAR_EXPIRY,NONE
INV-002823,MED-055,Betamethasone 0.5mg,Steroid,BAT-055-446,PHARM-006,111,15.0,2027-06-02,2026-04-23,AVAILABLE,NONE
INV-002824,MED-033,Vancomycin 500mg Injection,Antibiotic,BAT-033-413,PHARM-006,127,420.0,2027-05-07,2026-02-15,AVAILABLE,NONE
INV-002825,MED-052,Fluconazole 150mg,Antifungal,BAT-052-340,PHARM-006,81,45.0,2027-01-29,2026-02-07,AVAILABLE,NONE
INV-002826,MED-030,Doxycycline 100mg,Antibiotic,BAT-030-252,PHARM-006,170,68.0,2026-08-10,2026-04-27,EXPIRED,NONE
INV-002827,MED-057,Carvedilol 6.25mg,Cardiovascular,BAT-057-220,PHARM-006,14,54.0,2026-08-18,2026-05-01,NEAR_EXPIRY,NONE
INV-002828,MED-019,Meropenem 1g Injection,Antibiotic,BAT-019-888,PHARM-006,81,850.0,2027-08-06,2026-01-26,AVAILABLE,NONE
INV-002829,MED-046,Vitamin B-Complex + B12,Nutritional,BAT-046-593,PHARM-006,184,40.0,2026-10-13,2025-12-05,AVAILABLE,NONE
INV-002830,MED-043,Sertraline 50mg,Psychiatric,BAT-043-787,PHARM-006,201,105.0,2027-03-17,2025-10-06,AVAILABLE,NONE
INV-002831,MED-014,Salbutamol Inhaler 100mcg,Respiratory,BAT-014-584,PHARM-006,16,160.0,2026-09-03,2026-06-28,NEAR_EXPIRY,NONE
INV-002832,MED-003,Azithromycin 500mg,Antibiotic,BAT-003-961,PHARM-006,400,120.0,2026-09-06,2026-03-08,NEAR_EXPIRY,NONE
INV-002833,MED-056,Bisoprolol 2.5mg,Cardiovascular,BAT-056-431,PHARM-006,158,72.0,2026-08-17,2025-11-27,NEAR_EXPIRY,NONE
INV-002834,MED-059,Empagliflozin 25mg,Antidiabetic,BAT-059-869,PHARM-006,21,290.0,2027-01-16,2025-09-28,AVAILABLE,NONE
INV-002835,MED-056,Bisoprolol 2.5mg,Cardiovascular,BAT-056-902,PHARM-006,43,72.0,2027-05-14,2026-04-22,AVAILABLE,NONE
INV-002836,MED-032,Linezolid 600mg,Antibiotic,BAT-032-996,PHARM-006,176,340.0,2026-08-16,2026-01-25,NEAR_EXPIRY,NONE
INV-002837,MED-059,Empagliflozin 25mg,Antidiabetic,BAT-059-307,PHARM-006,22,290.0,2026-10-08,2026-04-14,AVAILABLE,NONE
INV-002838,MED-041,Alprazolam 0.5mg,Psychiatric,BAT-041-469,PHARM-006,106,35.0,2027-04-22,2026-01-21,AVAILABLE,NONE
INV-002839,MED-007,Telmisartan 40mg,Cardiovascular,BAT-007-594,PHARM-007,270,78.0,2026-08-26,2025-11-01,NEAR_EXPIRY,NONE
INV-002840,MED-026,Clopidogrel 75mg,Cardiovascular,BAT-026-641,PHARM-007,70,88.0,2026-10-03,2025-09-16,AVAILABLE,NONE
INV-002841,MED-028,Ondansetron 4mg,Gastrointestinal,BAT-028-888,PHARM-007,171,42.0,2026-10-07,2026-06-25,AVAILABLE,NONE
INV-002842,MED-036,Prednisolone 10mg,Steroid,BAT-036-397,PHARM-007,31,30.0,2027-06-04,2025-10-13,AVAILABLE,NONE
INV-002843,MED-019,Meropenem 1g Injection,Antibiotic,BAT-019-440,PHARM-007,222,850.0,2026-10-04,2026-07-06,AVAILABLE,NONE
INV-002844,MED-005,Human Regular Insulin 100IU,Antidiabetic,BAT-005-585,PHARM-007,166,350.0,2027-08-21,2025-12-14,AVAILABLE,NONE
INV-002845,MED-015,Budesonide Inhaler 200mcg,Respiratory,BAT-015-422,PHARM-007,19,280.0,2026-08-30,2025-09-16,NEAR_EXPIRY,NONE
INV-002846,MED-043,Sertraline 50mg,Psychiatric,BAT-043-693,PHARM-007,26,105.0,2026-08-22,2026-03-07,NEAR_EXPIRY,NONE
INV-002847,MED-053,Itraconazole 100mg,Antifungal,BAT-053-560,PHARM-007,69,165.0,2026-09-04,2026-03-15,NEAR_EXPIRY,NONE
INV-002848,MED-035,Dexamethasone 4mg Injection,Steroid,BAT-035-933,PHARM-007,148,25.0,2026-10-22,2025-10-09,AVAILABLE,NONE
INV-002849,MED-056,Bisoprolol 2.5mg,Cardiovascular,BAT-056-850,PHARM-007,189,72.0,2027-08-17,2025-08-22,AVAILABLE,NONE
INV-002850,MED-004,Metformin 500mg SR,Antidiabetic,BAT-004-608,PHARM-007,27,45.0,2026-09-12,2025-09-21,NEAR_EXPIRY,NONE
INV-002851,MED-055,Betamethasone 0.5mg,Steroid,BAT-055-340,PHARM-007,65,15.0,2026-09-24,2025-12-28,AVAILABLE,NONE
INV-002852,MED-035,Dexamethasone 4mg Injection,Steroid,BAT-035-771,PHARM-007,40,25.0,2026-07-17,2026-04-04,EXPIRED,NONE
INV-002853,MED-022,Glimepiride 2mg,Antidiabetic,BAT-022-762,PHARM-007,45,52.0,2026-10-24,2026-03-12,AVAILABLE,NONE
INV-002854,MED-009,Pantoprazole 40mg,Gastrointestinal,BAT-009-867,PHARM-007,31,85.0,2026-08-17,2026-03-05,NEAR_EXPIRY,NONE
INV-002855,MED-058,Sitagliptin 100mg,Antidiabetic,BAT-058-536,PHARM-007,44,240.0,2027-04-17,2026-04-02,AVAILABLE,NONE
INV-002856,MED-049,Aceclofenac + Paracetamol,Analgesic,BAT-049-395,PHARM-007,183,60.0,2027-07-21,2026-02-07,AVAILABLE,NONE
INV-002857,MED-005,Human Regular Insulin 100IU,Antidiabetic,BAT-005-178,PHARM-007,81,350.0,2026-10-15,2026-04-27,AVAILABLE,NONE
INV-002858,MED-005,Human Regular Insulin 100IU,Antidiabetic,BAT-005-897,PHARM-007,215,350.0,2026-12-11,2026-02-27,AVAILABLE,NONE
INV-002859,MED-029,Rabeprazole 20mg,Gastrointestinal,BAT-029-445,PHARM-007,219,75.0,2026-10-10,2026-05-14,AVAILABLE,NONE
INV-002860,MED-035,Dexamethasone 4mg Injection,Steroid,BAT-035-576,PHARM-007,29,25.0,2026-08-20,2025-10-27,NEAR_EXPIRY,NONE
INV-002861,MED-023,Vildagliptin 50mg,Antidiabetic,BAT-023-907,PHARM-007,98,175.0,2026-09-03,2026-05-29,NEAR_EXPIRY,NONE
INV-002862,MED-047,Iron + Folic Acid Tablets,Nutritional,BAT-047-118,PHARM-007,36,50.0,2026-11-27,2025-09-01,AVAILABLE,NONE
INV-002863,MED-011,Cefixime 200mg,Antibiotic,BAT-011-249,PHARM-007,322,140.0,2026-08-21,2026-01-21,NEAR_EXPIRY,NONE
INV-002864,MED-023,Vildagliptin 50mg,Antidiabetic,BAT-023-130,PHARM-007,46,175.0,2027-05-23,2026-01-22,AVAILABLE,NONE
INV-002865,MED-052,Fluconazole 150mg,Antifungal,BAT-052-624,PHARM-007,398,45.0,2026-08-28,2025-12-21,NEAR_EXPIRY,NONE
INV-002866,MED-048,Diclofenac Sodium 50mg,Analgesic,BAT-048-814,PHARM-007,233,30.0,2027-02-07,2026-06-11,AVAILABLE,NONE
INV-002867,MED-043,Sertraline 50mg,Psychiatric,BAT-043-899,PHARM-007,119,105.0,2026-09-28,2025-11-04,AVAILABLE,NONE
INV-002868,MED-021,Losartan 50mg,Cardiovascular,BAT-021-757,PHARM-007,11,62.0,2026-08-15,2026-01-08,NEAR_EXPIRY,NONE
INV-002869,MED-037,Cetirizine 10mg,Antihistamine,BAT-037-463,PHARM-007,186,20.0,2027-04-22,2026-07-07,AVAILABLE,NONE
INV-002870,MED-022,Glimepiride 2mg,Antidiabetic,BAT-022-525,PHARM-007,41,52.0,2027-06-08,2026-07-12,AVAILABLE,NONE
INV-002871,MED-009,Pantoprazole 40mg,Gastrointestinal,BAT-009-963,PHARM-007,216,85.0,2026-10-01,2026-05-27,AVAILABLE,NONE
INV-002872,MED-008,Amlodipine 5mg,Cardiovascular,BAT-008-707,PHARM-007,161,38.0,2026-10-01,2026-05-07,AVAILABLE,NONE
INV-002873,MED-047,Iron + Folic Acid Tablets,Nutritional,BAT-047-879,PHARM-007,131,50.0,2026-08-21,2026-01-22,NEAR_EXPIRY,NONE
INV-002874,MED-035,Dexamethasone 4mg Injection,Steroid,BAT-035-941,PHARM-007,11,25.0,2026-08-25,2025-12-10,NEAR_EXPIRY,NONE
INV-002875,MED-045,Calcium 500mg + Vitamin D3,Nutritional,BAT-045-364,PHARM-007,107,65.0,2027-03-06,2026-01-02,AVAILABLE,NONE
INV-002876,MED-055,Betamethasone 0.5mg,Steroid,BAT-055-521,PHARM-007,39,15.0,2027-04-18,2026-06-07,AVAILABLE,NONE
INV-002877,MED-032,Linezolid 600mg,Antibiotic,BAT-032-415,PHARM-007,92,340.0,2026-09-14,2026-02-12,AVAILABLE,NONE
INV-002878,MED-021,Losartan 50mg,Cardiovascular,BAT-021-289,PHARM-007,174,62.0,2027-07-09,2026-05-29,AVAILABLE,NONE
INV-002879,MED-039,Hydrochlorothiazide 12.5mg,Cardiovascular,BAT-039-972,PHARM-007,18,24.0,2026-08-25,2026-05-25,NEAR_EXPIRY,NONE
INV-002880,MED-012,Ciprofloxacin 500mg,Antibiotic,BAT-012-690,PHARM-007,79,65.0,2026-09-16,2026-03-29,AVAILABLE,NONE
INV-002881,MED-004,Metformin 500mg SR,Antidiabetic,BAT-004-383,PHARM-007,213,45.0,2027-07-22,2026-02-06,AVAILABLE,NONE
INV-002882,MED-035,Dexamethasone 4mg Injection,Steroid,BAT-035-979,PHARM-007,167,25.0,2027-07-22,2026-06-05,AVAILABLE,NONE
INV-002883,MED-056,Bisoprolol 2.5mg,Cardiovascular,BAT-056-807,PHARM-007,126,72.0,2026-09-08,2025-10-09,NEAR_EXPIRY,NONE
INV-002884,MED-049,Aceclofenac + Paracetamol,Analgesic,BAT-049-141,PHARM-007,43,60.0,2027-05-17,2026-02-06,AVAILABLE,NONE
INV-002885,MED-043,Sertraline 50mg,Psychiatric,BAT-043-441,PHARM-007,37,105.0,2026-12-23,2026-02-28,AVAILABLE,NONE
INV-002886,MED-007,Telmisartan 40mg,Cardiovascular,BAT-007-702,PHARM-007,170,78.0,2026-08-18,2026-07-13,NEAR_EXPIRY,NONE
INV-002887,MED-026,Clopidogrel 75mg,Cardiovascular,BAT-026-654,PHARM-007,113,88.0,2026-09-09,2026-05-22,NEAR_EXPIRY,NONE
INV-002888,MED-011,Cefixime 200mg,Antibiotic,BAT-011-289,PHARM-007,181,140.0,2026-12-06,2025-09-27,AVAILABLE,NONE
INV-002889,MED-052,Fluconazole 150mg,Antifungal,BAT-052-117,PHARM-007,388,45.0,2026-09-13,2025-11-17,NEAR_EXPIRY,NONE
INV-002890,MED-033,Vancomycin 500mg Injection,Antibiotic,BAT-033-344,PHARM-007,244,420.0,2026-07-11,2025-12-19,EXPIRED,NONE
INV-002891,MED-018,Enoxaparin 40mg Injection,Cardiovascular,BAT-018-690,PHARM-007,35,450.0,2026-09-21,2026-04-10,AVAILABLE,NONE
INV-002892,MED-028,Ondansetron 4mg,Gastrointestinal,BAT-028-316,PHARM-007,231,42.0,2027-01-20,2025-09-05,AVAILABLE,NONE
INV-002893,MED-034,Methylprednisolone 16mg,Steroid,BAT-034-399,PHARM-007,23,110.0,2026-08-19,2026-01-20,NEAR_EXPIRY,NONE
INV-002894,MED-040,Spironolactone 25mg,Cardiovascular,BAT-040-976,PHARM-007,185,48.0,2027-02-21,2026-05-13,AVAILABLE,NONE
INV-002895,MED-039,Hydrochlorothiazide 12.5mg,Cardiovascular,BAT-039-609,PHARM-007,171,24.0,2027-05-09,2026-07-15,AVAILABLE,NONE
INV-002896,MED-013,Montelukast + Levocetirizine,Respiratory,BAT-013-864,PHARM-007,67,115.0,2027-08-05,2026-03-08,AVAILABLE,NONE
INV-002897,MED-053,Itraconazole 100mg,Antifungal,BAT-053-756,PHARM-007,17,165.0,2026-08-20,2025-09-21,NEAR_EXPIRY,NONE
INV-002898,MED-015,Budesonide Inhaler 200mcg,Respiratory,BAT-015-355,PHARM-007,54,280.0,2027-05-04,2026-06-22,AVAILABLE,NONE
INV-002899,MED-014,Salbutamol Inhaler 100mcg,Respiratory,BAT-014-383,PHARM-007,73,160.0,2026-10-04,2026-05-19,AVAILABLE,NONE
INV-002900,MED-046,Vitamin B-Complex + B12,Nutritional,BAT-046-213,PHARM-007,72,40.0,2026-09-24,2026-07-08,AVAILABLE,NONE
INV-002901,MED-029,Rabeprazole 20mg,Gastrointestinal,BAT-029-247,PHARM-007,242,75.0,2026-12-16,2026-05-01,AVAILABLE,NONE
INV-002902,MED-024,Dapagliflozin 10mg,Antidiabetic,BAT-024-432,PHARM-007,313,220.0,2026-09-07,2025-12-17,NEAR_EXPIRY,NONE
INV-002903,MED-013,Montelukast + Levocetirizine,Respiratory,BAT-013-978,PHARM-007,422,115.0,2026-08-18,2025-08-24,NEAR_EXPIRY,NONE
INV-002904,MED-055,Betamethasone 0.5mg,Steroid,BAT-055-778,PHARM-007,131,15.0,2026-09-22,2026-03-13,AVAILABLE,NONE
INV-002905,MED-004,Metformin 500mg SR,Antidiabetic,BAT-004-358,PHARM-007,35,45.0,2026-09-19,2026-07-14,AVAILABLE,NONE
INV-002906,MED-051,Metronidazole 400mg,Antibiotic,BAT-051-953,PHARM-007,94,32.0,2027-07-09,2026-06-15,AVAILABLE,NONE
INV-002907,MED-014,Salbutamol Inhaler 100mcg,Respiratory,BAT-014-523,PHARM-007,92,160.0,2026-12-25,2026-05-20,AVAILABLE,NONE
INV-002908,MED-018,Enoxaparin 40mg Injection,Cardiovascular,BAT-018-281,PHARM-007,221,450.0,2027-06-13,2025-12-09,AVAILABLE,NONE
INV-002909,MED-049,Aceclofenac + Paracetamol,Analgesic,BAT-049-642,PHARM-007,97,60.0,2026-09-25,2026-06-12,AVAILABLE,NONE
INV-002910,MED-042,Escitalopram 10mg,Psychiatric,BAT-042-329,PHARM-007,172,85.0,2026-08-30,2025-11-27,NEAR_EXPIRY,NONE
INV-002911,MED-018,Enoxaparin 40mg Injection,Cardiovascular,BAT-018-264,PHARM-007,110,450.0,2026-08-26,2025-11-12,NEAR_EXPIRY,NONE
INV-002912,MED-025,Rosuvastatin 10mg,Cardiovascular,BAT-025-324,PHARM-007,57,110.0,2026-10-13,2025-10-06,AVAILABLE,NONE
INV-002913,MED-008,Amlodipine 5mg,Cardiovascular,BAT-008-374,PHARM-007,45,38.0,2026-10-06,2026-01-07,AVAILABLE,NONE
INV-002914,MED-018,Enoxaparin 40mg Injection,Cardiovascular,BAT-018-982,PHARM-007,25,450.0,2027-05-08,2025-10-24,AVAILABLE,NONE
INV-002915,MED-005,Human Regular Insulin 100IU,Antidiabetic,BAT-005-680,PHARM-007,393,350.0,2026-08-31,2026-05-22,NEAR_EXPIRY,NONE
INV-002916,MED-060,Albumin Human 20% 100ml,Critical Care,BAT-060-669,PHARM-007,155,3200.0,2026-10-13,2025-09-04,AVAILABLE,NONE
INV-002917,MED-059,Empagliflozin 25mg,Antidiabetic,BAT-059-287,PHARM-007,20,290.0,2026-09-30,2025-08-28,AVAILABLE,NONE
INV-002918,MED-010,Omeprazole 20mg,Gastrointestinal,BAT-010-120,PHARM-007,127,55.0,2027-07-24,2026-01-29,AVAILABLE,NONE
INV-002919,MED-037,Cetirizine 10mg,Antihistamine,BAT-037-449,PHARM-007,47,20.0,2026-09-19,2026-07-15,AVAILABLE,NONE
INV-002920,MED-047,Iron + Folic Acid Tablets,Nutritional,BAT-047-413,PHARM-007,101,50.0,2026-08-30,2025-12-10,NEAR_EXPIRY,NONE
INV-002921,MED-043,Sertraline 50mg,Psychiatric,BAT-043-962,PHARM-007,44,105.0,2026-09-25,2025-09-10,AVAILABLE,NONE
INV-002922,MED-025,Rosuvastatin 10mg,Cardiovascular,BAT-025-583,PHARM-007,61,110.0,2026-08-16,2025-08-30,NEAR_EXPIRY,NONE
INV-002923,MED-023,Vildagliptin 50mg,Antidiabetic,BAT-023-582,PHARM-007,78,175.0,2026-09-29,2026-03-14,AVAILABLE,NONE
INV-002924,MED-028,Ondansetron 4mg,Gastrointestinal,BAT-028-675,PHARM-007,164,42.0,2026-12-05,2026-07-07,AVAILABLE,NONE
INV-002925,MED-058,Sitagliptin 100mg,Antidiabetic,BAT-058-240,PHARM-007,72,240.0,2026-09-15,2026-03-19,AVAILABLE,NONE
INV-002926,MED-030,Doxycycline 100mg,Antibiotic,BAT-030-522,PHARM-007,46,68.0,2026-11-20,2025-10-15,AVAILABLE,NONE
INV-002927,MED-044,Thyroxine Sodium 50mcg,Endocrine,BAT-044-661,PHARM-007,208,125.0,2027-02-04,2025-12-02,AVAILABLE,NONE
INV-002928,MED-014,Salbutamol Inhaler 100mcg,Respiratory,BAT-014-323,PHARM-007,154,160.0,2026-08-17,2026-01-07,NEAR_EXPIRY,NONE
INV-002929,MED-042,Escitalopram 10mg,Psychiatric,BAT-042-702,PHARM-007,107,85.0,2026-11-30,2025-11-27,AVAILABLE,NONE
INV-002930,MED-060,Albumin Human 20% 100ml,Critical Care,BAT-060-342,PHARM-007,111,3200.0,2026-08-21,2025-09-05,NEAR_EXPIRY,NONE
INV-002931,MED-045,Calcium 500mg + Vitamin D3,Nutritional,BAT-045-383,PHARM-007,51,65.0,2026-08-21,2025-10-11,NEAR_EXPIRY,NONE
INV-002932,MED-053,Itraconazole 100mg,Antifungal,BAT-053-321,PHARM-007,42,165.0,2026-12-04,2025-12-17,AVAILABLE,NONE
INV-002933,MED-033,Vancomycin 500mg Injection,Antibiotic,BAT-033-696,PHARM-007,20,420.0,2027-03-05,2026-03-20,AVAILABLE,NONE
INV-002934,MED-028,Ondansetron 4mg,Gastrointestinal,BAT-028-813,PHARM-007,162,42.0,2027-06-02,2026-01-18,AVAILABLE,NONE
INV-002935,MED-045,Calcium 500mg + Vitamin D3,Nutritional,BAT-045-268,PHARM-007,166,65.0,2027-08-31,2026-07-02,AVAILABLE,NONE
INV-002936,MED-002,Amoxicillin + Clavulanate 625mg,Antibiotic,BAT-002-783,PHARM-007,15,185.0,2026-08-21,2026-02-25,NEAR_EXPIRY,NONE
INV-002937,MED-047,Iron + Folic Acid Tablets,Nutritional,BAT-047-283,PHARM-007,53,50.0,2027-01-23,2026-04-06,AVAILABLE,NONE
INV-002938,MED-019,Meropenem 1g Injection,Antibiotic,BAT-019-571,PHARM-007,178,850.0,2027-02-06,2026-06-14,AVAILABLE,NONE
INV-002939,MED-009,Pantoprazole 40mg,Gastrointestinal,BAT-009-132,PHARM-007,113,85.0,2027-01-26,2026-05-16,AVAILABLE,NONE
INV-002940,MED-041,Alprazolam 0.5mg,Psychiatric,BAT-041-874,PHARM-007,59,35.0,2027-05-23,2026-02-12,AVAILABLE,NONE
INV-002941,MED-045,Calcium 500mg + Vitamin D3,Nutritional,BAT-045-164,PHARM-007,63,65.0,2026-09-14,2026-04-25,AVAILABLE,NONE
INV-002942,MED-024,Dapagliflozin 10mg,Antidiabetic,BAT-024-135,PHARM-007,38,220.0,2026-08-21,2025-10-16,NEAR_EXPIRY,NONE
INV-002943,MED-049,Aceclofenac + Paracetamol,Analgesic,BAT-049-261,PHARM-007,47,60.0,2026-07-18,2026-03-29,EXPIRED,NONE
INV-002944,MED-028,Ondansetron 4mg,Gastrointestinal,BAT-028-334,PHARM-007,134,42.0,2026-09-07,2026-04-21,NEAR_EXPIRY,NONE
INV-002945,MED-011,Cefixime 200mg,Antibiotic,BAT-011-948,PHARM-007,75,140.0,2026-10-02,2025-09-14,AVAILABLE,NONE
INV-002946,MED-029,Rabeprazole 20mg,Gastrointestinal,BAT-029-535,PHARM-007,133,75.0,2026-10-09,2026-04-18,AVAILABLE,NONE
INV-002947,MED-018,Enoxaparin 40mg Injection,Cardiovascular,BAT-018-423,PHARM-007,207,450.0,2026-10-13,2026-03-04,AVAILABLE,NONE
INV-002948,MED-052,Fluconazole 150mg,Antifungal,BAT-052-890,PHARM-007,22,45.0,2026-08-17,2026-07-05,NEAR_EXPIRY,NONE
INV-002949,MED-056,Bisoprolol 2.5mg,Cardiovascular,BAT-056-695,PHARM-007,250,72.0,2026-12-17,2026-05-17,AVAILABLE,NONE
INV-002950,MED-004,Metformin 500mg SR,Antidiabetic,BAT-004-335,PHARM-007,163,45.0,2026-12-10,2025-10-15,AVAILABLE,NONE
INV-002951,MED-031,Levofloxacin 500mg,Antibiotic,BAT-031-504,PHARM-007,33,95.0,2026-12-22,2025-09-21,AVAILABLE,NONE
INV-002952,MED-034,Methylprednisolone 16mg,Steroid,BAT-034-284,PHARM-007,81,110.0,2026-12-17,2025-10-13,AVAILABLE,NONE
INV-002953,MED-059,Empagliflozin 25mg,Antidiabetic,BAT-059-151,PHARM-007,246,290.0,2027-07-19,2025-10-28,AVAILABLE,NONE
INV-002954,MED-005,Human Regular Insulin 100IU,Antidiabetic,BAT-005-347,PHARM-007,154,350.0,2026-09-24,2025-10-13,AVAILABLE,NONE
INV-002955,MED-035,Dexamethasone 4mg Injection,Steroid,BAT-035-195,PHARM-007,95,25.0,2026-09-08,2026-03-05,NEAR_EXPIRY,NONE
INV-002956,MED-032,Linezolid 600mg,Antibiotic,BAT-032-970,PHARM-007,17,340.0,2026-08-21,2026-04-01,NEAR_EXPIRY,NONE
INV-002957,MED-040,Spironolactone 25mg,Cardiovascular,BAT-040-552,PHARM-007,159,48.0,2026-10-04,2026-06-09,AVAILABLE,NONE
INV-002958,MED-006,Atorvastatin 20mg,Cardiovascular,BAT-006-855,PHARM-007,90,95.0,2026-10-05,2026-02-01,AVAILABLE,NONE
INV-002959,MED-055,Betamethasone 0.5mg,Steroid,BAT-055-445,PHARM-007,219,15.0,2026-08-13,2026-06-30,EXPIRED,NONE
INV-002960,MED-002,Amoxicillin + Clavulanate 625mg,Antibiotic,BAT-002-893,PHARM-007,41,185.0,2026-10-29,2026-07-03,AVAILABLE,NONE
INV-002961,MED-021,Losartan 50mg,Cardiovascular,BAT-021-268,PHARM-007,196,62.0,2026-09-16,2025-08-23,AVAILABLE,NONE
INV-002962,MED-013,Montelukast + Levocetirizine,Respiratory,BAT-013-592,PHARM-007,157,115.0,2026-10-12,2026-05-26,AVAILABLE,NONE
INV-002963,MED-042,Escitalopram 10mg,Psychiatric,BAT-042-480,PHARM-007,26,85.0,2027-08-19,2026-06-16,AVAILABLE,NONE
INV-002964,MED-047,Iron + Folic Acid Tablets,Nutritional,BAT-047-253,PHARM-007,179,50.0,2026-09-12,2026-01-16,NEAR_EXPIRY,NONE
INV-002965,MED-049,Aceclofenac + Paracetamol,Analgesic,BAT-049-399,PHARM-007,353,60.0,2026-08-19,2026-03-04,NEAR_EXPIRY,NONE
INV-002966,MED-037,Cetirizine 10mg,Antihistamine,BAT-037-652,PHARM-007,39,20.0,2026-09-07,2025-11-13,NEAR_EXPIRY,NONE
INV-002967,MED-053,Itraconazole 100mg,Antifungal,BAT-053-881,PHARM-007,30,165.0,2026-10-09,2026-02-18,AVAILABLE,NONE
INV-002968,MED-021,Losartan 50mg,Cardiovascular,BAT-021-488,PHARM-007,139,62.0,2026-07-17,2025-11-17,EXPIRED,NONE
INV-002969,MED-002,Amoxicillin + Clavulanate 625mg,Antibiotic,BAT-002-145,PHARM-007,86,185.0,2026-07-02,2025-09-12,EXPIRED,NONE
INV-002970,MED-057,Carvedilol 6.25mg,Cardiovascular,BAT-057-351,PHARM-007,385,54.0,2026-09-01,2026-01-03,NEAR_EXPIRY,NONE
INV-002971,MED-018,Enoxaparin 40mg Injection,Cardiovascular,BAT-018-642,PHARM-007,51,450.0,2026-10-02,2026-04-30,AVAILABLE,NONE
INV-002972,MED-016,Ibuprofen 400mg,Analgesic,BAT-016-522,PHARM-007,78,28.0,2027-07-02,2026-04-30,AVAILABLE,NONE
INV-002973,MED-021,Losartan 50mg,Cardiovascular,BAT-021-478,PHARM-007,35,62.0,2026-08-27,2026-06-20,NEAR_EXPIRY,NONE
INV-002974,MED-036,Prednisolone 10mg,Steroid,BAT-036-831,PHARM-007,124,30.0,2026-09-15,2026-06-25,AVAILABLE,NONE
INV-002975,MED-014,Salbutamol Inhaler 100mcg,Respiratory,BAT-014-346,PHARM-007,162,160.0,2026-10-03,2025-12-17,AVAILABLE,NONE
INV-002976,MED-030,Doxycycline 100mg,Antibiotic,BAT-030-732,PHARM-007,217,68.0,2026-10-22,2026-01-15,AVAILABLE,NONE
INV-002977,MED-040,Spironolactone 25mg,Cardiovascular,BAT-040-897,PHARM-007,67,48.0,2027-07-10,2025-08-24,AVAILABLE,NONE
INV-002978,MED-009,Pantoprazole 40mg,Gastrointestinal,BAT-009-166,PHARM-007,81,85.0,2026-08-23,2026-06-14,NEAR_EXPIRY,NONE
INV-002979,MED-017,Tramadol 50mg,Analgesic,BAT-017-954,PHARM-007,266,90.0,2026-08-19,2025-10-18,NEAR_EXPIRY,NONE
INV-002980,MED-047,Iron + Folic Acid Tablets,Nutritional,BAT-047-364,PHARM-007,25,50.0,2026-08-18,2025-08-20,NEAR_EXPIRY,NONE
INV-002981,MED-025,Rosuvastatin 10mg,Cardiovascular,BAT-025-835,PHARM-007,122,110.0,2026-09-16,2026-04-10,AVAILABLE,NONE
INV-002982,MED-018,Enoxaparin 40mg Injection,Cardiovascular,BAT-018-348,PHARM-007,198,450.0,2026-12-25,2026-04-27,AVAILABLE,NONE
INV-002983,MED-026,Clopidogrel 75mg,Cardiovascular,BAT-026-733,PHARM-007,166,88.0,2027-07-08,2026-02-14,AVAILABLE,NONE
INV-002984,MED-042,Escitalopram 10mg,Psychiatric,BAT-042-785,PHARM-007,25,85.0,2026-09-19,2026-02-08,AVAILABLE,NONE
INV-002985,MED-016,Ibuprofen 400mg,Analgesic,BAT-016-529,PHARM-007,104,28.0,2026-09-07,2026-05-10,NEAR_EXPIRY,NONE
INV-002986,MED-050,Loperamide 2mg,Gastrointestinal,BAT-050-357,PHARM-007,230,18.0,2026-09-15,2026-06-03,AVAILABLE,NONE
INV-002987,MED-025,Rosuvastatin 10mg,Cardiovascular,BAT-025-398,PHARM-007,145,110.0,2026-09-02,2025-08-26,NEAR_EXPIRY,NONE
INV-002988,MED-056,Bisoprolol 2.5mg,Cardiovascular,BAT-056-994,PHARM-007,287,72.0,2026-08-21,2026-06-24,NEAR_EXPIRY,NONE
INV-002989,MED-044,Thyroxine Sodium 50mcg,Endocrine,BAT-044-291,PHARM-007,39,125.0,2026-08-21,2026-02-15,NEAR_EXPIRY,NONE
INV-002990,MED-031,Levofloxacin 500mg,Antibiotic,BAT-031-486,PHARM-007,240,95.0,2026-09-22,2026-02-08,AVAILABLE,NONE
INV-002991,MED-019,Meropenem 1g Injection,Antibiotic,BAT-019-625,PHARM-007,149,850.0,2027-07-12,2025-09-24,AVAILABLE,NONE
INV-002992,MED-059,Empagliflozin 25mg,Antidiabetic,BAT-059-123,PHARM-007,81,290.0,2027-04-20,2026-03-22,AVAILABLE,NONE
INV-002993,MED-036,Prednisolone 10mg,Steroid,BAT-036-814,PHARM-007,90,30.0,2026-10-10,2025-11-01,AVAILABLE,NONE
INV-002994,MED-022,Glimepiride 2mg,Antidiabetic,BAT-022-842,PHARM-007,198,52.0,2026-10-10,2026-05-08,AVAILABLE,NONE
INV-002995,MED-004,Metformin 500mg SR,Antidiabetic,BAT-004-789,PHARM-007,183,45.0,2026-07-01,2026-01-22,EXPIRED,NONE
INV-002996,MED-004,Metformin 500mg SR,Antidiabetic,BAT-004-973,PHARM-007,249,45.0,2026-08-28,2026-02-16,NEAR_EXPIRY,NONE
INV-002997,MED-017,Tramadol 50mg,Analgesic,BAT-017-701,PHARM-007,121,90.0,2026-12-15,2026-02-04,AVAILABLE,NONE
INV-002998,MED-047,Iron + Folic Acid Tablets,Nutritional,BAT-047-327,PHARM-007,44,50.0,2026-11-29,2026-05-04,AVAILABLE,NONE
INV-002999,MED-046,Vitamin B-Complex + B12,Nutritional,BAT-046-714,PHARM-007,244,40.0,2026-10-07,2025-11-25,AVAILABLE,NONE
INV-003000,MED-051,Metronidazole 400mg,Antibiotic,BAT-051-226,PHARM-007,81,32.0,2026-08-01,2025-10-10,EXPIRED,NONE
INV-003001,MED-038,Fexofenadine 120mg,Antihistamine,BAT-038-193,PHARM-007,75,82.0,2027-06-23,2025-08-26,AVAILABLE,NONE
INV-003002,MED-009,Pantoprazole 40mg,Gastrointestinal,BAT-009-514,PHARM-007,11,85.0,2026-08-29,2025-08-20,NEAR_EXPIRY,NONE
INV-003003,MED-047,Iron + Folic Acid Tablets,Nutritional,BAT-047-178,PHARM-007,214,50.0,2027-08-23,2026-06-03,AVAILABLE,NONE
INV-003004,MED-033,Vancomycin 500mg Injection,Antibiotic,BAT-033-608,PHARM-007,138,420.0,2026-12-01,2026-01-29,AVAILABLE,NONE
INV-003005,MED-033,Vancomycin 500mg Injection,Antibiotic,BAT-033-978,PHARM-007,248,420.0,2027-07-09,2025-12-19,AVAILABLE,NONE
INV-003006,MED-001,Paracetamol 650mg,Analgesic,BAT-001-110,PHARM-007,35,32.5,2026-08-22,2026-04-12,NEAR_EXPIRY,NONE
INV-003007,MED-022,Glimepiride 2mg,Antidiabetic,BAT-022-897,PHARM-007,262,52.0,2026-08-16,2025-12-15,NEAR_EXPIRY,NONE
INV-003008,MED-025,Rosuvastatin 10mg,Cardiovascular,BAT-025-441,PHARM-007,87,110.0,2026-09-29,2025-11-16,AVAILABLE,NONE
INV-003009,MED-047,Iron + Folic Acid Tablets,Nutritional,BAT-047-390,PHARM-007,39,50.0,2026-08-20,2025-09-13,NEAR_EXPIRY,NONE
INV-003010,MED-057,Carvedilol 6.25mg,Cardiovascular,BAT-057-735,PHARM-007,35,54.0,2026-09-10,2026-03-28,NEAR_EXPIRY,NONE
INV-003011,MED-005,Human Regular Insulin 100IU,Antidiabetic,BAT-005-418,PHARM-007,242,350.0,2026-08-06,2025-09-09,EXPIRED,NONE
INV-003012,MED-034,Methylprednisolone 16mg,Steroid,BAT-034-754,PHARM-007,107,110.0,2026-09-08,2025-09-24,NEAR_EXPIRY,NONE
INV-003013,MED-034,Methylprednisolone 16mg,Steroid,BAT-034-588,PHARM-007,55,110.0,2027-08-10,2026-01-21,AVAILABLE,NONE
INV-003014,MED-049,Aceclofenac + Paracetamol,Analgesic,BAT-049-517,PHARM-007,355,60.0,2026-08-20,2026-04-07,NEAR_EXPIRY,NONE
INV-003015,MED-033,Vancomycin 500mg Injection,Antibiotic,BAT-033-251,PHARM-007,20,420.0,2026-08-30,2026-06-08,NEAR_EXPIRY,NONE
INV-003016,MED-006,Atorvastatin 20mg,Cardiovascular,BAT-006-361,PHARM-007,53,95.0,2027-03-13,2026-06-27,AVAILABLE,NONE
INV-003017,MED-034,Methylprednisolone 16mg,Steroid,BAT-034-648,PHARM-007,232,110.0,2026-11-04,2025-12-19,AVAILABLE,NONE
INV-003018,MED-024,Dapagliflozin 10mg,Antidiabetic,BAT-024-745,PHARM-007,80,220.0,2027-04-04,2026-07-05,AVAILABLE,NONE
INV-003019,MED-032,Linezolid 600mg,Antibiotic,BAT-032-504,PHARM-007,210,340.0,2026-10-09,2025-12-08,AVAILABLE,NONE
INV-003020,MED-003,Azithromycin 500mg,Antibiotic,BAT-003-631,PHARM-007,23,120.0,2026-08-16,2026-05-27,NEAR_EXPIRY,NONE
INV-003021,MED-013,Montelukast + Levocetirizine,Respiratory,BAT-013-995,PHARM-007,112,115.0,2026-09-20,2026-06-17,AVAILABLE,NONE
INV-003022,MED-025,Rosuvastatin 10mg,Cardiovascular,BAT-025-507,PHARM-007,34,110.0,2026-08-21,2025-09-07,NEAR_EXPIRY,NONE
INV-003023,MED-044,Thyroxine Sodium 50mcg,Endocrine,BAT-044-566,PHARM-007,13,125.0,2026-08-28,2026-06-08,NEAR_EXPIRY,NONE
INV-003024,MED-017,Tramadol 50mg,Analgesic,BAT-017-448,PHARM-007,150,90.0,2026-07-17,2026-01-14,EXPIRED,NONE
INV-003025,MED-036,Prednisolone 10mg,Steroid,BAT-036-287,PHARM-007,180,30.0,2026-09-29,2025-12-04,AVAILABLE,NONE
INV-003026,MED-055,Betamethasone 0.5mg,Steroid,BAT-055-596,PHARM-007,56,15.0,2027-09-08,2025-12-10,AVAILABLE,NONE
INV-003027,MED-040,Spironolactone 25mg,Cardiovascular,BAT-040-315,PHARM-007,211,48.0,2027-03-11,2025-10-20,AVAILABLE,NONE
INV-003028,MED-003,Azithromycin 500mg,Antibiotic,BAT-003-218,PHARM-007,10,120.0,2026-09-08,2026-03-14,NEAR_EXPIRY,NONE
INV-003029,MED-022,Glimepiride 2mg,Antidiabetic,BAT-022-405,PHARM-007,160,52.0,2026-10-05,2026-03-16,AVAILABLE,NONE
INV-003030,MED-048,Diclofenac Sodium 50mg,Analgesic,BAT-048-641,PHARM-007,79,30.0,2026-09-20,2026-05-07,AVAILABLE,NONE
INV-003031,MED-042,Escitalopram 10mg,Psychiatric,BAT-042-483,PHARM-007,46,85.0,2026-11-10,2025-09-04,AVAILABLE,NONE
INV-003032,MED-043,Sertraline 50mg,Psychiatric,BAT-043-479,PHARM-007,175,105.0,2026-10-23,2025-11-26,AVAILABLE,NONE
INV-003033,MED-053,Itraconazole 100mg,Antifungal,BAT-053-148,PHARM-007,66,165.0,2026-09-09,2025-10-29,NEAR_EXPIRY,NONE
INV-003034,MED-019,Meropenem 1g Injection,Antibiotic,BAT-019-687,PHARM-007,85,850.0,2027-06-02,2026-04-13,AVAILABLE,NONE
INV-003035,MED-038,Fexofenadine 120mg,Antihistamine,BAT-038-926,PHARM-007,200,82.0,2026-10-03,2026-04-22,AVAILABLE,NONE
INV-003036,MED-037,Cetirizine 10mg,Antihistamine,BAT-037-738,PHARM-007,166,20.0,2026-10-03,2025-08-29,AVAILABLE,NONE
INV-003037,MED-052,Fluconazole 150mg,Antifungal,BAT-052-484,PHARM-007,174,45.0,2027-09-07,2026-02-14,AVAILABLE,NONE
INV-003038,MED-049,Aceclofenac + Paracetamol,Analgesic,BAT-049-714,PHARM-007,87,60.0,2026-08-19,2025-11-24,NEAR_EXPIRY,NONE
INV-003039,MED-038,Fexofenadine 120mg,Antihistamine,BAT-038-493,PHARM-007,57,82.0,2027-02-18,2025-08-23,AVAILABLE,NONE
INV-003040,MED-022,Glimepiride 2mg,Antidiabetic,BAT-022-678,PHARM-007,345,52.0,2026-09-07,2026-05-24,NEAR_EXPIRY,NONE
INV-003041,MED-051,Metronidazole 400mg,Antibiotic,BAT-051-977,PHARM-007,47,32.0,2027-01-19,2026-04-07,AVAILABLE,NONE
INV-003042,MED-012,Ciprofloxacin 500mg,Antibiotic,BAT-012-959,PHARM-007,303,65.0,2026-08-26,2026-03-23,NEAR_EXPIRY,NONE
INV-003043,MED-036,Prednisolone 10mg,Steroid,BAT-036-156,PHARM-007,162,30.0,2026-09-14,2025-12-19,AVAILABLE,NONE
INV-003044,MED-031,Levofloxacin 500mg,Antibiotic,BAT-031-258,PHARM-007,215,95.0,2026-09-28,2025-12-24,AVAILABLE,NONE
INV-003045,MED-027,Aspirin 75mg Gastro-resistant,Cardiovascular,BAT-027-131,PHARM-007,75,22.0,2026-10-07,2025-08-21,AVAILABLE,NONE
INV-003046,MED-020,Piperacillin + Tazobactam 4.5g,Antibiotic,BAT-020-675,PHARM-007,103,490.0,2026-09-21,2026-03-21,AVAILABLE,NONE
INV-003047,MED-043,Sertraline 50mg,Psychiatric,BAT-043-778,PHARM-007,82,105.0,2027-09-11,2025-09-10,AVAILABLE,NONE
INV-003048,MED-058,Sitagliptin 100mg,Antidiabetic,BAT-058-632,PHARM-007,213,240.0,2027-07-28,2026-05-06,AVAILABLE,NONE
INV-003049,MED-002,Amoxicillin + Clavulanate 625mg,Antibiotic,BAT-002-956,PHARM-007,124,185.0,2027-04-08,2026-02-20,AVAILABLE,NONE
INV-003050,MED-057,Carvedilol 6.25mg,Cardiovascular,BAT-057-779,PHARM-007,176,54.0,2027-07-30,2026-05-16,AVAILABLE,NONE
INV-003051,MED-028,Ondansetron 4mg,Gastrointestinal,BAT-028-449,PHARM-007,220,42.0,2026-10-11,2026-06-30,AVAILABLE,NONE
INV-003052,MED-010,Omeprazole 20mg,Gastrointestinal,BAT-010-515,PHARM-007,193,55.0,2027-07-19,2025-09-16,AVAILABLE,NONE
INV-003053,MED-010,Omeprazole 20mg,Gastrointestinal,BAT-010-544,PHARM-007,146,55.0,2026-08-19,2026-03-01,NEAR_EXPIRY,NONE
INV-003054,MED-041,Alprazolam 0.5mg,Psychiatric,BAT-041-174,PHARM-007,227,35.0,2026-07-14,2026-03-27,EXPIRED,NONE
INV-003055,MED-028,Ondansetron 4mg,Gastrointestinal,BAT-028-200,PHARM-007,100,42.0,2027-07-11,2026-05-02,AVAILABLE,NONE
INV-003056,MED-037,Cetirizine 10mg,Antihistamine,BAT-037-444,PHARM-007,302,20.0,2026-08-28,2026-05-15,NEAR_EXPIRY,NONE
INV-003057,MED-010,Omeprazole 20mg,Gastrointestinal,BAT-010-346,PHARM-007,237,55.0,2027-03-22,2025-09-18,AVAILABLE,NONE
INV-003058,MED-033,Vancomycin 500mg Injection,Antibiotic,BAT-033-378,PHARM-007,233,420.0,2026-10-29,2025-08-29,AVAILABLE,NONE
INV-003059,MED-011,Cefixime 200mg,Antibiotic,BAT-011-589,PHARM-007,238,140.0,2026-07-02,2026-03-23,EXPIRED,NONE
INV-003060,MED-033,Vancomycin 500mg Injection,Antibiotic,BAT-033-544,PHARM-007,64,420.0,2026-09-03,2025-09-11,NEAR_EXPIRY,NONE
INV-003061,MED-033,Vancomycin 500mg Injection,Antibiotic,BAT-033-306,PHARM-007,36,420.0,2026-08-16,2026-06-07,NEAR_EXPIRY,NONE
INV-003062,MED-004,Metformin 500mg SR,Antidiabetic,BAT-004-167,PHARM-007,185,45.0,2026-10-03,2026-01-04,AVAILABLE,NONE
INV-003063,MED-018,Enoxaparin 40mg Injection,Cardiovascular,BAT-018-182,PHARM-007,239,450.0,2026-09-16,2026-02-15,AVAILABLE,NONE
INV-003064,MED-048,Diclofenac Sodium 50mg,Analgesic,BAT-048-429,PHARM-007,65,30.0,2026-10-08,2026-06-18,AVAILABLE,NONE
INV-003065,MED-056,Bisoprolol 2.5mg,Cardiovascular,BAT-056-744,PHARM-007,163,72.0,2026-08-19,2025-10-21,NEAR_EXPIRY,NONE
INV-003066,MED-041,Alprazolam 0.5mg,Psychiatric,BAT-041-247,PHARM-007,183,35.0,2027-02-03,2026-06-20,AVAILABLE,NONE
INV-003067,MED-018,Enoxaparin 40mg Injection,Cardiovascular,BAT-018-376,PHARM-007,133,450.0,2027-05-27,2026-07-07,AVAILABLE,NONE
INV-003068,MED-039,Hydrochlorothiazide 12.5mg,Cardiovascular,BAT-039-388,PHARM-007,40,24.0,2026-08-20,2025-12-27,NEAR_EXPIRY,NONE
INV-003069,MED-047,Iron + Folic Acid Tablets,Nutritional,BAT-047-512,PHARM-007,55,50.0,2027-08-15,2025-12-17,AVAILABLE,NONE
INV-003070,MED-023,Vildagliptin 50mg,Antidiabetic,BAT-023-119,PHARM-007,205,175.0,2027-06-22,2025-10-04,AVAILABLE,NONE
INV-003071,MED-041,Alprazolam 0.5mg,Psychiatric,BAT-041-945,PHARM-007,61,35.0,2026-11-07,2025-11-15,AVAILABLE,NONE
INV-003072,MED-037,Cetirizine 10mg,Antihistamine,BAT-037-816,PHARM-007,25,20.0,2026-07-28,2025-09-10,EXPIRED,NONE
INV-003073,MED-026,Clopidogrel 75mg,Cardiovascular,BAT-026-636,PHARM-007,16,88.0,2026-08-28,2025-10-15,NEAR_EXPIRY,NONE
INV-003074,MED-006,Atorvastatin 20mg,Cardiovascular,BAT-006-235,PHARM-007,138,95.0,2026-08-27,2026-02-05,NEAR_EXPIRY,NONE
INV-003075,MED-007,Telmisartan 40mg,Cardiovascular,BAT-007-578,PHARM-007,22,78.0,2027-06-08,2025-10-10,AVAILABLE,NONE
INV-003076,MED-014,Salbutamol Inhaler 100mcg,Respiratory,BAT-014-969,PHARM-007,174,160.0,2026-11-23,2026-04-22,AVAILABLE,NONE
INV-003077,MED-011,Cefixime 200mg,Antibiotic,BAT-011-100,PHARM-007,411,140.0,2026-08-21,2026-01-02,NEAR_EXPIRY,NONE
INV-003078,MED-043,Sertraline 50mg,Psychiatric,BAT-043-425,PHARM-007,166,105.0,2026-10-01,2026-05-09,AVAILABLE,NONE
INV-003079,MED-023,Vildagliptin 50mg,Antidiabetic,BAT-023-485,PHARM-007,125,175.0,2026-08-18,2026-05-14,NEAR_EXPIRY,NONE
INV-003080,MED-038,Fexofenadine 120mg,Antihistamine,BAT-038-150,PHARM-007,32,82.0,2027-03-28,2026-04-20,AVAILABLE,NONE
INV-003081,MED-010,Omeprazole 20mg,Gastrointestinal,BAT-010-984,PHARM-007,74,55.0,2026-08-23,2025-12-25,NEAR_EXPIRY,NONE
INV-003082,MED-019,Meropenem 1g Injection,Antibiotic,BAT-019-154,PHARM-007,84,850.0,2026-10-05,2026-03-16,AVAILABLE,NONE
INV-003083,MED-054,Ranitidine 150mg,Gastrointestinal,BAT-054-204,PHARM-007,56,25.0,2026-09-17,2025-12-24,AVAILABLE,NONE
INV-003084,MED-058,Sitagliptin 100mg,Antidiabetic,BAT-058-574,PHARM-007,67,240.0,2027-01-09,2025-11-02,AVAILABLE,NONE
INV-003085,MED-005,Human Regular Insulin 100IU,Antidiabetic,BAT-005-114,PHARM-007,145,350.0,2026-10-12,2026-04-24,AVAILABLE,NONE
INV-003086,MED-058,Sitagliptin 100mg,Antidiabetic,BAT-058-940,PHARM-007,46,240.0,2026-09-19,2025-09-17,AVAILABLE,NONE
INV-003087,MED-041,Alprazolam 0.5mg,Psychiatric,BAT-041-298,PHARM-007,63,35.0,2026-09-27,2026-03-04,AVAILABLE,NONE
INV-003088,MED-037,Cetirizine 10mg,Antihistamine,BAT-037-659,PHARM-007,220,20.0,2027-06-22,2026-01-22,AVAILABLE,NONE
INV-003089,MED-047,Iron + Folic Acid Tablets,Nutritional,BAT-047-803,PHARM-007,129,50.0,2026-10-08,2025-09-08,AVAILABLE,NONE
INV-003090,MED-056,Bisoprolol 2.5mg,Cardiovascular,BAT-056-946,PHARM-007,82,72.0,2027-07-17,2026-03-19,AVAILABLE,NONE
INV-003091,MED-057,Carvedilol 6.25mg,Cardiovascular,BAT-057-217,PHARM-007,154,54.0,2026-08-20,2025-10-25,NEAR_EXPIRY,NONE
INV-003092,MED-015,Budesonide Inhaler 200mcg,Respiratory,BAT-015-686,PHARM-007,146,280.0,2026-10-25,2025-11-27,AVAILABLE,NONE
INV-003093,MED-051,Metronidazole 400mg,Antibiotic,BAT-051-819,PHARM-007,129,32.0,2026-10-04,2025-09-17,AVAILABLE,NONE
INV-003094,MED-026,Clopidogrel 75mg,Cardiovascular,BAT-026-797,PHARM-007,35,88.0,2026-10-06,2026-05-16,AVAILABLE,NONE
INV-003095,MED-026,Clopidogrel 75mg,Cardiovascular,BAT-026-981,PHARM-007,26,88.0,2026-09-03,2025-11-03,NEAR_EXPIRY,NONE
INV-003096,MED-024,Dapagliflozin 10mg,Antidiabetic,BAT-024-882,PHARM-007,12,220.0,2026-08-26,2026-07-14,NEAR_EXPIRY,NONE
INV-003097,MED-041,Alprazolam 0.5mg,Psychiatric,BAT-041-457,PHARM-007,120,35.0,2026-11-27,2026-01-29,AVAILABLE,NONE
INV-003098,MED-044,Thyroxine Sodium 50mcg,Endocrine,BAT-044-994,PHARM-007,158,125.0,2026-07-23,2026-01-09,EXPIRED,NONE
INV-003099,MED-029,Rabeprazole 20mg,Gastrointestinal,BAT-029-207,PHARM-007,207,75.0,2026-09-18,2026-03-02,AVAILABLE,NONE
INV-003100,MED-005,Human Regular Insulin 100IU,Antidiabetic,BAT-005-635,PHARM-007,55,350.0,2026-07-08,2026-04-17,EXPIRED,NONE
INV-003101,MED-021,Losartan 50mg,Cardiovascular,BAT-021-681,PHARM-007,30,62.0,2027-08-14,2025-12-24,AVAILABLE,NONE
INV-003102,MED-036,Prednisolone 10mg,Steroid,BAT-036-704,PHARM-007,80,30.0,2027-02-28,2025-10-15,AVAILABLE,NONE
INV-003103,MED-028,Ondansetron 4mg,Gastrointestinal,BAT-028-738,PHARM-007,159,42.0,2026-10-09,2025-09-07,AVAILABLE,NONE
INV-003104,MED-056,Bisoprolol 2.5mg,Cardiovascular,BAT-056-116,PHARM-007,37,72.0,2026-08-15,2026-04-25,NEAR_EXPIRY,NONE
INV-003105,MED-039,Hydrochlorothiazide 12.5mg,Cardiovascular,BAT-039-808,PHARM-007,130,24.0,2027-07-18,2026-03-20,AVAILABLE,NONE
INV-003106,MED-047,Iron + Folic Acid Tablets,Nutritional,BAT-047-712,PHARM-007,185,50.0,2026-09-23,2026-03-09,AVAILABLE,NONE
INV-003107,MED-009,Pantoprazole 40mg,Gastrointestinal,BAT-009-405,PHARM-007,26,85.0,2026-09-10,2025-09-08,NEAR_EXPIRY,NONE
INV-003108,MED-019,Meropenem 1g Injection,Antibiotic,BAT-019-455,PHARM-007,137,850.0,2026-09-30,2025-11-26,AVAILABLE,NONE
INV-003109,MED-052,Fluconazole 150mg,Antifungal,BAT-052-869,PHARM-007,43,45.0,2027-05-27,2026-06-27,AVAILABLE,NONE
INV-003110,MED-023,Vildagliptin 50mg,Antidiabetic,BAT-023-283,PHARM-007,134,175.0,2027-05-07,2026-03-17,AVAILABLE,NONE
INV-003111,MED-025,Rosuvastatin 10mg,Cardiovascular,BAT-025-589,PHARM-007,67,110.0,2026-10-05,2026-04-06,AVAILABLE,NONE
INV-003112,MED-002,Amoxicillin + Clavulanate 625mg,Antibiotic,BAT-002-730,PHARM-007,384,185.0,2026-08-24,2025-11-26,NEAR_EXPIRY,NONE
INV-003113,MED-043,Sertraline 50mg,Psychiatric,BAT-043-572,PHARM-007,118,105.0,2026-09-29,2025-11-04,AVAILABLE,NONE
INV-003114,MED-035,Dexamethasone 4mg Injection,Steroid,BAT-035-253,PHARM-007,149,25.0,2026-09-27,2025-08-30,AVAILABLE,NONE
INV-003115,MED-032,Linezolid 600mg,Antibiotic,BAT-032-835,PHARM-007,101,340.0,2026-12-19,2026-04-28,AVAILABLE,NONE
INV-003116,MED-034,Methylprednisolone 16mg,Steroid,BAT-034-690,PHARM-007,29,110.0,2026-10-07,2026-04-06,AVAILABLE,NONE
INV-003117,MED-051,Metronidazole 400mg,Antibiotic,BAT-051-758,PHARM-007,10,32.0,2026-09-07,2025-10-16,NEAR_EXPIRY,NONE
INV-003118,MED-044,Thyroxine Sodium 50mcg,Endocrine,BAT-044-740,PHARM-007,57,125.0,2026-09-13,2026-03-16,NEAR_EXPIRY,NONE
INV-003119,MED-049,Aceclofenac + Paracetamol,Analgesic,BAT-049-499,PHARM-007,195,60.0,2027-04-01,2026-01-01,AVAILABLE,NONE
INV-003120,MED-030,Doxycycline 100mg,Antibiotic,BAT-030-682,PHARM-007,62,68.0,2026-08-06,2026-06-26,EXPIRED,NONE
INV-003121,MED-018,Enoxaparin 40mg Injection,Cardiovascular,BAT-018-654,PHARM-007,238,450.0,2027-04-07,2026-04-16,AVAILABLE,NONE
INV-003122,MED-024,Dapagliflozin 10mg,Antidiabetic,BAT-024-374,PHARM-007,167,220.0,2026-08-19,2026-03-09,NEAR_EXPIRY,NONE
INV-003123,MED-013,Montelukast + Levocetirizine,Respiratory,BAT-013-243,PHARM-007,95,115.0,2027-08-23,2026-01-16,AVAILABLE,NONE
INV-003124,MED-012,Ciprofloxacin 500mg,Antibiotic,BAT-012-753,PHARM-007,194,65.0,2026-09-18,2026-03-11,AVAILABLE,NONE
INV-003125,MED-035,Dexamethasone 4mg Injection,Steroid,BAT-035-857,PHARM-007,232,25.0,2027-05-02,2025-09-24,AVAILABLE,NONE
INV-003126,MED-056,Bisoprolol 2.5mg,Cardiovascular,BAT-056-327,PHARM-007,166,72.0,2026-10-12,2026-04-07,AVAILABLE,NONE
INV-003127,MED-060,Albumin Human 20% 100ml,Critical Care,BAT-060-205,PHARM-007,40,3200.0,2026-09-22,2026-01-22,AVAILABLE,NONE
INV-003128,MED-044,Thyroxine Sodium 50mcg,Endocrine,BAT-044-796,PHARM-007,173,125.0,2026-08-21,2026-01-29,NEAR_EXPIRY,NONE
INV-003129,MED-011,Cefixime 200mg,Antibiotic,BAT-011-689,PHARM-008,76,140.0,2026-10-02,2026-04-19,AVAILABLE,NONE
INV-003130,MED-056,Bisoprolol 2.5mg,Cardiovascular,BAT-056-811,PHARM-008,35,72.0,2026-09-10,2026-03-24,NEAR_EXPIRY,NONE
INV-003131,MED-056,Bisoprolol 2.5mg,Cardiovascular,BAT-056-616,PHARM-008,114,72.0,2026-09-26,2026-05-22,AVAILABLE,NONE
INV-003132,MED-024,Dapagliflozin 10mg,Antidiabetic,BAT-024-126,PHARM-008,118,220.0,2026-09-22,2025-08-19,AVAILABLE,NONE
INV-003133,MED-055,Betamethasone 0.5mg,Steroid,BAT-055-672,PHARM-008,213,15.0,2026-07-24,2026-01-30,EXPIRED,NONE
INV-003134,MED-032,Linezolid 600mg,Antibiotic,BAT-032-891,PHARM-008,21,340.0,2027-02-05,2026-02-18,AVAILABLE,NONE
INV-003135,MED-013,Montelukast + Levocetirizine,Respiratory,BAT-013-413,PHARM-008,192,115.0,2026-10-12,2025-08-28,AVAILABLE,NONE
INV-003136,MED-058,Sitagliptin 100mg,Antidiabetic,BAT-058-624,PHARM-008,143,240.0,2026-08-06,2025-09-23,EXPIRED,NONE
INV-003137,MED-039,Hydrochlorothiazide 12.5mg,Cardiovascular,BAT-039-595,PHARM-008,233,24.0,2026-07-11,2026-04-22,EXPIRED,NONE
INV-003138,MED-046,Vitamin B-Complex + B12,Nutritional,BAT-046-441,PHARM-008,143,40.0,2026-08-23,2025-09-21,NEAR_EXPIRY,NONE
INV-003139,MED-020,Piperacillin + Tazobactam 4.5g,Antibiotic,BAT-020-190,PHARM-008,20,490.0,2026-08-25,2026-01-30,NEAR_EXPIRY,NONE
INV-003140,MED-014,Salbutamol Inhaler 100mcg,Respiratory,BAT-014-846,PHARM-008,321,160.0,2026-08-28,2026-04-18,NEAR_EXPIRY,NONE
INV-003141,MED-055,Betamethasone 0.5mg,Steroid,BAT-055-637,PHARM-008,24,15.0,2026-09-04,2026-05-27,NEAR_EXPIRY,NONE
INV-003142,MED-040,Spironolactone 25mg,Cardiovascular,BAT-040-372,PHARM-008,225,48.0,2027-09-08,2026-04-30,AVAILABLE,NONE
INV-003143,MED-007,Telmisartan 40mg,Cardiovascular,BAT-007-390,PHARM-008,65,78.0,2026-07-22,2026-06-01,EXPIRED,NONE
INV-003144,MED-030,Doxycycline 100mg,Antibiotic,BAT-030-492,PHARM-008,198,68.0,2026-09-17,2025-09-03,AVAILABLE,NONE
INV-003145,MED-038,Fexofenadine 120mg,Antihistamine,BAT-038-636,PHARM-008,207,82.0,2026-10-03,2025-11-15,AVAILABLE,NONE
INV-003146,MED-054,Ranitidine 150mg,Gastrointestinal,BAT-054-234,PHARM-008,53,25.0,2026-07-21,2025-11-13,EXPIRED,NONE
INV-003147,MED-016,Ibuprofen 400mg,Analgesic,BAT-016-964,PHARM-008,216,28.0,2026-10-11,2025-10-25,AVAILABLE,NONE
INV-003148,MED-023,Vildagliptin 50mg,Antidiabetic,BAT-023-511,PHARM-008,162,175.0,2027-04-01,2026-04-23,AVAILABLE,NONE
INV-003149,MED-052,Fluconazole 150mg,Antifungal,BAT-052-928,PHARM-008,241,45.0,2026-09-24,2025-12-08,AVAILABLE,NONE
INV-003150,MED-050,Loperamide 2mg,Gastrointestinal,BAT-050-697,PHARM-008,135,18.0,2026-10-08,2025-10-29,AVAILABLE,NONE
INV-003151,MED-035,Dexamethasone 4mg Injection,Steroid,BAT-035-552,PHARM-008,176,25.0,2026-08-27,2026-02-22,NEAR_EXPIRY,NONE
INV-003152,MED-033,Vancomycin 500mg Injection,Antibiotic,BAT-033-445,PHARM-008,207,420.0,2026-09-24,2026-02-22,AVAILABLE,NONE
INV-003153,MED-038,Fexofenadine 120mg,Antihistamine,BAT-038-532,PHARM-008,221,82.0,2027-03-25,2026-01-10,AVAILABLE,NONE
INV-003154,MED-046,Vitamin B-Complex + B12,Nutritional,BAT-046-961,PHARM-008,445,40.0,2026-09-07,2025-09-04,NEAR_EXPIRY,NONE
INV-003155,MED-059,Empagliflozin 25mg,Antidiabetic,BAT-059-221,PHARM-008,105,290.0,2027-05-21,2026-06-03,AVAILABLE,NONE
INV-003156,MED-002,Amoxicillin + Clavulanate 625mg,Antibiotic,BAT-002-239,PHARM-008,59,185.0,2026-11-04,2026-07-12,AVAILABLE,NONE
INV-003157,MED-052,Fluconazole 150mg,Antifungal,BAT-052-414,PHARM-008,185,45.0,2026-10-02,2026-01-06,AVAILABLE,NONE
INV-003158,MED-057,Carvedilol 6.25mg,Cardiovascular,BAT-057-337,PHARM-008,184,54.0,2026-12-20,2026-06-08,AVAILABLE,NONE
INV-003159,MED-057,Carvedilol 6.25mg,Cardiovascular,BAT-057-945,PHARM-008,37,54.0,2027-03-25,2026-05-17,AVAILABLE,NONE
INV-003160,MED-014,Salbutamol Inhaler 100mcg,Respiratory,BAT-014-105,PHARM-008,362,160.0,2026-08-23,2026-01-31,NEAR_EXPIRY,NONE
INV-003161,MED-028,Ondansetron 4mg,Gastrointestinal,BAT-028-668,PHARM-008,97,42.0,2027-03-08,2026-04-13,AVAILABLE,NONE
INV-003162,MED-019,Meropenem 1g Injection,Antibiotic,BAT-019-971,PHARM-008,118,850.0,2026-09-26,2025-10-22,AVAILABLE,NONE
INV-003163,MED-038,Fexofenadine 120mg,Antihistamine,BAT-038-734,PHARM-008,106,82.0,2026-08-21,2025-11-06,NEAR_EXPIRY,NONE
INV-003164,MED-058,Sitagliptin 100mg,Antidiabetic,BAT-058-752,PHARM-008,184,240.0,2027-03-12,2025-12-02,AVAILABLE,NONE
INV-003165,MED-027,Aspirin 75mg Gastro-resistant,Cardiovascular,BAT-027-253,PHARM-008,92,22.0,2026-08-21,2026-07-12,NEAR_EXPIRY,NONE
INV-003166,MED-019,Meropenem 1g Injection,Antibiotic,BAT-019-314,PHARM-008,228,850.0,2026-10-09,2026-06-10,AVAILABLE,NONE
INV-003167,MED-012,Ciprofloxacin 500mg,Antibiotic,BAT-012-824,PHARM-008,208,65.0,2026-12-07,2025-10-10,AVAILABLE,NONE
INV-003168,MED-009,Pantoprazole 40mg,Gastrointestinal,BAT-009-294,PHARM-008,51,85.0,2026-08-19,2026-06-13,NEAR_EXPIRY,NONE
INV-003169,MED-040,Spironolactone 25mg,Cardiovascular,BAT-040-194,PHARM-008,38,48.0,2026-08-22,2026-06-15,NEAR_EXPIRY,NONE
INV-003170,MED-027,Aspirin 75mg Gastro-resistant,Cardiovascular,BAT-027-368,PHARM-008,27,22.0,2026-08-20,2025-11-07,NEAR_EXPIRY,NONE
INV-003171,MED-035,Dexamethasone 4mg Injection,Steroid,BAT-035-269,PHARM-008,42,25.0,2026-10-06,2025-11-16,AVAILABLE,NONE
INV-003172,MED-043,Sertraline 50mg,Psychiatric,BAT-043-566,PHARM-008,142,105.0,2027-04-11,2026-04-16,AVAILABLE,NONE
INV-003173,MED-030,Doxycycline 100mg,Antibiotic,BAT-030-428,PHARM-008,163,68.0,2027-04-17,2026-03-04,AVAILABLE,NONE
INV-003174,MED-041,Alprazolam 0.5mg,Psychiatric,BAT-041-372,PHARM-008,37,35.0,2026-08-16,2025-11-10,NEAR_EXPIRY,NONE
INV-003175,MED-040,Spironolactone 25mg,Cardiovascular,BAT-040-192,PHARM-008,117,48.0,2027-06-03,2025-10-27,AVAILABLE,NONE
INV-003176,MED-058,Sitagliptin 100mg,Antidiabetic,BAT-058-773,PHARM-008,22,240.0,2026-08-25,2025-10-05,NEAR_EXPIRY,NONE
INV-003177,MED-046,Vitamin B-Complex + B12,Nutritional,BAT-046-550,PHARM-008,36,40.0,2026-09-19,2026-05-15,AVAILABLE,NONE
INV-003178,MED-030,Doxycycline 100mg,Antibiotic,BAT-030-803,PHARM-008,437,68.0,2026-08-21,2026-03-27,NEAR_EXPIRY,NONE
INV-003179,MED-042,Escitalopram 10mg,Psychiatric,BAT-042-696,PHARM-008,103,85.0,2026-10-28,2026-04-11,AVAILABLE,NONE
INV-003180,MED-012,Ciprofloxacin 500mg,Antibiotic,BAT-012-276,PHARM-008,177,65.0,2026-10-02,2026-04-27,AVAILABLE,NONE
INV-003181,MED-014,Salbutamol Inhaler 100mcg,Respiratory,BAT-014-858,PHARM-008,207,160.0,2026-12-04,2025-12-17,AVAILABLE,NONE
INV-003182,MED-028,Ondansetron 4mg,Gastrointestinal,BAT-028-918,PHARM-008,39,42.0,2027-08-09,2026-01-29,AVAILABLE,NONE
INV-003183,MED-041,Alprazolam 0.5mg,Psychiatric,BAT-041-410,PHARM-008,80,35.0,2026-09-18,2026-03-17,AVAILABLE,NONE
INV-003184,MED-058,Sitagliptin 100mg,Antidiabetic,BAT-058-270,PHARM-008,222,240.0,2027-02-16,2026-01-30,AVAILABLE,NONE
INV-003185,MED-037,Cetirizine 10mg,Antihistamine,BAT-037-976,PHARM-008,128,20.0,2026-09-08,2025-10-12,NEAR_EXPIRY,NONE
INV-003186,MED-008,Amlodipine 5mg,Cardiovascular,BAT-008-600,PHARM-008,245,38.0,2026-10-07,2025-08-19,AVAILABLE,NONE
INV-003187,MED-032,Linezolid 600mg,Antibiotic,BAT-032-324,PHARM-008,83,340.0,2027-03-11,2026-04-24,AVAILABLE,NONE
INV-003188,MED-002,Amoxicillin + Clavulanate 625mg,Antibiotic,BAT-002-684,PHARM-008,356,185.0,2026-08-30,2026-01-26,NEAR_EXPIRY,NONE
INV-003189,MED-047,Iron + Folic Acid Tablets,Nutritional,BAT-047-219,PHARM-008,231,50.0,2027-08-19,2026-04-14,AVAILABLE,NONE
INV-003190,MED-055,Betamethasone 0.5mg,Steroid,BAT-055-981,PHARM-008,166,15.0,2026-09-19,2025-09-20,AVAILABLE,NONE
INV-003191,MED-012,Ciprofloxacin 500mg,Antibiotic,BAT-012-550,PHARM-008,394,65.0,2026-08-17,2026-06-10,NEAR_EXPIRY,NONE
INV-003192,MED-059,Empagliflozin 25mg,Antidiabetic,BAT-059-609,PHARM-008,235,290.0,2026-09-13,2026-05-19,NEAR_EXPIRY,NONE
INV-003193,MED-036,Prednisolone 10mg,Steroid,BAT-036-631,PHARM-008,75,30.0,2026-08-15,2026-03-13,NEAR_EXPIRY,NONE
INV-003194,MED-026,Clopidogrel 75mg,Cardiovascular,BAT-026-846,PHARM-008,29,88.0,2026-09-19,2026-06-18,AVAILABLE,NONE
INV-003195,MED-057,Carvedilol 6.25mg,Cardiovascular,BAT-057-145,PHARM-008,175,54.0,2027-06-21,2026-03-02,AVAILABLE,NONE
INV-003196,MED-052,Fluconazole 150mg,Antifungal,BAT-052-802,PHARM-008,241,45.0,2026-09-30,2025-11-19,AVAILABLE,NONE
INV-003197,MED-037,Cetirizine 10mg,Antihistamine,BAT-037-548,PHARM-008,190,20.0,2027-04-22,2026-01-18,AVAILABLE,NONE
INV-003198,MED-033,Vancomycin 500mg Injection,Antibiotic,BAT-033-465,PHARM-008,22,420.0,2026-09-08,2026-04-12,NEAR_EXPIRY,NONE
INV-003199,MED-013,Montelukast + Levocetirizine,Respiratory,BAT-013-117,PHARM-008,119,115.0,2027-02-11,2026-02-23,AVAILABLE,NONE
INV-003200,MED-042,Escitalopram 10mg,Psychiatric,BAT-042-183,PHARM-008,102,85.0,2027-08-03,2025-09-25,AVAILABLE,NONE
INV-003201,MED-008,Amlodipine 5mg,Cardiovascular,BAT-008-571,PHARM-008,423,38.0,2026-08-27,2026-06-11,NEAR_EXPIRY,NONE
INV-003202,MED-037,Cetirizine 10mg,Antihistamine,BAT-037-988,PHARM-008,184,20.0,2026-08-04,2026-05-29,EXPIRED,NONE
INV-003203,MED-037,Cetirizine 10mg,Antihistamine,BAT-037-271,PHARM-008,26,20.0,2027-09-18,2025-09-18,AVAILABLE,NONE
INV-003204,MED-006,Atorvastatin 20mg,Cardiovascular,BAT-006-410,PHARM-008,242,95.0,2026-10-04,2026-04-05,AVAILABLE,NONE
INV-003205,MED-048,Diclofenac Sodium 50mg,Analgesic,BAT-048-623,PHARM-008,21,30.0,2026-08-01,2026-04-08,EXPIRED,NONE
INV-003206,MED-037,Cetirizine 10mg,Antihistamine,BAT-037-525,PHARM-008,223,20.0,2026-08-20,2025-11-17,NEAR_EXPIRY,NONE
INV-003207,MED-008,Amlodipine 5mg,Cardiovascular,BAT-008-248,PHARM-008,207,38.0,2026-08-04,2025-12-24,EXPIRED,NONE
INV-003208,MED-010,Omeprazole 20mg,Gastrointestinal,BAT-010-218,PHARM-008,167,55.0,2026-08-21,2026-03-31,NEAR_EXPIRY,NONE
INV-003209,MED-049,Aceclofenac + Paracetamol,Analgesic,BAT-049-776,PHARM-008,217,60.0,2026-07-06,2026-05-05,EXPIRED,NONE
INV-003210,MED-048,Diclofenac Sodium 50mg,Analgesic,BAT-048-789,PHARM-008,22,30.0,2026-08-18,2026-05-31,NEAR_EXPIRY,NONE
INV-003211,MED-003,Azithromycin 500mg,Antibiotic,BAT-003-223,PHARM-008,54,120.0,2027-05-30,2025-09-02,AVAILABLE,NONE
INV-003212,MED-047,Iron + Folic Acid Tablets,Nutritional,BAT-047-451,PHARM-008,70,50.0,2027-02-18,2025-10-18,AVAILABLE,NONE
INV-003213,MED-060,Albumin Human 20% 100ml,Critical Care,BAT-060-737,PHARM-008,69,3200.0,2026-07-08,2026-03-28,EXPIRED,NONE
INV-003214,MED-028,Ondansetron 4mg,Gastrointestinal,BAT-028-489,PHARM-008,316,42.0,2026-08-22,2026-01-24,NEAR_EXPIRY,NONE
INV-003215,MED-057,Carvedilol 6.25mg,Cardiovascular,BAT-057-781,PHARM-008,58,54.0,2026-12-06,2026-02-11,AVAILABLE,NONE
INV-003216,MED-049,Aceclofenac + Paracetamol,Analgesic,BAT-049-903,PHARM-008,402,60.0,2026-08-15,2026-02-21,NEAR_EXPIRY,NONE
INV-003217,MED-044,Thyroxine Sodium 50mcg,Endocrine,BAT-044-504,PHARM-008,106,125.0,2026-10-13,2025-08-29,AVAILABLE,NONE
INV-003218,MED-056,Bisoprolol 2.5mg,Cardiovascular,BAT-056-108,PHARM-008,58,72.0,2026-12-21,2025-09-23,AVAILABLE,NONE
INV-003219,MED-039,Hydrochlorothiazide 12.5mg,Cardiovascular,BAT-039-393,PHARM-008,99,24.0,2026-08-21,2026-01-04,NEAR_EXPIRY,NONE
INV-003220,MED-023,Vildagliptin 50mg,Antidiabetic,BAT-023-838,PHARM-008,227,175.0,2026-11-16,2026-01-02,AVAILABLE,NONE
INV-003221,MED-048,Diclofenac Sodium 50mg,Analgesic,BAT-048-853,PHARM-008,203,30.0,2027-01-31,2026-07-15,AVAILABLE,NONE
INV-003222,MED-043,Sertraline 50mg,Psychiatric,BAT-043-682,PHARM-008,28,105.0,2026-09-13,2025-09-13,NEAR_EXPIRY,NONE
INV-003223,MED-050,Loperamide 2mg,Gastrointestinal,BAT-050-199,PHARM-008,56,18.0,2026-12-13,2026-03-20,AVAILABLE,NONE
INV-003224,MED-018,Enoxaparin 40mg Injection,Cardiovascular,BAT-018-295,PHARM-008,103,450.0,2027-07-22,2025-12-10,AVAILABLE,NONE
INV-003225,MED-035,Dexamethasone 4mg Injection,Steroid,BAT-035-475,PHARM-008,16,25.0,2026-08-26,2025-12-29,NEAR_EXPIRY,NONE
INV-003226,MED-057,Carvedilol 6.25mg,Cardiovascular,BAT-057-860,PHARM-008,33,54.0,2026-07-14,2026-04-27,EXPIRED,NONE
INV-003227,MED-028,Ondansetron 4mg,Gastrointestinal,BAT-028-226,PHARM-008,79,42.0,2026-09-29,2026-01-11,AVAILABLE,NONE
INV-003228,MED-036,Prednisolone 10mg,Steroid,BAT-036-606,PHARM-008,178,30.0,2026-07-06,2026-02-23,EXPIRED,NONE
INV-003229,MED-004,Metformin 500mg SR,Antidiabetic,BAT-004-553,PHARM-008,171,45.0,2026-10-11,2026-06-02,AVAILABLE,NONE
INV-003230,MED-002,Amoxicillin + Clavulanate 625mg,Antibiotic,BAT-002-522,PHARM-008,77,185.0,2026-08-21,2026-03-21,NEAR_EXPIRY,NONE
INV-003231,MED-017,Tramadol 50mg,Analgesic,BAT-017-984,PHARM-008,184,90.0,2027-09-02,2026-04-25,AVAILABLE,NONE
INV-003232,MED-001,Paracetamol 650mg,Analgesic,BAT-001-327,PHARM-008,51,32.5,2026-08-10,2026-02-19,EXPIRED,NONE
INV-003233,MED-002,Amoxicillin + Clavulanate 625mg,Antibiotic,BAT-002-730,PHARM-008,147,185.0,2027-05-09,2026-01-11,AVAILABLE,NONE
INV-003234,MED-037,Cetirizine 10mg,Antihistamine,BAT-037-886,PHARM-008,248,20.0,2026-09-27,2025-08-22,AVAILABLE,NONE
INV-003235,MED-051,Metronidazole 400mg,Antibiotic,BAT-051-415,PHARM-008,171,32.0,2026-07-16,2025-08-31,EXPIRED,NONE
INV-003236,MED-044,Thyroxine Sodium 50mcg,Endocrine,BAT-044-897,PHARM-008,36,125.0,2026-09-04,2026-01-18,NEAR_EXPIRY,NONE
INV-003237,MED-017,Tramadol 50mg,Analgesic,BAT-017-591,PHARM-008,18,90.0,2026-08-21,2026-05-22,NEAR_EXPIRY,NONE
INV-003238,MED-008,Amlodipine 5mg,Cardiovascular,BAT-008-145,PHARM-008,224,38.0,2026-08-06,2025-10-04,EXPIRED,NONE
INV-003239,MED-051,Metronidazole 400mg,Antibiotic,BAT-051-626,PHARM-008,226,32.0,2026-08-12,2026-05-14,EXPIRED,NONE
INV-003240,MED-059,Empagliflozin 25mg,Antidiabetic,BAT-059-854,PHARM-008,135,290.0,2026-09-17,2025-12-16,AVAILABLE,NONE
INV-003241,MED-026,Clopidogrel 75mg,Cardiovascular,BAT-026-382,PHARM-008,152,88.0,2026-09-27,2026-05-30,AVAILABLE,NONE
INV-003242,MED-003,Azithromycin 500mg,Antibiotic,BAT-003-657,PHARM-008,206,120.0,2026-10-09,2026-07-09,AVAILABLE,NONE
INV-003243,MED-043,Sertraline 50mg,Psychiatric,BAT-043-475,PHARM-008,77,105.0,2026-08-19,2025-11-28,NEAR_EXPIRY,NONE
INV-003244,MED-046,Vitamin B-Complex + B12,Nutritional,BAT-046-162,PHARM-008,11,40.0,2026-08-19,2025-11-20,NEAR_EXPIRY,NONE
INV-003245,MED-016,Ibuprofen 400mg,Analgesic,BAT-016-155,PHARM-008,40,28.0,2027-04-02,2025-11-21,AVAILABLE,NONE
INV-003246,MED-004,Metformin 500mg SR,Antidiabetic,BAT-004-932,PHARM-008,120,45.0,2026-09-07,2026-02-18,NEAR_EXPIRY,NONE
INV-003247,MED-013,Montelukast + Levocetirizine,Respiratory,BAT-013-920,PHARM-008,204,115.0,2026-08-20,2025-12-22,NEAR_EXPIRY,NONE
INV-003248,MED-028,Ondansetron 4mg,Gastrointestinal,BAT-028-286,PHARM-008,193,42.0,2026-09-30,2026-01-18,AVAILABLE,NONE
INV-003249,MED-023,Vildagliptin 50mg,Antidiabetic,BAT-023-557,PHARM-008,84,175.0,2027-08-15,2025-12-09,AVAILABLE,NONE
INV-003250,MED-032,Linezolid 600mg,Antibiotic,BAT-032-130,PHARM-008,20,340.0,2026-08-15,2026-04-02,NEAR_EXPIRY,NONE
INV-003251,MED-039,Hydrochlorothiazide 12.5mg,Cardiovascular,BAT-039-512,PHARM-008,85,24.0,2027-05-27,2026-04-26,AVAILABLE,NONE
INV-003252,MED-054,Ranitidine 150mg,Gastrointestinal,BAT-054-547,PHARM-008,40,25.0,2026-09-18,2025-12-26,AVAILABLE,NONE
INV-003253,MED-023,Vildagliptin 50mg,Antidiabetic,BAT-023-699,PHARM-008,55,175.0,2026-10-10,2026-06-13,AVAILABLE,NONE
INV-003254,MED-045,Calcium 500mg + Vitamin D3,Nutritional,BAT-045-974,PHARM-008,88,65.0,2026-08-10,2025-11-14,EXPIRED,NONE
INV-003255,MED-026,Clopidogrel 75mg,Cardiovascular,BAT-026-524,PHARM-008,30,88.0,2026-08-17,2025-12-10,NEAR_EXPIRY,NONE
INV-003256,MED-051,Metronidazole 400mg,Antibiotic,BAT-051-219,PHARM-008,190,32.0,2026-09-29,2026-06-20,AVAILABLE,NONE
INV-003257,MED-030,Doxycycline 100mg,Antibiotic,BAT-030-227,PHARM-008,87,68.0,2026-07-03,2026-03-08,EXPIRED,NONE
INV-003258,MED-038,Fexofenadine 120mg,Antihistamine,BAT-038-341,PHARM-008,37,82.0,2027-07-23,2025-10-10,AVAILABLE,NONE
INV-003259,MED-053,Itraconazole 100mg,Antifungal,BAT-053-832,PHARM-008,198,165.0,2027-09-02,2025-09-30,AVAILABLE,NONE
INV-003260,MED-018,Enoxaparin 40mg Injection,Cardiovascular,BAT-018-687,PHARM-008,32,450.0,2026-09-12,2026-07-14,NEAR_EXPIRY,NONE
INV-003261,MED-003,Azithromycin 500mg,Antibiotic,BAT-003-361,PHARM-008,226,120.0,2026-09-15,2025-09-06,AVAILABLE,NONE
INV-003262,MED-038,Fexofenadine 120mg,Antihistamine,BAT-038-404,PHARM-008,220,82.0,2027-05-04,2025-09-12,AVAILABLE,NONE
INV-003263,MED-039,Hydrochlorothiazide 12.5mg,Cardiovascular,BAT-039-641,PHARM-008,36,24.0,2026-10-04,2025-11-05,AVAILABLE,NONE
INV-003264,MED-013,Montelukast + Levocetirizine,Respiratory,BAT-013-574,PHARM-008,228,115.0,2026-09-17,2025-09-16,AVAILABLE,NONE
INV-003265,MED-027,Aspirin 75mg Gastro-resistant,Cardiovascular,BAT-027-491,PHARM-008,46,22.0,2026-09-23,2025-09-10,AVAILABLE,NONE
INV-003266,MED-027,Aspirin 75mg Gastro-resistant,Cardiovascular,BAT-027-491,PHARM-008,62,22.0,2026-08-18,2026-05-26,NEAR_EXPIRY,NONE
INV-003267,MED-037,Cetirizine 10mg,Antihistamine,BAT-037-372,PHARM-008,34,20.0,2026-08-27,2026-03-10,NEAR_EXPIRY,NONE
INV-003268,MED-014,Salbutamol Inhaler 100mcg,Respiratory,BAT-014-854,PHARM-008,94,160.0,2027-08-14,2025-10-25,AVAILABLE,NONE
INV-003269,MED-038,Fexofenadine 120mg,Antihistamine,BAT-038-682,PHARM-008,226,82.0,2027-05-30,2026-05-18,AVAILABLE,NONE
INV-003270,MED-001,Paracetamol 650mg,Analgesic,BAT-001-168,PHARM-008,37,32.5,2026-08-18,2026-03-02,NEAR_EXPIRY,NONE
INV-003271,MED-030,Doxycycline 100mg,Antibiotic,BAT-030-152,PHARM-008,158,68.0,2026-10-12,2025-10-25,AVAILABLE,NONE
INV-003272,MED-055,Betamethasone 0.5mg,Steroid,BAT-055-275,PHARM-008,369,15.0,2026-08-15,2026-05-22,NEAR_EXPIRY,NONE
INV-003273,MED-043,Sertraline 50mg,Psychiatric,BAT-043-128,PHARM-008,86,105.0,2027-08-31,2025-08-27,AVAILABLE,NONE
INV-003274,MED-007,Telmisartan 40mg,Cardiovascular,BAT-007-970,PHARM-008,80,78.0,2026-11-25,2025-10-09,AVAILABLE,NONE
INV-003275,MED-024,Dapagliflozin 10mg,Antidiabetic,BAT-024-800,PHARM-008,149,220.0,2026-10-03,2025-09-04,AVAILABLE,NONE
INV-003276,MED-057,Carvedilol 6.25mg,Cardiovascular,BAT-057-898,PHARM-008,249,54.0,2026-09-18,2025-09-19,AVAILABLE,NONE
INV-003277,MED-008,Amlodipine 5mg,Cardiovascular,BAT-008-185,PHARM-008,148,38.0,2027-07-16,2025-11-30,AVAILABLE,NONE
INV-003278,MED-041,Alprazolam 0.5mg,Psychiatric,BAT-041-701,PHARM-008,27,35.0,2027-07-01,2026-02-17,AVAILABLE,NONE
INV-003279,MED-053,Itraconazole 100mg,Antifungal,BAT-053-940,PHARM-008,248,165.0,2027-05-06,2026-06-09,AVAILABLE,NONE
INV-003280,MED-017,Tramadol 50mg,Analgesic,BAT-017-411,PHARM-008,165,90.0,2026-08-21,2025-10-15,NEAR_EXPIRY,NONE
INV-003281,MED-034,Methylprednisolone 16mg,Steroid,BAT-034-625,PHARM-008,149,110.0,2026-09-28,2026-03-18,AVAILABLE,NONE
INV-003282,MED-024,Dapagliflozin 10mg,Antidiabetic,BAT-024-548,PHARM-008,227,220.0,2026-09-15,2026-07-10,AVAILABLE,NONE
INV-003283,MED-002,Amoxicillin + Clavulanate 625mg,Antibiotic,BAT-002-365,PHARM-008,101,185.0,2026-07-14,2025-10-12,EXPIRED,NONE
INV-003284,MED-031,Levofloxacin 500mg,Antibiotic,BAT-031-782,PHARM-008,235,95.0,2027-01-14,2026-05-29,AVAILABLE,NONE
INV-003285,MED-013,Montelukast + Levocetirizine,Respiratory,BAT-013-489,PHARM-008,395,115.0,2026-08-19,2025-09-30,NEAR_EXPIRY,NONE
INV-003286,MED-043,Sertraline 50mg,Psychiatric,BAT-043-186,PHARM-008,192,105.0,2026-09-29,2026-04-26,AVAILABLE,NONE
INV-003287,MED-053,Itraconazole 100mg,Antifungal,BAT-053-704,PHARM-008,191,165.0,2027-08-17,2026-02-27,AVAILABLE,NONE
INV-003288,MED-028,Ondansetron 4mg,Gastrointestinal,BAT-028-673,PHARM-008,348,42.0,2026-08-20,2025-10-30,NEAR_EXPIRY,NONE
INV-003289,MED-060,Albumin Human 20% 100ml,Critical Care,BAT-060-968,PHARM-008,88,3200.0,2026-11-08,2025-11-13,AVAILABLE,NONE
INV-003290,MED-003,Azithromycin 500mg,Antibiotic,BAT-003-702,PHARM-008,402,120.0,2026-08-25,2026-01-15,NEAR_EXPIRY,NONE
INV-003291,MED-028,Ondansetron 4mg,Gastrointestinal,BAT-028-215,PHARM-008,250,42.0,2026-09-29,2026-01-15,AVAILABLE,NONE
INV-003292,MED-036,Prednisolone 10mg,Steroid,BAT-036-757,PHARM-008,285,30.0,2026-08-17,2026-03-10,NEAR_EXPIRY,NONE
INV-003293,MED-025,Rosuvastatin 10mg,Cardiovascular,BAT-025-462,PHARM-008,168,110.0,2027-06-06,2026-05-22,AVAILABLE,NONE
INV-003294,MED-052,Fluconazole 150mg,Antifungal,BAT-052-979,PHARM-008,426,45.0,2026-08-31,2025-08-21,NEAR_EXPIRY,NONE
INV-003295,MED-060,Albumin Human 20% 100ml,Critical Care,BAT-060-531,PHARM-008,22,3200.0,2026-09-10,2025-08-22,NEAR_EXPIRY,NONE
INV-003296,MED-047,Iron + Folic Acid Tablets,Nutritional,BAT-047-371,PHARM-008,135,50.0,2026-09-22,2025-09-05,AVAILABLE,NONE
INV-003297,MED-033,Vancomycin 500mg Injection,Antibiotic,BAT-033-419,PHARM-008,59,420.0,2026-08-13,2026-04-29,EXPIRED,NONE
INV-003298,MED-036,Prednisolone 10mg,Steroid,BAT-036-446,PHARM-008,39,30.0,2026-08-27,2026-05-24,NEAR_EXPIRY,NONE
INV-003299,MED-053,Itraconazole 100mg,Antifungal,BAT-053-745,PHARM-008,328,165.0,2026-09-08,2025-12-19,NEAR_EXPIRY,NONE
INV-003300,MED-051,Metronidazole 400mg,Antibiotic,BAT-051-897,PHARM-008,258,32.0,2026-09-03,2026-03-24,NEAR_EXPIRY,NONE
INV-003301,MED-003,Azithromycin 500mg,Antibiotic,BAT-003-546,PHARM-008,142,120.0,2027-05-04,2026-05-06,AVAILABLE,NONE
INV-003302,MED-010,Omeprazole 20mg,Gastrointestinal,BAT-010-870,PHARM-008,37,55.0,2026-10-02,2025-10-19,AVAILABLE,NONE
INV-003303,MED-028,Ondansetron 4mg,Gastrointestinal,BAT-028-122,PHARM-008,96,42.0,2026-11-28,2025-08-30,AVAILABLE,NONE
INV-003304,MED-005,Human Regular Insulin 100IU,Antidiabetic,BAT-005-319,PHARM-008,205,350.0,2026-10-08,2026-05-19,AVAILABLE,NONE
INV-003305,MED-016,Ibuprofen 400mg,Analgesic,BAT-016-466,PHARM-008,230,28.0,2026-09-19,2025-09-11,AVAILABLE,NONE
INV-003306,MED-056,Bisoprolol 2.5mg,Cardiovascular,BAT-056-309,PHARM-008,25,72.0,2026-08-16,2025-12-19,NEAR_EXPIRY,NONE
INV-003307,MED-022,Glimepiride 2mg,Antidiabetic,BAT-022-291,PHARM-008,102,52.0,2026-07-28,2026-03-10,EXPIRED,NONE
INV-003308,MED-036,Prednisolone 10mg,Steroid,BAT-036-623,PHARM-008,232,30.0,2026-10-08,2026-05-28,AVAILABLE,NONE
INV-003309,MED-045,Calcium 500mg + Vitamin D3,Nutritional,BAT-045-122,PHARM-008,34,65.0,2026-08-30,2026-04-22,NEAR_EXPIRY,NONE
INV-003310,MED-017,Tramadol 50mg,Analgesic,BAT-017-227,PHARM-008,30,90.0,2026-08-17,2025-09-03,NEAR_EXPIRY,NONE
INV-003311,MED-045,Calcium 500mg + Vitamin D3,Nutritional,BAT-045-396,PHARM-008,126,65.0,2026-07-08,2026-02-25,EXPIRED,NONE
INV-003312,MED-026,Clopidogrel 75mg,Cardiovascular,BAT-026-965,PHARM-008,143,88.0,2026-10-07,2026-06-13,AVAILABLE,NONE
INV-003313,MED-058,Sitagliptin 100mg,Antidiabetic,BAT-058-865,PHARM-008,199,240.0,2026-12-17,2026-06-12,AVAILABLE,NONE
INV-003314,MED-017,Tramadol 50mg,Analgesic,BAT-017-708,PHARM-008,181,90.0,2026-10-01,2025-10-13,AVAILABLE,NONE
INV-003315,MED-003,Azithromycin 500mg,Antibiotic,BAT-003-659,PHARM-008,241,120.0,2026-10-15,2025-10-11,AVAILABLE,NONE
INV-003316,MED-026,Clopidogrel 75mg,Cardiovascular,BAT-026-572,PHARM-008,163,88.0,2026-08-17,2025-10-06,NEAR_EXPIRY,NONE
INV-003317,MED-034,Methylprednisolone 16mg,Steroid,BAT-034-968,PHARM-008,179,110.0,2027-03-30,2026-05-23,AVAILABLE,NONE
INV-003318,MED-012,Ciprofloxacin 500mg,Antibiotic,BAT-012-503,PHARM-008,357,65.0,2026-08-30,2025-08-29,NEAR_EXPIRY,NONE
INV-003319,MED-035,Dexamethasone 4mg Injection,Steroid,BAT-035-732,PHARM-008,121,25.0,2027-08-07,2026-03-10,AVAILABLE,NONE
INV-003320,MED-045,Calcium 500mg + Vitamin D3,Nutritional,BAT-045-733,PHARM-008,149,65.0,2026-10-13,2025-10-07,AVAILABLE,NONE
INV-003321,MED-025,Rosuvastatin 10mg,Cardiovascular,BAT-025-680,PHARM-008,103,110.0,2026-11-29,2026-02-06,AVAILABLE,NONE
INV-003322,MED-022,Glimepiride 2mg,Antidiabetic,BAT-022-702,PHARM-008,32,52.0,2027-09-16,2026-03-04,AVAILABLE,NONE
INV-003323,MED-008,Amlodipine 5mg,Cardiovascular,BAT-008-227,PHARM-008,214,38.0,2026-08-19,2025-09-04,NEAR_EXPIRY,NONE
INV-003324,MED-050,Loperamide 2mg,Gastrointestinal,BAT-050-589,PHARM-008,38,18.0,2026-09-03,2026-01-12,NEAR_EXPIRY,NONE
INV-003325,MED-005,Human Regular Insulin 100IU,Antidiabetic,BAT-005-585,PHARM-008,35,350.0,2026-10-07,2026-06-05,AVAILABLE,NONE
INV-003326,MED-015,Budesonide Inhaler 200mcg,Respiratory,BAT-015-952,PHARM-008,162,280.0,2026-10-08,2025-09-13,AVAILABLE,NONE
INV-003327,MED-052,Fluconazole 150mg,Antifungal,BAT-052-504,PHARM-008,125,45.0,2026-09-21,2026-03-31,AVAILABLE,NONE
INV-003328,MED-046,Vitamin B-Complex + B12,Nutritional,BAT-046-763,PHARM-008,295,40.0,2026-08-19,2026-05-12,NEAR_EXPIRY,NONE
INV-003329,MED-004,Metformin 500mg SR,Antidiabetic,BAT-004-488,PHARM-008,172,45.0,2026-08-12,2025-11-09,EXPIRED,NONE
INV-003330,MED-042,Escitalopram 10mg,Psychiatric,BAT-042-766,PHARM-008,19,85.0,2026-08-26,2025-09-25,NEAR_EXPIRY,NONE
INV-003331,MED-019,Meropenem 1g Injection,Antibiotic,BAT-019-485,PHARM-008,221,850.0,2027-03-03,2026-01-04,AVAILABLE,NONE
INV-003332,MED-058,Sitagliptin 100mg,Antidiabetic,BAT-058-858,PHARM-008,147,240.0,2026-09-27,2025-10-03,AVAILABLE,NONE
INV-003333,MED-027,Aspirin 75mg Gastro-resistant,Cardiovascular,BAT-027-151,PHARM-008,61,22.0,2027-02-25,2026-01-29,AVAILABLE,NONE
INV-003334,MED-001,Paracetamol 650mg,Analgesic,BAT-001-939,PHARM-008,287,32.5,2026-09-02,2026-02-06,NEAR_EXPIRY,NONE
INV-003335,MED-058,Sitagliptin 100mg,Antidiabetic,BAT-058-129,PHARM-008,216,240.0,2026-09-23,2025-09-26,AVAILABLE,NONE
INV-003336,MED-021,Losartan 50mg,Cardiovascular,BAT-021-326,PHARM-008,27,62.0,2027-08-21,2026-04-08,AVAILABLE,NONE
INV-003337,MED-028,Ondansetron 4mg,Gastrointestinal,BAT-028-233,PHARM-008,86,42.0,2027-04-21,2026-03-13,AVAILABLE,NONE
INV-003338,MED-052,Fluconazole 150mg,Antifungal,BAT-052-514,PHARM-008,67,45.0,2027-09-03,2026-01-01,AVAILABLE,NONE
INV-003339,MED-050,Loperamide 2mg,Gastrointestinal,BAT-050-528,PHARM-008,47,18.0,2026-11-10,2026-01-24,AVAILABLE,NONE
INV-003340,MED-026,Clopidogrel 75mg,Cardiovascular,BAT-026-747,PHARM-008,78,88.0,2026-09-25,2026-01-25,AVAILABLE,NONE
INV-003341,MED-060,Albumin Human 20% 100ml,Critical Care,BAT-060-154,PHARM-008,61,3200.0,2027-05-19,2026-07-11,AVAILABLE,NONE
INV-003342,MED-055,Betamethasone 0.5mg,Steroid,BAT-055-291,PHARM-008,165,15.0,2026-08-17,2026-05-16,NEAR_EXPIRY,NONE
INV-003343,MED-045,Calcium 500mg + Vitamin D3,Nutritional,BAT-045-772,PHARM-008,34,65.0,2026-08-26,2025-11-15,NEAR_EXPIRY,NONE
INV-003344,MED-025,Rosuvastatin 10mg,Cardiovascular,BAT-025-128,PHARM-008,201,110.0,2026-07-27,2026-05-23,EXPIRED,NONE
INV-003345,MED-007,Telmisartan 40mg,Cardiovascular,BAT-007-194,PHARM-008,228,78.0,2027-06-28,2026-01-06,AVAILABLE,NONE
INV-003346,MED-017,Tramadol 50mg,Analgesic,BAT-017-646,PHARM-008,21,90.0,2026-09-15,2025-10-24,AVAILABLE,NONE
INV-003347,MED-049,Aceclofenac + Paracetamol,Analgesic,BAT-049-649,PHARM-008,323,60.0,2026-08-19,2026-07-08,NEAR_EXPIRY,NONE
INV-003348,MED-032,Linezolid 600mg,Antibiotic,BAT-032-672,PHARM-008,15,340.0,2026-08-15,2026-05-11,NEAR_EXPIRY,NONE
INV-003349,MED-060,Albumin Human 20% 100ml,Critical Care,BAT-060-921,PHARM-008,124,3200.0,2026-10-06,2026-02-26,AVAILABLE,NONE
INV-003350,MED-051,Metronidazole 400mg,Antibiotic,BAT-051-369,PHARM-008,39,32.0,2026-09-27,2026-04-22,AVAILABLE,NONE
INV-003351,MED-010,Omeprazole 20mg,Gastrointestinal,BAT-010-847,PHARM-008,72,55.0,2026-11-10,2026-05-20,AVAILABLE,NONE
INV-003352,MED-034,Methylprednisolone 16mg,Steroid,BAT-034-357,PHARM-008,107,110.0,2027-06-16,2026-03-20,AVAILABLE,NONE
INV-003353,MED-015,Budesonide Inhaler 200mcg,Respiratory,BAT-015-540,PHARM-008,241,280.0,2027-04-29,2026-01-19,AVAILABLE,NONE
INV-003354,MED-049,Aceclofenac + Paracetamol,Analgesic,BAT-049-645,PHARM-008,229,60.0,2026-09-25,2026-06-21,AVAILABLE,NONE
INV-003355,MED-041,Alprazolam 0.5mg,Psychiatric,BAT-041-272,PHARM-008,64,35.0,2027-07-04,2026-01-08,AVAILABLE,NONE
INV-003356,MED-020,Piperacillin + Tazobactam 4.5g,Antibiotic,BAT-020-230,PHARM-008,148,490.0,2027-02-10,2026-05-13,AVAILABLE,NONE
INV-003357,MED-021,Losartan 50mg,Cardiovascular,BAT-021-999,PHARM-008,58,62.0,2026-08-30,2026-03-08,NEAR_EXPIRY,NONE
INV-003358,MED-017,Tramadol 50mg,Analgesic,BAT-017-412,PHARM-008,20,90.0,2026-09-05,2026-01-08,NEAR_EXPIRY,NONE
INV-003359,MED-055,Betamethasone 0.5mg,Steroid,BAT-055-178,PHARM-008,273,15.0,2026-08-16,2026-05-19,NEAR_EXPIRY,NONE
INV-003360,MED-040,Spironolactone 25mg,Cardiovascular,BAT-040-883,PHARM-008,207,48.0,2027-08-27,2025-11-06,AVAILABLE,NONE
INV-003361,MED-053,Itraconazole 100mg,Antifungal,BAT-053-186,PHARM-008,121,165.0,2026-10-08,2025-11-27,AVAILABLE,NONE
INV-003362,MED-049,Aceclofenac + Paracetamol,Analgesic,BAT-049-311,PHARM-008,184,60.0,2027-09-09,2026-03-13,AVAILABLE,NONE
INV-003363,MED-044,Thyroxine Sodium 50mcg,Endocrine,BAT-044-860,PHARM-008,69,125.0,2026-09-14,2026-04-21,AVAILABLE,NONE
INV-003364,MED-056,Bisoprolol 2.5mg,Cardiovascular,BAT-056-952,PHARM-008,63,72.0,2026-10-05,2025-10-04,AVAILABLE,NONE
INV-003365,MED-053,Itraconazole 100mg,Antifungal,BAT-053-174,PHARM-008,30,165.0,2026-08-22,2025-11-14,NEAR_EXPIRY,NONE
INV-003366,MED-039,Hydrochlorothiazide 12.5mg,Cardiovascular,BAT-039-902,PHARM-008,85,24.0,2026-11-04,2025-12-29,AVAILABLE,NONE
INV-003367,MED-022,Glimepiride 2mg,Antidiabetic,BAT-022-831,PHARM-008,283,52.0,2026-08-18,2025-08-24,NEAR_EXPIRY,NONE
INV-003368,MED-035,Dexamethasone 4mg Injection,Steroid,BAT-035-615,PHARM-008,108,25.0,2026-08-29,2026-05-02,NEAR_EXPIRY,NONE
INV-003369,MED-001,Paracetamol 650mg,Analgesic,BAT-001-136,PHARM-008,37,32.5,2027-07-04,2025-08-25,AVAILABLE,NONE
INV-003370,MED-046,Vitamin B-Complex + B12,Nutritional,BAT-046-993,PHARM-008,93,40.0,2026-09-30,2025-12-25,AVAILABLE,NONE
INV-003371,MED-033,Vancomycin 500mg Injection,Antibiotic,BAT-033-168,PHARM-008,265,420.0,2026-08-27,2025-12-10,NEAR_EXPIRY,NONE
INV-003372,MED-024,Dapagliflozin 10mg,Antidiabetic,BAT-024-367,PHARM-008,156,220.0,2026-10-10,2026-03-03,AVAILABLE,NONE
INV-003373,MED-014,Salbutamol Inhaler 100mcg,Respiratory,BAT-014-939,PHARM-008,141,160.0,2026-11-16,2025-10-15,AVAILABLE,NONE
INV-003374,MED-039,Hydrochlorothiazide 12.5mg,Cardiovascular,BAT-039-734,PHARM-008,161,24.0,2026-10-09,2026-03-26,AVAILABLE,NONE
INV-003375,MED-007,Telmisartan 40mg,Cardiovascular,BAT-007-115,PHARM-008,81,78.0,2027-03-27,2025-08-21,AVAILABLE,NONE
INV-003376,MED-042,Escitalopram 10mg,Psychiatric,BAT-042-710,PHARM-008,331,85.0,2026-08-18,2026-05-13,NEAR_EXPIRY,NONE
INV-003377,MED-017,Tramadol 50mg,Analgesic,BAT-017-995,PHARM-008,165,90.0,2027-08-28,2025-10-13,AVAILABLE,NONE
INV-003378,MED-038,Fexofenadine 120mg,Antihistamine,BAT-038-535,PHARM-008,59,82.0,2026-10-08,2025-09-18,AVAILABLE,NONE
INV-003379,MED-057,Carvedilol 6.25mg,Cardiovascular,BAT-057-882,PHARM-008,143,54.0,2026-07-24,2025-09-12,EXPIRED,NONE
INV-003380,MED-038,Fexofenadine 120mg,Antihistamine,BAT-038-819,PHARM-008,90,82.0,2026-12-06,2026-05-08,AVAILABLE,NONE
INV-003381,MED-054,Ranitidine 150mg,Gastrointestinal,BAT-054-560,PHARM-008,420,25.0,2026-08-29,2026-05-06,NEAR_EXPIRY,NONE
INV-003382,MED-039,Hydrochlorothiazide 12.5mg,Cardiovascular,BAT-039-653,PHARM-008,88,24.0,2027-01-11,2026-01-01,AVAILABLE,NONE
INV-003383,MED-009,Pantoprazole 40mg,Gastrointestinal,BAT-009-308,PHARM-008,135,85.0,2026-10-02,2025-10-03,AVAILABLE,NONE
INV-003384,MED-011,Cefixime 200mg,Antibiotic,BAT-011-633,PHARM-008,365,140.0,2026-08-25,2026-03-17,NEAR_EXPIRY,NONE
INV-003385,MED-036,Prednisolone 10mg,Steroid,BAT-036-611,PHARM-008,244,30.0,2026-08-27,2026-06-30,NEAR_EXPIRY,NONE
INV-003386,MED-056,Bisoprolol 2.5mg,Cardiovascular,BAT-056-627,PHARM-008,74,72.0,2027-07-26,2026-06-20,AVAILABLE,NONE
INV-003387,MED-011,Cefixime 200mg,Antibiotic,BAT-011-249,PHARM-008,23,140.0,2026-08-06,2026-05-14,EXPIRED,NONE
INV-003388,MED-012,Ciprofloxacin 500mg,Antibiotic,BAT-012-335,PHARM-008,36,65.0,2026-10-22,2026-04-17,AVAILABLE,NONE
INV-003389,MED-045,Calcium 500mg + Vitamin D3,Nutritional,BAT-045-634,PHARM-008,49,65.0,2026-09-26,2025-12-30,AVAILABLE,NONE
INV-003390,MED-003,Azithromycin 500mg,Antibiotic,BAT-003-130,PHARM-008,191,120.0,2027-08-15,2025-10-28,AVAILABLE,NONE
INV-003391,MED-056,Bisoprolol 2.5mg,Cardiovascular,BAT-056-671,PHARM-008,22,72.0,2026-12-15,2025-11-11,AVAILABLE,NONE
INV-003392,MED-036,Prednisolone 10mg,Steroid,BAT-036-185,PHARM-008,35,30.0,2026-08-18,2026-02-14,NEAR_EXPIRY,NONE
INV-003393,MED-059,Empagliflozin 25mg,Antidiabetic,BAT-059-841,PHARM-008,101,290.0,2027-03-11,2026-03-17,AVAILABLE,NONE
INV-003394,MED-042,Escitalopram 10mg,Psychiatric,BAT-042-349,PHARM-008,150,85.0,2027-08-11,2025-08-21,AVAILABLE,NONE
INV-003395,MED-049,Aceclofenac + Paracetamol,Analgesic,BAT-049-148,PHARM-008,85,60.0,2026-09-08,2025-11-10,NEAR_EXPIRY,NONE
INV-003396,MED-020,Piperacillin + Tazobactam 4.5g,Antibiotic,BAT-020-518,PHARM-008,35,490.0,2026-09-12,2025-09-17,NEAR_EXPIRY,NONE
INV-003397,MED-013,Montelukast + Levocetirizine,Respiratory,BAT-013-850,PHARM-008,123,115.0,2026-10-08,2026-07-07,AVAILABLE,NONE
INV-003398,MED-059,Empagliflozin 25mg,Antidiabetic,BAT-059-286,PHARM-008,443,290.0,2026-08-30,2026-07-14,NEAR_EXPIRY,NONE
INV-003399,MED-038,Fexofenadine 120mg,Antihistamine,BAT-038-488,PHARM-008,25,82.0,2027-04-01,2025-12-03,AVAILABLE,NONE
INV-003400,MED-058,Sitagliptin 100mg,Antidiabetic,BAT-058-805,PHARM-008,191,240.0,2026-10-12,2026-06-22,AVAILABLE,NONE
INV-003401,MED-025,Rosuvastatin 10mg,Cardiovascular,BAT-025-532,PHARM-008,150,110.0,2026-08-15,2026-02-28,NEAR_EXPIRY,NONE
INV-003402,MED-020,Piperacillin + Tazobactam 4.5g,Antibiotic,BAT-020-988,PHARM-008,92,490.0,2027-02-06,2026-06-01,AVAILABLE,NONE
INV-003403,MED-001,Paracetamol 650mg,Analgesic,BAT-001-927,PHARM-008,122,32.5,2026-09-17,2025-11-29,AVAILABLE,NONE
INV-003404,MED-040,Spironolactone 25mg,Cardiovascular,BAT-040-937,PHARM-008,333,48.0,2026-09-10,2025-09-16,NEAR_EXPIRY,NONE
INV-003405,MED-001,Paracetamol 650mg,Analgesic,BAT-001-476,PHARM-008,127,32.5,2027-05-22,2025-10-01,AVAILABLE,NONE
INV-003406,MED-036,Prednisolone 10mg,Steroid,BAT-036-307,PHARM-008,156,30.0,2026-09-26,2026-02-15,AVAILABLE,NONE
INV-003407,MED-047,Iron + Folic Acid Tablets,Nutritional,BAT-047-681,PHARM-008,119,50.0,2026-09-19,2025-09-29,AVAILABLE,NONE
INV-003408,MED-039,Hydrochlorothiazide 12.5mg,Cardiovascular,BAT-039-570,PHARM-008,130,24.0,2026-10-01,2026-07-08,AVAILABLE,NONE
INV-003409,MED-036,Prednisolone 10mg,Steroid,BAT-036-668,PHARM-008,50,30.0,2027-07-30,2025-10-22,AVAILABLE,NONE
INV-003410,MED-031,Levofloxacin 500mg,Antibiotic,BAT-031-641,PHARM-008,38,95.0,2026-10-03,2025-08-21,AVAILABLE,NONE
INV-003411,MED-024,Dapagliflozin 10mg,Antidiabetic,BAT-024-131,PHARM-008,66,220.0,2027-05-21,2026-01-07,AVAILABLE,NONE
INV-003412,MED-024,Dapagliflozin 10mg,Antidiabetic,BAT-024-564,PHARM-008,116,220.0,2026-10-12,2026-06-06,AVAILABLE,NONE
INV-003413,MED-002,Amoxicillin + Clavulanate 625mg,Antibiotic,BAT-002-809,PHARM-008,72,185.0,2026-08-22,2025-09-14,NEAR_EXPIRY,NONE
INV-003414,MED-057,Carvedilol 6.25mg,Cardiovascular,BAT-057-818,PHARM-008,153,54.0,2026-10-04,2026-01-13,AVAILABLE,NONE
INV-003415,MED-037,Cetirizine 10mg,Antihistamine,BAT-037-672,PHARM-008,394,20.0,2026-08-31,2026-04-11,NEAR_EXPIRY,NONE
INV-003416,MED-024,Dapagliflozin 10mg,Antidiabetic,BAT-024-242,PHARM-008,105,220.0,2027-04-16,2026-06-08,AVAILABLE,NONE
INV-003417,MED-033,Vancomycin 500mg Injection,Antibiotic,BAT-033-421,PHARM-008,94,420.0,2026-09-28,2026-05-16,AVAILABLE,NONE
INV-003418,MED-046,Vitamin B-Complex + B12,Nutritional,BAT-046-192,PHARM-008,174,40.0,2026-09-26,2026-05-06,AVAILABLE,NONE
INV-003419,MED-012,Ciprofloxacin 500mg,Antibiotic,BAT-012-902,PHARM-008,35,65.0,2026-08-20,2026-06-07,NEAR_EXPIRY,NONE
INV-003420,MED-039,Hydrochlorothiazide 12.5mg,Cardiovascular,BAT-039-829,PHARM-008,131,24.0,2026-09-18,2025-09-15,AVAILABLE,NONE
INV-003421,MED-018,Enoxaparin 40mg Injection,Cardiovascular,BAT-018-281,PHARM-008,20,450.0,2026-08-18,2026-04-23,NEAR_EXPIRY,NONE
INV-003422,MED-052,Fluconazole 150mg,Antifungal,BAT-052-824,PHARM-008,88,45.0,2027-04-19,2026-03-02,AVAILABLE,NONE
INV-003423,MED-059,Empagliflozin 25mg,Antidiabetic,BAT-059-235,PHARM-008,194,290.0,2027-04-09,2026-05-23,AVAILABLE,NONE
INV-003424,MED-019,Meropenem 1g Injection,Antibiotic,BAT-019-481,PHARM-008,101,850.0,2026-11-06,2025-11-09,AVAILABLE,NONE
INV-003425,MED-028,Ondansetron 4mg,Gastrointestinal,BAT-028-898,PHARM-008,86,42.0,2026-08-21,2025-10-30,NEAR_EXPIRY,NONE
INV-003426,MED-032,Linezolid 600mg,Antibiotic,BAT-032-950,PHARM-008,207,340.0,2026-10-23,2026-07-15,AVAILABLE,NONE
INV-003427,MED-004,Metformin 500mg SR,Antidiabetic,BAT-004-164,PHARM-008,137,45.0,2026-09-13,2025-08-26,NEAR_EXPIRY,NONE
INV-003428,MED-004,Metformin 500mg SR,Antidiabetic,BAT-004-570,PHARM-008,245,45.0,2026-08-26,2026-04-19,NEAR_EXPIRY,NONE
INV-003429,MED-011,Cefixime 200mg,Antibiotic,BAT-011-673,PHARM-008,64,140.0,2026-08-30,2025-09-06,NEAR_EXPIRY,NONE
INV-003430,MED-034,Methylprednisolone 16mg,Steroid,BAT-034-767,PHARM-008,18,110.0,2026-08-20,2025-10-24,NEAR_EXPIRY,NONE
INV-003431,MED-027,Aspirin 75mg Gastro-resistant,Cardiovascular,BAT-027-174,PHARM-009,223,22.0,2027-07-18,2025-12-28,AVAILABLE,NONE
INV-003432,MED-050,Loperamide 2mg,Gastrointestinal,BAT-050-482,PHARM-009,221,18.0,2026-09-15,2026-07-12,AVAILABLE,NONE
INV-003433,MED-023,Vildagliptin 50mg,Antidiabetic,BAT-023-675,PHARM-009,43,175.0,2026-11-13,2025-08-21,AVAILABLE,NONE
INV-003434,MED-008,Amlodipine 5mg,Cardiovascular,BAT-008-688,PHARM-009,65,38.0,2027-08-22,2026-01-06,AVAILABLE,NONE
INV-003435,MED-055,Betamethasone 0.5mg,Steroid,BAT-055-574,PHARM-009,42,15.0,2027-09-15,2026-05-21,AVAILABLE,NONE
INV-003436,MED-021,Losartan 50mg,Cardiovascular,BAT-021-290,PHARM-009,142,62.0,2026-08-15,2025-12-09,NEAR_EXPIRY,NONE
INV-003437,MED-004,Metformin 500mg SR,Antidiabetic,BAT-004-940,PHARM-009,168,45.0,2026-08-15,2025-09-27,NEAR_EXPIRY,NONE
INV-003438,MED-038,Fexofenadine 120mg,Antihistamine,BAT-038-421,PHARM-009,85,82.0,2026-07-14,2026-07-08,EXPIRED,NONE
INV-003439,MED-058,Sitagliptin 100mg,Antidiabetic,BAT-058-817,PHARM-009,221,240.0,2027-08-03,2026-06-01,AVAILABLE,NONE
INV-003440,MED-020,Piperacillin + Tazobactam 4.5g,Antibiotic,BAT-020-675,PHARM-009,227,490.0,2027-02-07,2026-01-29,AVAILABLE,NONE
INV-003441,MED-042,Escitalopram 10mg,Psychiatric,BAT-042-244,PHARM-009,171,85.0,2026-09-27,2025-09-28,AVAILABLE,NONE
INV-003442,MED-036,Prednisolone 10mg,Steroid,BAT-036-686,PHARM-009,108,30.0,2027-05-13,2026-03-28,AVAILABLE,NONE
INV-003443,MED-009,Pantoprazole 40mg,Gastrointestinal,BAT-009-709,PHARM-009,305,85.0,2026-09-06,2026-03-06,NEAR_EXPIRY,NONE
INV-003444,MED-006,Atorvastatin 20mg,Cardiovascular,BAT-006-739,PHARM-009,71,95.0,2027-06-13,2025-10-25,AVAILABLE,NONE
INV-003445,MED-052,Fluconazole 150mg,Antifungal,BAT-052-418,PHARM-009,68,45.0,2026-08-21,2025-10-13,NEAR_EXPIRY,NONE
INV-003446,MED-022,Glimepiride 2mg,Antidiabetic,BAT-022-146,PHARM-009,256,52.0,2026-09-08,2026-04-28,NEAR_EXPIRY,NONE
INV-003447,MED-012,Ciprofloxacin 500mg,Antibiotic,BAT-012-170,PHARM-009,245,65.0,2027-01-31,2025-11-18,AVAILABLE,NONE
INV-003448,MED-051,Metronidazole 400mg,Antibiotic,BAT-051-909,PHARM-009,215,32.0,2026-09-30,2026-01-12,AVAILABLE,NONE
INV-003449,MED-057,Carvedilol 6.25mg,Cardiovascular,BAT-057-943,PHARM-009,65,54.0,2026-08-26,2026-03-14,NEAR_EXPIRY,NONE
INV-003450,MED-035,Dexamethasone 4mg Injection,Steroid,BAT-035-545,PHARM-009,69,25.0,2027-05-31,2026-06-26,AVAILABLE,NONE
INV-003451,MED-038,Fexofenadine 120mg,Antihistamine,BAT-038-661,PHARM-009,248,82.0,2027-02-19,2026-03-25,AVAILABLE,NONE
INV-003452,MED-020,Piperacillin + Tazobactam 4.5g,Antibiotic,BAT-020-654,PHARM-009,40,490.0,2026-08-17,2025-10-31,NEAR_EXPIRY,NONE
INV-003453,MED-025,Rosuvastatin 10mg,Cardiovascular,BAT-025-916,PHARM-009,123,110.0,2027-03-15,2025-08-27,AVAILABLE,NONE
INV-003454,MED-059,Empagliflozin 25mg,Antidiabetic,BAT-059-241,PHARM-009,33,290.0,2026-07-23,2025-10-12,EXPIRED,NONE
INV-003455,MED-029,Rabeprazole 20mg,Gastrointestinal,BAT-029-935,PHARM-009,120,75.0,2026-11-08,2025-11-30,AVAILABLE,NONE
INV-003456,MED-024,Dapagliflozin 10mg,Antidiabetic,BAT-024-559,PHARM-009,21,220.0,2026-08-24,2025-09-01,NEAR_EXPIRY,NONE
INV-003457,MED-037,Cetirizine 10mg,Antihistamine,BAT-037-287,PHARM-009,105,20.0,2026-10-01,2026-07-11,AVAILABLE,NONE
INV-003458,MED-058,Sitagliptin 100mg,Antidiabetic,BAT-058-884,PHARM-009,30,240.0,2026-08-18,2026-01-30,NEAR_EXPIRY,NONE
INV-003459,MED-043,Sertraline 50mg,Psychiatric,BAT-043-714,PHARM-009,41,105.0,2026-12-04,2026-05-24,AVAILABLE,NONE
INV-003460,MED-007,Telmisartan 40mg,Cardiovascular,BAT-007-573,PHARM-009,173,78.0,2026-12-01,2025-10-29,AVAILABLE,NONE
INV-003461,MED-044,Thyroxine Sodium 50mcg,Endocrine,BAT-044-119,PHARM-009,163,125.0,2026-08-31,2026-05-04,NEAR_EXPIRY,NONE
INV-003462,MED-004,Metformin 500mg SR,Antidiabetic,BAT-004-803,PHARM-009,22,45.0,2026-08-15,2026-04-16,NEAR_EXPIRY,NONE
INV-003463,MED-021,Losartan 50mg,Cardiovascular,BAT-021-937,PHARM-009,194,62.0,2026-11-25,2026-02-28,AVAILABLE,NONE
INV-003464,MED-012,Ciprofloxacin 500mg,Antibiotic,BAT-012-100,PHARM-009,132,65.0,2027-01-15,2026-06-03,AVAILABLE,NONE
INV-003465,MED-058,Sitagliptin 100mg,Antidiabetic,BAT-058-421,PHARM-009,90,240.0,2026-08-23,2025-09-29,NEAR_EXPIRY,NONE
INV-003466,MED-049,Aceclofenac + Paracetamol,Analgesic,BAT-049-931,PHARM-009,106,60.0,2026-08-06,2026-06-20,EXPIRED,NONE
INV-003467,MED-014,Salbutamol Inhaler 100mcg,Respiratory,BAT-014-983,PHARM-009,224,160.0,2027-04-09,2026-04-13,AVAILABLE,NONE
INV-003468,MED-042,Escitalopram 10mg,Psychiatric,BAT-042-802,PHARM-009,136,85.0,2026-09-11,2025-09-17,NEAR_EXPIRY,NONE
INV-003469,MED-019,Meropenem 1g Injection,Antibiotic,BAT-019-144,PHARM-009,32,850.0,2026-08-18,2025-11-05,NEAR_EXPIRY,NONE
INV-003470,MED-030,Doxycycline 100mg,Antibiotic,BAT-030-709,PHARM-009,201,68.0,2026-07-22,2025-10-07,EXPIRED,NONE
INV-003471,MED-048,Diclofenac Sodium 50mg,Analgesic,BAT-048-704,PHARM-009,79,30.0,2026-10-13,2026-01-09,AVAILABLE,NONE
INV-003472,MED-043,Sertraline 50mg,Psychiatric,BAT-043-869,PHARM-009,93,105.0,2026-07-19,2026-06-12,EXPIRED,NONE
INV-003473,MED-044,Thyroxine Sodium 50mcg,Endocrine,BAT-044-736,PHARM-009,72,125.0,2026-10-20,2026-03-27,AVAILABLE,NONE
INV-003474,MED-045,Calcium 500mg + Vitamin D3,Nutritional,BAT-045-692,PHARM-009,52,65.0,2026-07-22,2026-05-16,EXPIRED,NONE
INV-003475,MED-003,Azithromycin 500mg,Antibiotic,BAT-003-999,PHARM-009,176,120.0,2026-09-30,2026-03-28,AVAILABLE,NONE
INV-003476,MED-045,Calcium 500mg + Vitamin D3,Nutritional,BAT-045-878,PHARM-009,96,65.0,2026-07-10,2026-02-20,EXPIRED,NONE
INV-003477,MED-041,Alprazolam 0.5mg,Psychiatric,BAT-041-728,PHARM-009,106,35.0,2027-09-13,2026-05-28,AVAILABLE,NONE
INV-003478,MED-057,Carvedilol 6.25mg,Cardiovascular,BAT-057-730,PHARM-009,111,54.0,2027-07-20,2025-09-03,AVAILABLE,NONE
INV-003479,MED-023,Vildagliptin 50mg,Antidiabetic,BAT-023-878,PHARM-009,107,175.0,2027-07-31,2026-03-13,AVAILABLE,NONE
INV-003480,MED-010,Omeprazole 20mg,Gastrointestinal,BAT-010-146,PHARM-009,154,55.0,2026-08-23,2026-01-11,NEAR_EXPIRY,NONE
INV-003481,MED-037,Cetirizine 10mg,Antihistamine,BAT-037-691,PHARM-009,166,20.0,2026-09-26,2026-07-09,AVAILABLE,NONE
INV-003482,MED-028,Ondansetron 4mg,Gastrointestinal,BAT-028-944,PHARM-009,119,42.0,2026-07-10,2025-10-08,EXPIRED,NONE
INV-003483,MED-046,Vitamin B-Complex + B12,Nutritional,BAT-046-549,PHARM-009,322,40.0,2026-09-13,2025-11-13,NEAR_EXPIRY,NONE
INV-003484,MED-018,Enoxaparin 40mg Injection,Cardiovascular,BAT-018-811,PHARM-009,189,450.0,2027-02-02,2026-05-12,AVAILABLE,NONE
INV-003485,MED-013,Montelukast + Levocetirizine,Respiratory,BAT-013-683,PHARM-009,40,115.0,2026-09-13,2026-02-18,NEAR_EXPIRY,NONE
INV-003486,MED-002,Amoxicillin + Clavulanate 625mg,Antibiotic,BAT-002-102,PHARM-009,214,185.0,2026-09-26,2025-12-26,AVAILABLE,NONE
INV-003487,MED-055,Betamethasone 0.5mg,Steroid,BAT-055-966,PHARM-009,91,15.0,2026-08-22,2026-04-26,NEAR_EXPIRY,NONE
INV-003488,MED-054,Ranitidine 150mg,Gastrointestinal,BAT-054-111,PHARM-009,100,25.0,2026-09-26,2026-06-08,AVAILABLE,NONE
INV-003489,MED-017,Tramadol 50mg,Analgesic,BAT-017-233,PHARM-009,247,90.0,2026-08-15,2025-12-27,NEAR_EXPIRY,NONE
INV-003490,MED-004,Metformin 500mg SR,Antidiabetic,BAT-004-742,PHARM-009,199,45.0,2027-08-03,2026-04-11,AVAILABLE,NONE
INV-003491,MED-050,Loperamide 2mg,Gastrointestinal,BAT-050-253,PHARM-009,104,18.0,2027-03-20,2026-03-25,AVAILABLE,NONE
INV-003492,MED-055,Betamethasone 0.5mg,Steroid,BAT-055-197,PHARM-009,166,15.0,2026-08-11,2026-06-10,EXPIRED,NONE
INV-003493,MED-003,Azithromycin 500mg,Antibiotic,BAT-003-758,PHARM-009,111,120.0,2026-11-06,2025-12-12,AVAILABLE,NONE
INV-003494,MED-016,Ibuprofen 400mg,Analgesic,BAT-016-105,PHARM-009,162,28.0,2027-07-17,2025-08-23,AVAILABLE,NONE
INV-003495,MED-059,Empagliflozin 25mg,Antidiabetic,BAT-059-523,PHARM-009,79,290.0,2026-08-22,2025-10-27,NEAR_EXPIRY,NONE
INV-003496,MED-026,Clopidogrel 75mg,Cardiovascular,BAT-026-554,PHARM-009,21,88.0,2027-08-25,2026-03-25,AVAILABLE,NONE
INV-003497,MED-019,Meropenem 1g Injection,Antibiotic,BAT-019-794,PHARM-009,105,850.0,2027-06-04,2026-01-25,AVAILABLE,NONE
INV-003498,MED-049,Aceclofenac + Paracetamol,Analgesic,BAT-049-997,PHARM-009,135,60.0,2026-10-01,2025-09-30,AVAILABLE,NONE
INV-003499,MED-021,Losartan 50mg,Cardiovascular,BAT-021-977,PHARM-009,63,62.0,2026-11-27,2025-09-29,AVAILABLE,NONE
INV-003500,MED-038,Fexofenadine 120mg,Antihistamine,BAT-038-854,PHARM-009,62,82.0,2027-03-22,2025-09-15,AVAILABLE,NONE
INV-003501,MED-026,Clopidogrel 75mg,Cardiovascular,BAT-026-147,PHARM-009,127,88.0,2027-02-14,2026-03-19,AVAILABLE,NONE
INV-003502,MED-043,Sertraline 50mg,Psychiatric,BAT-043-923,PHARM-009,137,105.0,2026-12-25,2026-04-15,AVAILABLE,NONE
INV-003503,MED-024,Dapagliflozin 10mg,Antidiabetic,BAT-024-462,PHARM-009,24,220.0,2026-08-17,2025-10-22,NEAR_EXPIRY,NONE
INV-003504,MED-045,Calcium 500mg + Vitamin D3,Nutritional,BAT-045-710,PHARM-009,49,65.0,2026-07-16,2026-05-12,EXPIRED,NONE
INV-003505,MED-006,Atorvastatin 20mg,Cardiovascular,BAT-006-920,PHARM-009,202,95.0,2027-02-06,2026-01-20,AVAILABLE,NONE
INV-003506,MED-049,Aceclofenac + Paracetamol,Analgesic,BAT-049-663,PHARM-009,225,60.0,2026-08-18,2026-07-12,NEAR_EXPIRY,NONE
INV-003507,MED-051,Metronidazole 400mg,Antibiotic,BAT-051-722,PHARM-009,221,32.0,2026-07-11,2026-04-19,EXPIRED,NONE
INV-003508,MED-008,Amlodipine 5mg,Cardiovascular,BAT-008-634,PHARM-009,195,38.0,2026-10-16,2025-09-25,AVAILABLE,NONE
INV-003509,MED-024,Dapagliflozin 10mg,Antidiabetic,BAT-024-679,PHARM-009,48,220.0,2026-10-08,2026-05-28,AVAILABLE,NONE
INV-003510,MED-033,Vancomycin 500mg Injection,Antibiotic,BAT-033-547,PHARM-009,160,420.0,2026-09-24,2026-03-29,AVAILABLE,NONE
INV-003511,MED-036,Prednisolone 10mg,Steroid,BAT-036-183,PHARM-009,211,30.0,2027-08-01,2025-09-17,AVAILABLE,NONE
INV-003512,MED-030,Doxycycline 100mg,Antibiotic,BAT-030-806,PHARM-009,342,68.0,2026-08-20,2025-11-17,NEAR_EXPIRY,NONE
INV-003513,MED-003,Azithromycin 500mg,Antibiotic,BAT-003-825,PHARM-009,80,120.0,2027-04-05,2026-06-20,AVAILABLE,NONE
INV-003514,MED-031,Levofloxacin 500mg,Antibiotic,BAT-031-647,PHARM-009,160,95.0,2026-11-17,2025-09-09,AVAILABLE,NONE
INV-003515,MED-025,Rosuvastatin 10mg,Cardiovascular,BAT-025-723,PHARM-009,142,110.0,2026-10-02,2026-04-27,AVAILABLE,NONE
INV-003516,MED-058,Sitagliptin 100mg,Antidiabetic,BAT-058-276,PHARM-009,37,240.0,2026-08-31,2025-10-28,NEAR_EXPIRY,NONE
INV-003517,MED-033,Vancomycin 500mg Injection,Antibiotic,BAT-033-241,PHARM-009,61,420.0,2027-06-15,2026-04-20,AVAILABLE,NONE
INV-003518,MED-001,Paracetamol 650mg,Analgesic,BAT-001-155,PHARM-009,95,32.5,2026-10-03,2026-04-16,AVAILABLE,NONE
INV-003519,MED-035,Dexamethasone 4mg Injection,Steroid,BAT-035-230,PHARM-009,54,25.0,2027-02-08,2025-08-29,AVAILABLE,NONE
INV-003520,MED-043,Sertraline 50mg,Psychiatric,BAT-043-259,PHARM-009,271,105.0,2026-08-30,2026-06-15,NEAR_EXPIRY,NONE
INV-003521,MED-014,Salbutamol Inhaler 100mcg,Respiratory,BAT-014-848,PHARM-009,211,160.0,2027-07-09,2026-05-09,AVAILABLE,NONE
INV-003522,MED-008,Amlodipine 5mg,Cardiovascular,BAT-008-167,PHARM-009,167,38.0,2027-04-16,2025-12-12,AVAILABLE,NONE
INV-003523,MED-039,Hydrochlorothiazide 12.5mg,Cardiovascular,BAT-039-827,PHARM-009,208,24.0,2026-12-17,2026-04-06,AVAILABLE,NONE
INV-003524,MED-041,Alprazolam 0.5mg,Psychiatric,BAT-041-852,PHARM-009,270,35.0,2026-08-20,2026-07-09,NEAR_EXPIRY,NONE
INV-003525,MED-045,Calcium 500mg + Vitamin D3,Nutritional,BAT-045-252,PHARM-009,203,65.0,2026-12-19,2026-03-25,AVAILABLE,NONE
INV-003526,MED-029,Rabeprazole 20mg,Gastrointestinal,BAT-029-609,PHARM-009,198,75.0,2026-12-18,2026-01-13,AVAILABLE,NONE
INV-003527,MED-057,Carvedilol 6.25mg,Cardiovascular,BAT-057-205,PHARM-009,11,54.0,2026-08-28,2026-03-13,NEAR_EXPIRY,NONE
INV-003528,MED-027,Aspirin 75mg Gastro-resistant,Cardiovascular,BAT-027-443,PHARM-009,70,22.0,2026-09-26,2026-06-21,AVAILABLE,NONE
INV-003529,MED-001,Paracetamol 650mg,Analgesic,BAT-001-798,PHARM-009,162,32.5,2026-09-10,2026-06-16,NEAR_EXPIRY,NONE
INV-003530,MED-023,Vildagliptin 50mg,Antidiabetic,BAT-023-507,PHARM-009,17,175.0,2026-08-19,2025-09-19,NEAR_EXPIRY,NONE
INV-003531,MED-044,Thyroxine Sodium 50mcg,Endocrine,BAT-044-123,PHARM-009,126,125.0,2026-11-28,2026-04-24,AVAILABLE,NONE
INV-003532,MED-044,Thyroxine Sodium 50mcg,Endocrine,BAT-044-932,PHARM-009,241,125.0,2026-09-26,2026-06-08,AVAILABLE,NONE
INV-003533,MED-039,Hydrochlorothiazide 12.5mg,Cardiovascular,BAT-039-141,PHARM-009,75,24.0,2026-09-30,2026-04-25,AVAILABLE,NONE
INV-003534,MED-008,Amlodipine 5mg,Cardiovascular,BAT-008-904,PHARM-009,217,38.0,2026-09-08,2026-07-01,NEAR_EXPIRY,NONE
INV-003535,MED-025,Rosuvastatin 10mg,Cardiovascular,BAT-025-501,PHARM-009,35,110.0,2026-08-15,2026-04-23,NEAR_EXPIRY,NONE
INV-003536,MED-027,Aspirin 75mg Gastro-resistant,Cardiovascular,BAT-027-598,PHARM-009,123,22.0,2026-09-25,2026-07-08,AVAILABLE,NONE
INV-003537,MED-036,Prednisolone 10mg,Steroid,BAT-036-477,PHARM-009,137,30.0,2027-05-03,2025-12-14,AVAILABLE,NONE
INV-003538,MED-049,Aceclofenac + Paracetamol,Analgesic,BAT-049-998,PHARM-009,221,60.0,2026-09-13,2026-06-25,NEAR_EXPIRY,NONE
INV-003539,MED-033,Vancomycin 500mg Injection,Antibiotic,BAT-033-923,PHARM-009,123,420.0,2026-08-23,2025-12-26,NEAR_EXPIRY,NONE
INV-003540,MED-020,Piperacillin + Tazobactam 4.5g,Antibiotic,BAT-020-771,PHARM-009,120,490.0,2026-09-27,2026-06-27,AVAILABLE,NONE
INV-003541,MED-013,Montelukast + Levocetirizine,Respiratory,BAT-013-801,PHARM-009,203,115.0,2026-09-20,2026-02-09,AVAILABLE,NONE
INV-003542,MED-015,Budesonide Inhaler 200mcg,Respiratory,BAT-015-681,PHARM-009,146,280.0,2026-08-31,2025-12-14,NEAR_EXPIRY,NONE
INV-003543,MED-013,Montelukast + Levocetirizine,Respiratory,BAT-013-232,PHARM-009,80,115.0,2026-09-04,2026-04-20,NEAR_EXPIRY,NONE
INV-003544,MED-010,Omeprazole 20mg,Gastrointestinal,BAT-010-361,PHARM-009,232,55.0,2026-12-23,2026-03-27,AVAILABLE,NONE
INV-003545,MED-048,Diclofenac Sodium 50mg,Analgesic,BAT-048-451,PHARM-009,192,30.0,2027-02-27,2025-10-04,AVAILABLE,NONE
INV-003546,MED-010,Omeprazole 20mg,Gastrointestinal,BAT-010-203,PHARM-009,246,55.0,2027-09-04,2025-10-25,AVAILABLE,NONE
INV-003547,MED-003,Azithromycin 500mg,Antibiotic,BAT-003-646,PHARM-009,195,120.0,2027-08-14,2025-11-05,AVAILABLE,NONE
INV-003548,MED-040,Spironolactone 25mg,Cardiovascular,BAT-040-200,PHARM-009,183,48.0,2026-12-28,2025-08-31,AVAILABLE,NONE
INV-003549,MED-016,Ibuprofen 400mg,Analgesic,BAT-016-841,PHARM-009,188,28.0,2026-11-26,2026-02-06,AVAILABLE,NONE
INV-003550,MED-039,Hydrochlorothiazide 12.5mg,Cardiovascular,BAT-039-684,PHARM-009,27,24.0,2026-08-28,2026-01-02,NEAR_EXPIRY,NONE
INV-003551,MED-057,Carvedilol 6.25mg,Cardiovascular,BAT-057-237,PHARM-009,247,54.0,2027-01-17,2026-02-21,AVAILABLE,NONE
INV-003552,MED-024,Dapagliflozin 10mg,Antidiabetic,BAT-024-782,PHARM-009,17,220.0,2026-08-29,2026-06-16,NEAR_EXPIRY,NONE
INV-003553,MED-053,Itraconazole 100mg,Antifungal,BAT-053-135,PHARM-009,237,165.0,2026-07-21,2026-03-14,EXPIRED,NONE
INV-003554,MED-043,Sertraline 50mg,Psychiatric,BAT-043-641,PHARM-009,204,105.0,2026-09-25,2025-11-02,AVAILABLE,NONE
INV-003555,MED-018,Enoxaparin 40mg Injection,Cardiovascular,BAT-018-478,PHARM-009,196,450.0,2027-05-01,2025-11-18,AVAILABLE,NONE
INV-003556,MED-037,Cetirizine 10mg,Antihistamine,BAT-037-791,PHARM-009,136,20.0,2026-10-09,2026-02-28,AVAILABLE,NONE
INV-003557,MED-026,Clopidogrel 75mg,Cardiovascular,BAT-026-700,PHARM-009,105,88.0,2027-09-04,2026-02-28,AVAILABLE,NONE
INV-003558,MED-013,Montelukast + Levocetirizine,Respiratory,BAT-013-469,PHARM-009,140,115.0,2026-10-02,2026-03-15,AVAILABLE,NONE
INV-003559,MED-055,Betamethasone 0.5mg,Steroid,BAT-055-377,PHARM-009,34,15.0,2026-09-10,2025-12-26,NEAR_EXPIRY,NONE
INV-003560,MED-028,Ondansetron 4mg,Gastrointestinal,BAT-028-313,PHARM-009,20,42.0,2026-08-16,2026-02-22,NEAR_EXPIRY,NONE
INV-003561,MED-035,Dexamethasone 4mg Injection,Steroid,BAT-035-814,PHARM-009,234,25.0,2026-10-13,2026-07-11,AVAILABLE,NONE
INV-003562,MED-060,Albumin Human 20% 100ml,Critical Care,BAT-060-733,PHARM-009,107,3200.0,2026-10-10,2026-02-09,AVAILABLE,NONE
INV-003563,MED-012,Ciprofloxacin 500mg,Antibiotic,BAT-012-878,PHARM-009,221,65.0,2026-09-24,2025-12-23,AVAILABLE,NONE
INV-003564,MED-024,Dapagliflozin 10mg,Antidiabetic,BAT-024-689,PHARM-009,15,220.0,2026-09-05,2026-01-01,NEAR_EXPIRY,NONE
INV-003565,MED-001,Paracetamol 650mg,Analgesic,BAT-001-564,PHARM-009,34,32.5,2026-08-17,2026-02-24,NEAR_EXPIRY,NONE
INV-003566,MED-025,Rosuvastatin 10mg,Cardiovascular,BAT-025-225,PHARM-009,87,110.0,2026-07-02,2026-02-19,EXPIRED,NONE
INV-003567,MED-042,Escitalopram 10mg,Psychiatric,BAT-042-657,PHARM-009,90,85.0,2026-08-21,2025-09-20,NEAR_EXPIRY,NONE
INV-003568,MED-053,Itraconazole 100mg,Antifungal,BAT-053-219,PHARM-009,74,165.0,2027-03-21,2026-02-11,AVAILABLE,NONE
INV-003569,MED-046,Vitamin B-Complex + B12,Nutritional,BAT-046-929,PHARM-009,76,40.0,2026-09-27,2026-06-17,AVAILABLE,NONE
INV-003570,MED-043,Sertraline 50mg,Psychiatric,BAT-043-888,PHARM-009,207,105.0,2026-09-12,2025-11-23,NEAR_EXPIRY,NONE
INV-003571,MED-042,Escitalopram 10mg,Psychiatric,BAT-042-802,PHARM-009,230,85.0,2026-09-30,2026-05-14,AVAILABLE,NONE
INV-003572,MED-023,Vildagliptin 50mg,Antidiabetic,BAT-023-271,PHARM-009,114,175.0,2026-11-23,2026-05-04,AVAILABLE,NONE
INV-003573,MED-047,Iron + Folic Acid Tablets,Nutritional,BAT-047-662,PHARM-009,18,50.0,2026-08-19,2025-11-29,NEAR_EXPIRY,NONE
INV-003574,MED-024,Dapagliflozin 10mg,Antidiabetic,BAT-024-935,PHARM-009,130,220.0,2027-01-12,2026-02-22,AVAILABLE,NONE
INV-003575,MED-057,Carvedilol 6.25mg,Cardiovascular,BAT-057-617,PHARM-009,30,54.0,2026-09-12,2025-11-22,NEAR_EXPIRY,NONE
INV-003576,MED-032,Linezolid 600mg,Antibiotic,BAT-032-298,PHARM-009,228,340.0,2027-09-10,2025-08-20,AVAILABLE,NONE
INV-003577,MED-044,Thyroxine Sodium 50mcg,Endocrine,BAT-044-125,PHARM-009,244,125.0,2026-09-24,2025-10-18,AVAILABLE,NONE
INV-003578,MED-048,Diclofenac Sodium 50mg,Analgesic,BAT-048-940,PHARM-009,233,30.0,2026-09-05,2026-05-01,NEAR_EXPIRY,NONE
INV-003579,MED-028,Ondansetron 4mg,Gastrointestinal,BAT-028-509,PHARM-009,139,42.0,2026-09-20,2026-01-31,AVAILABLE,NONE
INV-003580,MED-001,Paracetamol 650mg,Analgesic,BAT-001-214,PHARM-009,231,32.5,2027-09-09,2026-02-23,AVAILABLE,NONE
INV-003581,MED-003,Azithromycin 500mg,Antibiotic,BAT-003-881,PHARM-009,228,120.0,2026-12-31,2025-08-27,AVAILABLE,NONE
INV-003582,MED-029,Rabeprazole 20mg,Gastrointestinal,BAT-029-649,PHARM-009,103,75.0,2026-07-21,2026-06-13,EXPIRED,NONE
INV-003583,MED-042,Escitalopram 10mg,Psychiatric,BAT-042-631,PHARM-009,143,85.0,2026-08-04,2026-06-22,EXPIRED,NONE
INV-003584,MED-055,Betamethasone 0.5mg,Steroid,BAT-055-798,PHARM-009,99,15.0,2026-11-16,2026-04-15,AVAILABLE,NONE
INV-003585,MED-012,Ciprofloxacin 500mg,Antibiotic,BAT-012-427,PHARM-009,50,65.0,2027-01-21,2025-11-20,AVAILABLE,NONE
INV-003586,MED-028,Ondansetron 4mg,Gastrointestinal,BAT-028-127,PHARM-009,32,42.0,2026-09-09,2025-09-09,NEAR_EXPIRY,NONE
INV-003587,MED-049,Aceclofenac + Paracetamol,Analgesic,BAT-049-507,PHARM-009,146,60.0,2026-11-27,2025-10-18,AVAILABLE,NONE
INV-003588,MED-011,Cefixime 200mg,Antibiotic,BAT-011-135,PHARM-009,289,140.0,2026-08-18,2026-04-05,NEAR_EXPIRY,NONE
INV-003589,MED-010,Omeprazole 20mg,Gastrointestinal,BAT-010-630,PHARM-009,347,55.0,2026-08-20,2025-12-27,NEAR_EXPIRY,NONE
INV-003590,MED-041,Alprazolam 0.5mg,Psychiatric,BAT-041-976,PHARM-009,52,35.0,2027-04-08,2025-11-09,AVAILABLE,NONE
INV-003591,MED-047,Iron + Folic Acid Tablets,Nutritional,BAT-047-482,PHARM-009,31,50.0,2026-09-12,2025-09-03,NEAR_EXPIRY,NONE
INV-003592,MED-010,Omeprazole 20mg,Gastrointestinal,BAT-010-273,PHARM-009,228,55.0,2026-10-08,2026-04-29,AVAILABLE,NONE
INV-003593,MED-029,Rabeprazole 20mg,Gastrointestinal,BAT-029-332,PHARM-009,94,75.0,2026-08-19,2025-09-03,NEAR_EXPIRY,NONE
INV-003594,MED-024,Dapagliflozin 10mg,Antidiabetic,BAT-024-973,PHARM-009,220,220.0,2027-02-04,2025-11-15,AVAILABLE,NONE
INV-003595,MED-023,Vildagliptin 50mg,Antidiabetic,BAT-023-330,PHARM-009,12,175.0,2026-09-04,2026-05-10,NEAR_EXPIRY,NONE
INV-003596,MED-031,Levofloxacin 500mg,Antibiotic,BAT-031-506,PHARM-009,137,95.0,2027-07-23,2026-05-30,AVAILABLE,NONE
INV-003597,MED-003,Azithromycin 500mg,Antibiotic,BAT-003-623,PHARM-009,395,120.0,2026-09-06,2026-04-11,NEAR_EXPIRY,NONE
INV-003598,MED-052,Fluconazole 150mg,Antifungal,BAT-052-262,PHARM-009,10,45.0,2026-08-25,2026-04-04,NEAR_EXPIRY,NONE
INV-003599,MED-026,Clopidogrel 75mg,Cardiovascular,BAT-026-202,PHARM-009,161,88.0,2026-10-10,2026-01-15,AVAILABLE,NONE
INV-003600,MED-015,Budesonide Inhaler 200mcg,Respiratory,BAT-015-671,PHARM-009,200,280.0,2026-09-19,2025-10-02,AVAILABLE,NONE
INV-003601,MED-006,Atorvastatin 20mg,Cardiovascular,BAT-006-979,PHARM-009,131,95.0,2027-09-01,2025-11-05,AVAILABLE,NONE
INV-003602,MED-060,Albumin Human 20% 100ml,Critical Care,BAT-060-824,PHARM-009,219,3200.0,2026-09-22,2026-03-03,AVAILABLE,NONE
INV-003603,MED-026,Clopidogrel 75mg,Cardiovascular,BAT-026-589,PHARM-009,14,88.0,2026-08-30,2026-04-04,NEAR_EXPIRY,NONE
INV-003604,MED-045,Calcium 500mg + Vitamin D3,Nutritional,BAT-045-256,PHARM-009,24,65.0,2027-07-01,2026-05-04,AVAILABLE,NONE
INV-003605,MED-041,Alprazolam 0.5mg,Psychiatric,BAT-041-208,PHARM-009,383,35.0,2026-08-26,2025-09-07,NEAR_EXPIRY,NONE
INV-003606,MED-044,Thyroxine Sodium 50mcg,Endocrine,BAT-044-746,PHARM-009,22,125.0,2026-08-17,2026-04-12,NEAR_EXPIRY,NONE
INV-003607,MED-053,Itraconazole 100mg,Antifungal,BAT-053-732,PHARM-009,262,165.0,2026-09-11,2026-01-24,NEAR_EXPIRY,NONE
INV-003608,MED-051,Metronidazole 400mg,Antibiotic,BAT-051-839,PHARM-009,37,32.0,2027-02-16,2025-11-12,AVAILABLE,NONE
INV-003609,MED-055,Betamethasone 0.5mg,Steroid,BAT-055-763,PHARM-009,121,15.0,2026-09-22,2026-05-18,AVAILABLE,NONE
INV-003610,MED-044,Thyroxine Sodium 50mcg,Endocrine,BAT-044-912,PHARM-009,174,125.0,2026-08-29,2025-11-06,NEAR_EXPIRY,NONE
INV-003611,MED-015,Budesonide Inhaler 200mcg,Respiratory,BAT-015-977,PHARM-009,187,280.0,2026-12-15,2025-10-02,AVAILABLE,NONE
INV-003612,MED-036,Prednisolone 10mg,Steroid,BAT-036-431,PHARM-009,38,30.0,2026-07-02,2026-04-30,EXPIRED,NONE
INV-003613,MED-015,Budesonide Inhaler 200mcg,Respiratory,BAT-015-893,PHARM-009,180,280.0,2026-08-20,2025-12-30,NEAR_EXPIRY,NONE
INV-003614,MED-043,Sertraline 50mg,Psychiatric,BAT-043-508,PHARM-009,141,105.0,2026-10-07,2026-03-20,AVAILABLE,NONE
INV-003615,MED-043,Sertraline 50mg,Psychiatric,BAT-043-474,PHARM-009,222,105.0,2026-07-27,2025-12-30,EXPIRED,NONE
INV-003616,MED-031,Levofloxacin 500mg,Antibiotic,BAT-031-146,PHARM-009,439,95.0,2026-09-09,2026-01-11,NEAR_EXPIRY,NONE
INV-003617,MED-043,Sertraline 50mg,Psychiatric,BAT-043-168,PHARM-009,219,105.0,2026-08-20,2026-01-08,NEAR_EXPIRY,NONE
INV-003618,MED-050,Loperamide 2mg,Gastrointestinal,BAT-050-789,PHARM-009,347,18.0,2026-08-30,2026-01-21,NEAR_EXPIRY,NONE
INV-003619,MED-025,Rosuvastatin 10mg,Cardiovascular,BAT-025-706,PHARM-009,160,110.0,2026-09-28,2026-03-29,AVAILABLE,NONE
INV-003620,MED-032,Linezolid 600mg,Antibiotic,BAT-032-466,PHARM-009,227,340.0,2026-08-13,2026-04-12,EXPIRED,NONE
INV-003621,MED-009,Pantoprazole 40mg,Gastrointestinal,BAT-009-118,PHARM-009,218,85.0,2026-08-16,2026-03-08,NEAR_EXPIRY,NONE
INV-003622,MED-056,Bisoprolol 2.5mg,Cardiovascular,BAT-056-767,PHARM-009,72,72.0,2026-08-20,2025-11-03,NEAR_EXPIRY,NONE
INV-003623,MED-005,Human Regular Insulin 100IU,Antidiabetic,BAT-005-306,PHARM-009,318,350.0,2026-09-13,2025-09-26,NEAR_EXPIRY,NONE
INV-003624,MED-037,Cetirizine 10mg,Antihistamine,BAT-037-762,PHARM-009,153,20.0,2026-10-02,2025-11-25,AVAILABLE,NONE
INV-003625,MED-031,Levofloxacin 500mg,Antibiotic,BAT-031-320,PHARM-009,38,95.0,2026-08-18,2026-06-08,NEAR_EXPIRY,NONE
INV-003626,MED-052,Fluconazole 150mg,Antifungal,BAT-052-716,PHARM-009,57,45.0,2026-08-20,2026-04-12,NEAR_EXPIRY,NONE
INV-003627,MED-045,Calcium 500mg + Vitamin D3,Nutritional,BAT-045-690,PHARM-009,186,65.0,2026-09-29,2025-10-17,AVAILABLE,NONE
INV-003628,MED-035,Dexamethasone 4mg Injection,Steroid,BAT-035-530,PHARM-009,440,25.0,2026-09-11,2026-01-16,NEAR_EXPIRY,NONE
INV-003629,MED-044,Thyroxine Sodium 50mcg,Endocrine,BAT-044-685,PHARM-009,147,125.0,2026-09-10,2026-02-07,NEAR_EXPIRY,NONE
INV-003630,MED-013,Montelukast + Levocetirizine,Respiratory,BAT-013-131,PHARM-009,183,115.0,2027-08-06,2025-10-26,AVAILABLE,NONE
INV-003631,MED-022,Glimepiride 2mg,Antidiabetic,BAT-022-286,PHARM-009,15,52.0,2026-08-15,2026-03-18,NEAR_EXPIRY,NONE
INV-003632,MED-023,Vildagliptin 50mg,Antidiabetic,BAT-023-962,PHARM-009,226,175.0,2027-06-19,2026-07-03,AVAILABLE,NONE
INV-003633,MED-025,Rosuvastatin 10mg,Cardiovascular,BAT-025-378,PHARM-009,224,110.0,2026-09-28,2026-02-21,AVAILABLE,NONE
INV-003634,MED-059,Empagliflozin 25mg,Antidiabetic,BAT-059-390,PHARM-009,20,290.0,2026-08-10,2025-11-12,EXPIRED,NONE
INV-003635,MED-009,Pantoprazole 40mg,Gastrointestinal,BAT-009-530,PHARM-009,99,85.0,2026-09-23,2025-10-01,AVAILABLE,NONE
INV-003636,MED-035,Dexamethasone 4mg Injection,Steroid,BAT-035-781,PHARM-009,166,25.0,2026-09-23,2025-12-05,AVAILABLE,NONE
INV-003637,MED-029,Rabeprazole 20mg,Gastrointestinal,BAT-029-707,PHARM-009,127,75.0,2026-11-28,2025-11-27,AVAILABLE,NONE
INV-003638,MED-053,Itraconazole 100mg,Antifungal,BAT-053-306,PHARM-009,196,165.0,2027-05-20,2025-12-30,AVAILABLE,NONE
INV-003639,MED-003,Azithromycin 500mg,Antibiotic,BAT-003-363,PHARM-009,82,120.0,2026-07-18,2026-01-27,EXPIRED,NONE
INV-003640,MED-023,Vildagliptin 50mg,Antidiabetic,BAT-023-422,PHARM-009,170,175.0,2026-09-15,2026-03-25,AVAILABLE,NONE
INV-003641,MED-048,Diclofenac Sodium 50mg,Analgesic,BAT-048-495,PHARM-009,67,30.0,2026-10-03,2026-02-26,AVAILABLE,NONE
INV-003642,MED-030,Doxycycline 100mg,Antibiotic,BAT-030-551,PHARM-009,235,68.0,2026-08-20,2026-06-05,NEAR_EXPIRY,NONE
INV-003643,MED-045,Calcium 500mg + Vitamin D3,Nutritional,BAT-045-489,PHARM-009,144,65.0,2026-08-23,2026-03-23,NEAR_EXPIRY,NONE
INV-003644,MED-047,Iron + Folic Acid Tablets,Nutritional,BAT-047-108,PHARM-009,91,50.0,2026-08-25,2026-04-15,NEAR_EXPIRY,NONE
INV-003645,MED-044,Thyroxine Sodium 50mcg,Endocrine,BAT-044-311,PHARM-009,130,125.0,2026-08-24,2025-12-09,NEAR_EXPIRY,NONE
INV-003646,MED-059,Empagliflozin 25mg,Antidiabetic,BAT-059-637,PHARM-009,215,290.0,2027-08-01,2025-09-01,AVAILABLE,NONE
INV-003647,MED-022,Glimepiride 2mg,Antidiabetic,BAT-022-726,PHARM-009,161,52.0,2026-08-31,2025-12-26,NEAR_EXPIRY,NONE
INV-003648,MED-022,Glimepiride 2mg,Antidiabetic,BAT-022-871,PHARM-009,210,52.0,2027-03-12,2026-03-03,AVAILABLE,NONE
INV-003649,MED-015,Budesonide Inhaler 200mcg,Respiratory,BAT-015-414,PHARM-009,176,280.0,2027-03-19,2026-03-06,AVAILABLE,NONE
INV-003650,MED-008,Amlodipine 5mg,Cardiovascular,BAT-008-505,PHARM-009,82,38.0,2027-08-11,2025-09-27,AVAILABLE,NONE
INV-003651,MED-049,Aceclofenac + Paracetamol,Analgesic,BAT-049-722,PHARM-009,90,60.0,2027-02-23,2026-03-13,AVAILABLE,NONE
INV-003652,MED-038,Fexofenadine 120mg,Antihistamine,BAT-038-561,PHARM-009,38,82.0,2026-08-30,2026-02-20,NEAR_EXPIRY,NONE
INV-003653,MED-034,Methylprednisolone 16mg,Steroid,BAT-034-877,PHARM-009,134,110.0,2026-08-16,2025-10-01,NEAR_EXPIRY,NONE
INV-003654,MED-009,Pantoprazole 40mg,Gastrointestinal,BAT-009-719,PHARM-009,167,85.0,2027-02-02,2025-11-13,AVAILABLE,NONE
INV-003655,MED-043,Sertraline 50mg,Psychiatric,BAT-043-937,PHARM-009,153,105.0,2026-10-12,2025-10-16,AVAILABLE,NONE
INV-003656,MED-038,Fexofenadine 120mg,Antihistamine,BAT-038-978,PHARM-009,428,82.0,2026-08-16,2026-02-27,NEAR_EXPIRY,NONE
INV-003657,MED-029,Rabeprazole 20mg,Gastrointestinal,BAT-029-232,PHARM-009,240,75.0,2026-12-11,2026-06-14,AVAILABLE,NONE
INV-003658,MED-031,Levofloxacin 500mg,Antibiotic,BAT-031-879,PHARM-009,250,95.0,2026-09-23,2026-06-23,AVAILABLE,NONE
INV-003659,MED-055,Betamethasone 0.5mg,Steroid,BAT-055-631,PHARM-009,155,15.0,2026-08-20,2026-01-18,NEAR_EXPIRY,NONE
INV-003660,MED-031,Levofloxacin 500mg,Antibiotic,BAT-031-919,PHARM-009,14,95.0,2026-08-21,2025-09-19,NEAR_EXPIRY,NONE
INV-003661,MED-003,Azithromycin 500mg,Antibiotic,BAT-003-409,PHARM-009,97,120.0,2026-10-11,2026-02-23,AVAILABLE,NONE
INV-003662,MED-025,Rosuvastatin 10mg,Cardiovascular,BAT-025-165,PHARM-009,165,110.0,2027-02-05,2026-05-01,AVAILABLE,NONE
INV-003663,MED-004,Metformin 500mg SR,Antidiabetic,BAT-004-942,PHARM-009,37,45.0,2026-08-20,2026-07-01,NEAR_EXPIRY,NONE
INV-003664,MED-050,Loperamide 2mg,Gastrointestinal,BAT-050-217,PHARM-009,105,18.0,2027-06-07,2026-04-02,AVAILABLE,NONE
INV-003665,MED-055,Betamethasone 0.5mg,Steroid,BAT-055-502,PHARM-009,120,15.0,2026-10-03,2026-01-14,AVAILABLE,NONE
INV-003666,MED-013,Montelukast + Levocetirizine,Respiratory,BAT-013-438,PHARM-009,36,115.0,2026-09-12,2025-09-20,NEAR_EXPIRY,NONE
INV-003667,MED-036,Prednisolone 10mg,Steroid,BAT-036-540,PHARM-009,75,30.0,2027-08-22,2026-06-05,AVAILABLE,NONE
INV-003668,MED-005,Human Regular Insulin 100IU,Antidiabetic,BAT-005-367,PHARM-009,86,350.0,2026-09-20,2026-01-12,AVAILABLE,NONE
INV-003669,MED-045,Calcium 500mg + Vitamin D3,Nutritional,BAT-045-435,PHARM-009,439,65.0,2026-08-24,2025-12-24,NEAR_EXPIRY,NONE
INV-003670,MED-036,Prednisolone 10mg,Steroid,BAT-036-479,PHARM-009,247,30.0,2027-03-14,2026-06-21,AVAILABLE,NONE
INV-003671,MED-012,Ciprofloxacin 500mg,Antibiotic,BAT-012-295,PHARM-009,33,65.0,2026-08-20,2025-12-19,NEAR_EXPIRY,NONE
INV-003672,MED-013,Montelukast + Levocetirizine,Respiratory,BAT-013-417,PHARM-009,23,115.0,2026-08-30,2025-11-23,NEAR_EXPIRY,NONE
INV-003673,MED-002,Amoxicillin + Clavulanate 625mg,Antibiotic,BAT-002-408,PHARM-009,126,185.0,2027-08-06,2026-03-19,AVAILABLE,NONE
INV-003674,MED-033,Vancomycin 500mg Injection,Antibiotic,BAT-033-859,PHARM-009,232,420.0,2027-07-17,2025-12-25,AVAILABLE,NONE
INV-003675,MED-002,Amoxicillin + Clavulanate 625mg,Antibiotic,BAT-002-133,PHARM-009,100,185.0,2027-09-12,2025-10-06,AVAILABLE,NONE
INV-003676,MED-046,Vitamin B-Complex + B12,Nutritional,BAT-046-824,PHARM-009,117,40.0,2026-09-22,2026-05-04,AVAILABLE,NONE
INV-003677,MED-049,Aceclofenac + Paracetamol,Analgesic,BAT-049-696,PHARM-009,365,60.0,2026-08-21,2026-06-20,NEAR_EXPIRY,NONE
INV-003678,MED-032,Linezolid 600mg,Antibiotic,BAT-032-548,PHARM-009,68,340.0,2026-07-28,2026-02-19,EXPIRED,NONE
INV-003679,MED-003,Azithromycin 500mg,Antibiotic,BAT-003-409,PHARM-009,59,120.0,2026-11-12,2026-03-31,AVAILABLE,NONE
INV-003680,MED-015,Budesonide Inhaler 200mcg,Respiratory,BAT-015-649,PHARM-009,61,280.0,2027-01-05,2026-01-09,AVAILABLE,NONE
INV-003681,MED-053,Itraconazole 100mg,Antifungal,BAT-053-672,PHARM-009,120,165.0,2027-05-18,2025-09-06,AVAILABLE,NONE
INV-003682,MED-022,Glimepiride 2mg,Antidiabetic,BAT-022-285,PHARM-009,70,52.0,2027-01-03,2025-11-28,AVAILABLE,NONE
INV-003683,MED-013,Montelukast + Levocetirizine,Respiratory,BAT-013-236,PHARM-009,223,115.0,2027-08-29,2025-10-22,AVAILABLE,NONE
INV-003684,MED-015,Budesonide Inhaler 200mcg,Respiratory,BAT-015-109,PHARM-009,122,280.0,2026-07-23,2026-05-07,EXPIRED,NONE
INV-003685,MED-037,Cetirizine 10mg,Antihistamine,BAT-037-210,PHARM-009,17,20.0,2026-08-22,2026-03-27,NEAR_EXPIRY,NONE
INV-003686,MED-017,Tramadol 50mg,Analgesic,BAT-017-518,PHARM-009,197,90.0,2026-10-07,2025-11-18,AVAILABLE,NONE
INV-003687,MED-008,Amlodipine 5mg,Cardiovascular,BAT-008-786,PHARM-009,228,38.0,2027-04-18,2025-12-08,AVAILABLE,NONE
INV-003688,MED-001,Paracetamol 650mg,Analgesic,BAT-001-548,PHARM-009,138,32.5,2026-08-18,2025-12-09,NEAR_EXPIRY,NONE
INV-003689,MED-016,Ibuprofen 400mg,Analgesic,BAT-016-866,PHARM-009,21,28.0,2026-08-20,2026-06-16,NEAR_EXPIRY,NONE
INV-003690,MED-058,Sitagliptin 100mg,Antidiabetic,BAT-058-277,PHARM-009,217,240.0,2027-07-25,2026-03-19,AVAILABLE,NONE
INV-003691,MED-017,Tramadol 50mg,Analgesic,BAT-017-935,PHARM-009,16,90.0,2026-08-15,2025-11-08,NEAR_EXPIRY,NONE
INV-003692,MED-003,Azithromycin 500mg,Antibiotic,BAT-003-230,PHARM-009,54,120.0,2026-08-24,2025-10-12,NEAR_EXPIRY,NONE
INV-003693,MED-046,Vitamin B-Complex + B12,Nutritional,BAT-046-266,PHARM-009,94,40.0,2026-12-20,2026-04-23,AVAILABLE,NONE
INV-003694,MED-004,Metformin 500mg SR,Antidiabetic,BAT-004-482,PHARM-009,204,45.0,2026-10-12,2026-06-16,AVAILABLE,NONE
INV-003695,MED-027,Aspirin 75mg Gastro-resistant,Cardiovascular,BAT-027-951,PHARM-009,138,22.0,2027-07-20,2026-03-05,AVAILABLE,NONE
INV-003696,MED-047,Iron + Folic Acid Tablets,Nutritional,BAT-047-894,PHARM-009,184,50.0,2027-06-14,2026-05-24,AVAILABLE,NONE
INV-003697,MED-041,Alprazolam 0.5mg,Psychiatric,BAT-041-807,PHARM-009,359,35.0,2026-08-30,2025-11-04,NEAR_EXPIRY,NONE
INV-003698,MED-060,Albumin Human 20% 100ml,Critical Care,BAT-060-982,PHARM-009,118,3200.0,2026-11-08,2026-04-13,AVAILABLE,NONE
INV-003699,MED-024,Dapagliflozin 10mg,Antidiabetic,BAT-024-755,PHARM-009,14,220.0,2026-09-05,2025-10-11,NEAR_EXPIRY,NONE
INV-003700,MED-022,Glimepiride 2mg,Antidiabetic,BAT-022-617,PHARM-009,405,52.0,2026-08-17,2026-06-13,NEAR_EXPIRY,NONE
INV-003701,MED-051,Metronidazole 400mg,Antibiotic,BAT-051-804,PHARM-009,434,32.0,2026-09-08,2026-01-21,NEAR_EXPIRY,NONE
INV-003702,MED-047,Iron + Folic Acid Tablets,Nutritional,BAT-047-857,PHARM-009,83,50.0,2027-06-19,2026-05-01,AVAILABLE,NONE
INV-003703,MED-041,Alprazolam 0.5mg,Psychiatric,BAT-041-292,PHARM-009,223,35.0,2026-09-16,2025-11-26,AVAILABLE,NONE
INV-003704,MED-012,Ciprofloxacin 500mg,Antibiotic,BAT-012-202,PHARM-009,447,65.0,2026-08-15,2026-05-10,NEAR_EXPIRY,NONE
INV-003705,MED-003,Azithromycin 500mg,Antibiotic,BAT-003-341,PHARM-009,126,120.0,2027-07-24,2026-01-19,AVAILABLE,NONE
INV-003706,MED-052,Fluconazole 150mg,Antifungal,BAT-052-860,PHARM-009,136,45.0,2026-08-09,2025-09-04,EXPIRED,NONE
INV-003707,MED-055,Betamethasone 0.5mg,Steroid,BAT-055-150,PHARM-009,35,15.0,2026-08-23,2025-11-09,NEAR_EXPIRY,NONE
INV-003708,MED-023,Vildagliptin 50mg,Antidiabetic,BAT-023-206,PHARM-009,84,175.0,2027-08-26,2025-09-18,AVAILABLE,NONE
INV-003709,MED-045,Calcium 500mg + Vitamin D3,Nutritional,BAT-045-463,PHARM-009,246,65.0,2026-10-07,2026-04-15,AVAILABLE,NONE
INV-003710,MED-058,Sitagliptin 100mg,Antidiabetic,BAT-058-882,PHARM-009,64,240.0,2026-09-19,2026-05-20,AVAILABLE,NONE
INV-003711,MED-010,Omeprazole 20mg,Gastrointestinal,BAT-010-604,PHARM-009,76,55.0,2027-02-18,2025-12-29,AVAILABLE,NONE
INV-003712,MED-036,Prednisolone 10mg,Steroid,BAT-036-565,PHARM-009,37,30.0,2026-08-17,2026-04-13,NEAR_EXPIRY,NONE
INV-003713,MED-008,Amlodipine 5mg,Cardiovascular,BAT-008-484,PHARM-009,351,38.0,2026-09-01,2026-04-16,NEAR_EXPIRY,NONE
INV-003714,MED-025,Rosuvastatin 10mg,Cardiovascular,BAT-025-970,PHARM-009,197,110.0,2026-10-14,2026-04-08,AVAILABLE,NONE
INV-003715,MED-035,Dexamethasone 4mg Injection,Steroid,BAT-035-936,PHARM-009,19,25.0,2026-08-31,2026-04-06,NEAR_EXPIRY,NONE
INV-003716,MED-020,Piperacillin + Tazobactam 4.5g,Antibiotic,BAT-020-614,PHARM-009,168,490.0,2026-10-03,2025-10-23,AVAILABLE,NONE
INV-003717,MED-060,Albumin Human 20% 100ml,Critical Care,BAT-060-438,PHARM-009,92,3200.0,2026-08-22,2026-07-09,NEAR_EXPIRY,NONE
INV-003718,MED-040,Spironolactone 25mg,Cardiovascular,BAT-040-799,PHARM-009,38,48.0,2027-04-10,2026-01-03,AVAILABLE,NONE
INV-003719,MED-040,Spironolactone 25mg,Cardiovascular,BAT-040-884,PHARM-009,265,48.0,2026-08-20,2026-02-05,NEAR_EXPIRY,NONE
INV-003720,MED-045,Calcium 500mg + Vitamin D3,Nutritional,BAT-045-286,PHARM-009,73,65.0,2026-10-05,2025-12-24,AVAILABLE,NONE
INV-003721,MED-011,Cefixime 200mg,Antibiotic,BAT-011-998,PHARM-009,79,140.0,2027-05-14,2025-09-12,AVAILABLE,NONE
INV-003722,MED-018,Enoxaparin 40mg Injection,Cardiovascular,BAT-018-289,PHARM-009,101,450.0,2027-06-13,2025-11-26,AVAILABLE,NONE
INV-003723,MED-051,Metronidazole 400mg,Antibiotic,BAT-051-274,PHARM-009,59,32.0,2027-07-31,2026-04-25,AVAILABLE,NONE
INV-003724,MED-002,Amoxicillin + Clavulanate 625mg,Antibiotic,BAT-002-528,PHARM-009,158,185.0,2027-04-10,2026-06-04,AVAILABLE,NONE
INV-003725,MED-010,Omeprazole 20mg,Gastrointestinal,BAT-010-928,PHARM-010,238,55.0,2026-08-20,2025-09-09,NEAR_EXPIRY,NONE
INV-003726,MED-019,Meropenem 1g Injection,Antibiotic,BAT-019-219,PHARM-010,238,850.0,2026-09-04,2026-06-09,NEAR_EXPIRY,NONE
INV-003727,MED-021,Losartan 50mg,Cardiovascular,BAT-021-423,PHARM-010,82,62.0,2026-09-27,2025-09-21,AVAILABLE,NONE
INV-003728,MED-030,Doxycycline 100mg,Antibiotic,BAT-030-784,PHARM-010,231,68.0,2026-09-19,2026-04-28,AVAILABLE,NONE
INV-003729,MED-040,Spironolactone 25mg,Cardiovascular,BAT-040-840,PHARM-010,30,48.0,2027-01-14,2026-02-14,AVAILABLE,NONE
INV-003730,MED-028,Ondansetron 4mg,Gastrointestinal,BAT-028-486,PHARM-010,365,42.0,2026-08-30,2026-06-07,NEAR_EXPIRY,NONE
INV-003731,MED-036,Prednisolone 10mg,Steroid,BAT-036-447,PHARM-010,367,30.0,2026-08-20,2026-05-27,NEAR_EXPIRY,NONE
INV-003732,MED-049,Aceclofenac + Paracetamol,Analgesic,BAT-049-971,PHARM-010,156,60.0,2026-07-08,2026-06-25,EXPIRED,NONE
INV-003733,MED-055,Betamethasone 0.5mg,Steroid,BAT-055-971,PHARM-010,36,15.0,2027-01-02,2026-03-23,AVAILABLE,NONE
INV-003734,MED-053,Itraconazole 100mg,Antifungal,BAT-053-757,PHARM-010,13,165.0,2026-08-16,2026-06-03,NEAR_EXPIRY,NONE
INV-003735,MED-024,Dapagliflozin 10mg,Antidiabetic,BAT-024-867,PHARM-010,246,220.0,2026-10-13,2026-02-14,AVAILABLE,NONE
INV-003736,MED-008,Amlodipine 5mg,Cardiovascular,BAT-008-828,PHARM-010,131,38.0,2026-10-11,2026-01-06,AVAILABLE,NONE
INV-003737,MED-035,Dexamethasone 4mg Injection,Steroid,BAT-035-527,PHARM-010,96,25.0,2026-09-26,2025-10-14,AVAILABLE,NONE
INV-003738,MED-058,Sitagliptin 100mg,Antidiabetic,BAT-058-108,PHARM-010,155,240.0,2026-12-09,2026-05-23,AVAILABLE,NONE
INV-003739,MED-021,Losartan 50mg,Cardiovascular,BAT-021-368,PHARM-010,99,62.0,2026-09-26,2025-10-04,AVAILABLE,NONE
INV-003740,MED-020,Piperacillin + Tazobactam 4.5g,Antibiotic,BAT-020-868,PHARM-010,30,490.0,2026-10-14,2026-05-08,AVAILABLE,NONE
INV-003741,MED-051,Metronidazole 400mg,Antibiotic,BAT-051-497,PHARM-010,147,32.0,2026-09-30,2026-04-16,AVAILABLE,NONE
INV-003742,MED-029,Rabeprazole 20mg,Gastrointestinal,BAT-029-753,PHARM-010,100,75.0,2026-10-10,2025-10-20,AVAILABLE,NONE
INV-003743,MED-034,Methylprednisolone 16mg,Steroid,BAT-034-435,PHARM-010,242,110.0,2026-09-23,2025-12-29,AVAILABLE,NONE
INV-003744,MED-026,Clopidogrel 75mg,Cardiovascular,BAT-026-866,PHARM-010,172,88.0,2026-12-13,2026-02-06,AVAILABLE,NONE
INV-003745,MED-028,Ondansetron 4mg,Gastrointestinal,BAT-028-841,PHARM-010,15,42.0,2026-09-12,2026-05-10,NEAR_EXPIRY,NONE
INV-003746,MED-046,Vitamin B-Complex + B12,Nutritional,BAT-046-546,PHARM-010,278,40.0,2026-08-16,2026-05-02,NEAR_EXPIRY,NONE
INV-003747,MED-005,Human Regular Insulin 100IU,Antidiabetic,BAT-005-146,PHARM-010,27,350.0,2026-08-17,2026-02-20,NEAR_EXPIRY,NONE
INV-003748,MED-019,Meropenem 1g Injection,Antibiotic,BAT-019-850,PHARM-010,217,850.0,2027-07-31,2025-11-09,AVAILABLE,NONE
INV-003749,MED-056,Bisoprolol 2.5mg,Cardiovascular,BAT-056-816,PHARM-010,164,72.0,2026-08-21,2026-05-19,NEAR_EXPIRY,NONE
INV-003750,MED-038,Fexofenadine 120mg,Antihistamine,BAT-038-724,PHARM-010,167,82.0,2027-03-05,2025-09-14,AVAILABLE,NONE
INV-003751,MED-045,Calcium 500mg + Vitamin D3,Nutritional,BAT-045-639,PHARM-010,198,65.0,2027-07-04,2026-05-27,AVAILABLE,NONE
INV-003752,MED-013,Montelukast + Levocetirizine,Respiratory,BAT-013-213,PHARM-010,244,115.0,2026-07-30,2025-10-07,EXPIRED,NONE
INV-003753,MED-028,Ondansetron 4mg,Gastrointestinal,BAT-028-532,PHARM-010,210,42.0,2026-06-30,2025-12-18,EXPIRED,NONE
INV-003754,MED-011,Cefixime 200mg,Antibiotic,BAT-011-823,PHARM-010,70,140.0,2026-07-22,2026-07-14,EXPIRED,NONE
INV-003755,MED-048,Diclofenac Sodium 50mg,Analgesic,BAT-048-265,PHARM-010,22,30.0,2026-09-08,2025-10-12,NEAR_EXPIRY,NONE
INV-003756,MED-001,Paracetamol 650mg,Analgesic,BAT-001-429,PHARM-010,89,32.5,2026-08-02,2025-08-26,EXPIRED,NONE
INV-003757,MED-016,Ibuprofen 400mg,Analgesic,BAT-016-642,PHARM-010,110,28.0,2026-09-14,2026-03-17,AVAILABLE,NONE
INV-003758,MED-036,Prednisolone 10mg,Steroid,BAT-036-805,PHARM-010,63,30.0,2027-08-25,2026-04-24,AVAILABLE,NONE
INV-003759,MED-043,Sertraline 50mg,Psychiatric,BAT-043-897,PHARM-010,35,105.0,2026-11-14,2025-09-29,AVAILABLE,NONE
INV-003760,MED-029,Rabeprazole 20mg,Gastrointestinal,BAT-029-507,PHARM-010,230,75.0,2027-01-05,2025-10-15,AVAILABLE,NONE
INV-003761,MED-030,Doxycycline 100mg,Antibiotic,BAT-030-874,PHARM-010,65,68.0,2027-02-07,2025-12-04,AVAILABLE,NONE
INV-003762,MED-055,Betamethasone 0.5mg,Steroid,BAT-055-669,PHARM-010,176,15.0,2027-06-27,2026-04-01,AVAILABLE,NONE
INV-003763,MED-058,Sitagliptin 100mg,Antidiabetic,BAT-058-494,PHARM-010,71,240.0,2026-09-06,2026-04-02,NEAR_EXPIRY,NONE
INV-003764,MED-041,Alprazolam 0.5mg,Psychiatric,BAT-041-216,PHARM-010,65,35.0,2027-05-08,2025-08-26,AVAILABLE,NONE
INV-003765,MED-026,Clopidogrel 75mg,Cardiovascular,BAT-026-565,PHARM-010,19,88.0,2026-09-08,2026-05-23,NEAR_EXPIRY,NONE
INV-003766,MED-013,Montelukast + Levocetirizine,Respiratory,BAT-013-258,PHARM-010,250,115.0,2027-01-24,2025-10-30,AVAILABLE,NONE
INV-003767,MED-015,Budesonide Inhaler 200mcg,Respiratory,BAT-015-834,PHARM-010,27,280.0,2026-08-20,2025-09-07,NEAR_EXPIRY,NONE
INV-003768,MED-023,Vildagliptin 50mg,Antidiabetic,BAT-023-291,PHARM-010,155,175.0,2026-11-15,2025-11-21,AVAILABLE,NONE
INV-003769,MED-031,Levofloxacin 500mg,Antibiotic,BAT-031-433,PHARM-010,143,95.0,2026-10-12,2026-07-05,AVAILABLE,NONE
INV-003770,MED-032,Linezolid 600mg,Antibiotic,BAT-032-494,PHARM-010,213,340.0,2027-05-18,2026-05-28,AVAILABLE,NONE
INV-003771,MED-041,Alprazolam 0.5mg,Psychiatric,BAT-041-840,PHARM-010,21,35.0,2027-01-07,2026-01-07,AVAILABLE,NONE
INV-003772,MED-041,Alprazolam 0.5mg,Psychiatric,BAT-041-651,PHARM-010,36,35.0,2026-08-20,2025-10-21,NEAR_EXPIRY,NONE
INV-003773,MED-040,Spironolactone 25mg,Cardiovascular,BAT-040-230,PHARM-010,49,48.0,2026-09-27,2025-11-18,AVAILABLE,NONE
INV-003774,MED-030,Doxycycline 100mg,Antibiotic,BAT-030-615,PHARM-010,338,68.0,2026-09-09,2026-05-20,NEAR_EXPIRY,NONE
INV-003775,MED-020,Piperacillin + Tazobactam 4.5g,Antibiotic,BAT-020-458,PHARM-010,88,490.0,2026-08-20,2025-11-03,NEAR_EXPIRY,NONE
INV-003776,MED-025,Rosuvastatin 10mg,Cardiovascular,BAT-025-477,PHARM-010,63,110.0,2026-10-08,2025-12-23,AVAILABLE,NONE
INV-003777,MED-040,Spironolactone 25mg,Cardiovascular,BAT-040-990,PHARM-010,55,48.0,2026-09-17,2026-01-15,AVAILABLE,NONE
INV-003778,MED-021,Losartan 50mg,Cardiovascular,BAT-021-558,PHARM-010,91,62.0,2026-09-07,2026-04-02,NEAR_EXPIRY,NONE
INV-003779,MED-015,Budesonide Inhaler 200mcg,Respiratory,BAT-015-716,PHARM-010,182,280.0,2027-08-31,2026-02-26,AVAILABLE,NONE
INV-003780,MED-001,Paracetamol 650mg,Analgesic,BAT-001-882,PHARM-010,168,32.5,2026-12-22,2025-11-30,AVAILABLE,NONE
INV-003781,MED-056,Bisoprolol 2.5mg,Cardiovascular,BAT-056-722,PHARM-010,141,72.0,2026-10-04,2026-07-04,AVAILABLE,NONE
INV-003782,MED-010,Omeprazole 20mg,Gastrointestinal,BAT-010-883,PHARM-010,97,55.0,2026-10-02,2025-09-02,AVAILABLE,NONE
INV-003783,MED-005,Human Regular Insulin 100IU,Antidiabetic,BAT-005-882,PHARM-010,144,350.0,2026-09-26,2025-12-03,AVAILABLE,NONE
INV-003784,MED-002,Amoxicillin + Clavulanate 625mg,Antibiotic,BAT-002-675,PHARM-010,137,185.0,2026-10-03,2026-07-14,AVAILABLE,NONE
INV-003785,MED-020,Piperacillin + Tazobactam 4.5g,Antibiotic,BAT-020-802,PHARM-010,122,490.0,2026-09-02,2025-11-03,NEAR_EXPIRY,NONE
INV-003786,MED-005,Human Regular Insulin 100IU,Antidiabetic,BAT-005-621,PHARM-010,236,350.0,2027-06-29,2026-04-07,AVAILABLE,NONE
INV-003787,MED-020,Piperacillin + Tazobactam 4.5g,Antibiotic,BAT-020-215,PHARM-010,234,490.0,2026-09-23,2025-12-17,AVAILABLE,NONE
INV-003788,MED-030,Doxycycline 100mg,Antibiotic,BAT-030-631,PHARM-010,77,68.0,2026-09-03,2025-08-27,NEAR_EXPIRY,NONE
INV-003789,MED-050,Loperamide 2mg,Gastrointestinal,BAT-050-698,PHARM-010,100,18.0,2026-07-26,2025-10-15,EXPIRED,NONE
INV-003790,MED-001,Paracetamol 650mg,Analgesic,BAT-001-911,PHARM-010,26,32.5,2026-08-20,2025-09-09,NEAR_EXPIRY,NONE
INV-003791,MED-021,Losartan 50mg,Cardiovascular,BAT-021-275,PHARM-010,61,62.0,2026-10-30,2026-05-16,AVAILABLE,NONE
INV-003792,MED-026,Clopidogrel 75mg,Cardiovascular,BAT-026-242,PHARM-010,94,88.0,2026-07-19,2025-11-23,EXPIRED,NONE
INV-003793,MED-036,Prednisolone 10mg,Steroid,BAT-036-716,PHARM-010,65,30.0,2026-07-10,2026-06-14,EXPIRED,NONE
INV-003794,MED-018,Enoxaparin 40mg Injection,Cardiovascular,BAT-018-647,PHARM-010,200,450.0,2026-08-25,2026-03-08,NEAR_EXPIRY,NONE
INV-003795,MED-057,Carvedilol 6.25mg,Cardiovascular,BAT-057-652,PHARM-010,190,54.0,2026-10-11,2025-09-25,AVAILABLE,NONE
INV-003796,MED-052,Fluconazole 150mg,Antifungal,BAT-052-142,PHARM-010,228,45.0,2026-10-05,2026-01-28,AVAILABLE,NONE
INV-003797,MED-035,Dexamethasone 4mg Injection,Steroid,BAT-035-664,PHARM-010,141,25.0,2026-10-07,2026-03-16,AVAILABLE,NONE
INV-003798,MED-017,Tramadol 50mg,Analgesic,BAT-017-953,PHARM-010,241,90.0,2026-09-27,2026-05-22,AVAILABLE,NONE
INV-003799,MED-016,Ibuprofen 400mg,Analgesic,BAT-016-114,PHARM-010,221,28.0,2027-05-30,2026-04-30,AVAILABLE,NONE
INV-003800,MED-024,Dapagliflozin 10mg,Antidiabetic,BAT-024-113,PHARM-010,193,220.0,2026-08-11,2026-06-21,EXPIRED,NONE
INV-003801,MED-023,Vildagliptin 50mg,Antidiabetic,BAT-023-837,PHARM-010,46,175.0,2027-05-08,2025-12-28,AVAILABLE,NONE
INV-003802,MED-038,Fexofenadine 120mg,Antihistamine,BAT-038-990,PHARM-010,141,82.0,2026-08-28,2025-09-13,NEAR_EXPIRY,NONE
INV-003803,MED-007,Telmisartan 40mg,Cardiovascular,BAT-007-671,PHARM-010,231,78.0,2027-01-20,2026-03-04,AVAILABLE,NONE
INV-003804,MED-029,Rabeprazole 20mg,Gastrointestinal,BAT-029-654,PHARM-010,33,75.0,2026-10-02,2026-02-15,AVAILABLE,NONE
INV-003805,MED-033,Vancomycin 500mg Injection,Antibiotic,BAT-033-879,PHARM-010,187,420.0,2026-10-23,2025-11-12,AVAILABLE,NONE
INV-003806,MED-008,Amlodipine 5mg,Cardiovascular,BAT-008-643,PHARM-010,35,38.0,2026-08-20,2025-11-16,NEAR_EXPIRY,NONE
INV-003807,MED-041,Alprazolam 0.5mg,Psychiatric,BAT-041-868,PHARM-010,196,35.0,2026-10-12,2026-04-02,AVAILABLE,NONE
INV-003808,MED-008,Amlodipine 5mg,Cardiovascular,BAT-008-148,PHARM-010,233,38.0,2026-08-31,2026-03-19,NEAR_EXPIRY,NONE
INV-003809,MED-039,Hydrochlorothiazide 12.5mg,Cardiovascular,BAT-039-144,PHARM-010,107,24.0,2026-10-05,2025-12-26,AVAILABLE,NONE
INV-003810,MED-028,Ondansetron 4mg,Gastrointestinal,BAT-028-672,PHARM-010,62,42.0,2027-04-23,2025-12-22,AVAILABLE,NONE
INV-003811,MED-020,Piperacillin + Tazobactam 4.5g,Antibiotic,BAT-020-139,PHARM-010,79,490.0,2026-08-21,2026-01-03,NEAR_EXPIRY,NONE
INV-003812,MED-040,Spironolactone 25mg,Cardiovascular,BAT-040-711,PHARM-010,100,48.0,2026-12-23,2025-12-04,AVAILABLE,NONE
INV-003813,MED-060,Albumin Human 20% 100ml,Critical Care,BAT-060-535,PHARM-010,15,3200.0,2026-08-21,2026-04-15,NEAR_EXPIRY,NONE
INV-003814,MED-022,Glimepiride 2mg,Antidiabetic,BAT-022-341,PHARM-010,188,52.0,2027-09-10,2026-03-27,AVAILABLE,NONE
INV-003815,MED-019,Meropenem 1g Injection,Antibiotic,BAT-019-550,PHARM-010,277,850.0,2026-08-31,2026-06-30,NEAR_EXPIRY,NONE
INV-003816,MED-019,Meropenem 1g Injection,Antibiotic,BAT-019-801,PHARM-010,29,850.0,2026-08-29,2026-01-30,NEAR_EXPIRY,NONE
INV-003817,MED-007,Telmisartan 40mg,Cardiovascular,BAT-007-968,PHARM-010,21,78.0,2026-09-24,2026-03-19,AVAILABLE,NONE
INV-003818,MED-032,Linezolid 600mg,Antibiotic,BAT-032-950,PHARM-010,105,340.0,2027-03-10,2026-06-04,AVAILABLE,NONE
INV-003819,MED-047,Iron + Folic Acid Tablets,Nutritional,BAT-047-456,PHARM-010,200,50.0,2026-08-20,2026-03-26,NEAR_EXPIRY,NONE
INV-003820,MED-016,Ibuprofen 400mg,Analgesic,BAT-016-503,PHARM-010,242,28.0,2026-11-29,2026-05-11,AVAILABLE,NONE
INV-003821,MED-005,Human Regular Insulin 100IU,Antidiabetic,BAT-005-834,PHARM-010,14,350.0,2026-09-11,2025-11-16,NEAR_EXPIRY,NONE
INV-003822,MED-028,Ondansetron 4mg,Gastrointestinal,BAT-028-890,PHARM-010,207,42.0,2026-10-01,2026-02-27,AVAILABLE,NONE
INV-003823,MED-016,Ibuprofen 400mg,Analgesic,BAT-016-732,PHARM-010,192,28.0,2026-10-06,2026-01-19,AVAILABLE,NONE
INV-003824,MED-021,Losartan 50mg,Cardiovascular,BAT-021-667,PHARM-010,243,62.0,2026-08-19,2026-01-30,NEAR_EXPIRY,NONE
INV-003825,MED-054,Ranitidine 150mg,Gastrointestinal,BAT-054-454,PHARM-010,45,25.0,2027-03-23,2026-05-05,AVAILABLE,NONE
INV-003826,MED-026,Clopidogrel 75mg,Cardiovascular,BAT-026-218,PHARM-010,29,88.0,2026-09-02,2025-10-31,NEAR_EXPIRY,NONE
INV-003827,MED-004,Metformin 500mg SR,Antidiabetic,BAT-004-444,PHARM-010,32,45.0,2026-10-04,2026-06-19,AVAILABLE,NONE
INV-003828,MED-024,Dapagliflozin 10mg,Antidiabetic,BAT-024-415,PHARM-010,128,220.0,2026-08-18,2025-09-12,NEAR_EXPIRY,NONE
INV-003829,MED-015,Budesonide Inhaler 200mcg,Respiratory,BAT-015-883,PHARM-010,217,280.0,2026-09-25,2026-01-09,AVAILABLE,NONE
INV-003830,MED-010,Omeprazole 20mg,Gastrointestinal,BAT-010-404,PHARM-010,48,55.0,2027-03-14,2025-12-03,AVAILABLE,NONE
INV-003831,MED-054,Ranitidine 150mg,Gastrointestinal,BAT-054-908,PHARM-010,167,25.0,2026-08-19,2025-11-21,NEAR_EXPIRY,NONE
INV-003832,MED-019,Meropenem 1g Injection,Antibiotic,BAT-019-967,PHARM-010,330,850.0,2026-09-01,2025-09-10,NEAR_EXPIRY,NONE
INV-003833,MED-002,Amoxicillin + Clavulanate 625mg,Antibiotic,BAT-002-327,PHARM-010,23,185.0,2026-08-16,2026-04-07,NEAR_EXPIRY,NONE
INV-003834,MED-045,Calcium 500mg + Vitamin D3,Nutritional,BAT-045-305,PHARM-010,173,65.0,2027-07-07,2026-03-15,AVAILABLE,NONE
INV-003835,MED-012,Ciprofloxacin 500mg,Antibiotic,BAT-012-537,PHARM-010,156,65.0,2026-09-30,2026-06-26,AVAILABLE,NONE
INV-003836,MED-057,Carvedilol 6.25mg,Cardiovascular,BAT-057-279,PHARM-010,142,54.0,2026-08-02,2025-10-03,EXPIRED,NONE
INV-003837,MED-035,Dexamethasone 4mg Injection,Steroid,BAT-035-586,PHARM-010,131,25.0,2026-07-09,2026-04-06,EXPIRED,NONE
INV-003838,MED-012,Ciprofloxacin 500mg,Antibiotic,BAT-012-423,PHARM-010,128,65.0,2026-08-25,2026-06-13,NEAR_EXPIRY,NONE
INV-003839,MED-054,Ranitidine 150mg,Gastrointestinal,BAT-054-776,PHARM-010,143,25.0,2027-02-06,2026-03-29,AVAILABLE,NONE
INV-003840,MED-052,Fluconazole 150mg,Antifungal,BAT-052-925,PHARM-010,164,45.0,2026-07-12,2025-10-26,EXPIRED,NONE
INV-003841,MED-056,Bisoprolol 2.5mg,Cardiovascular,BAT-056-209,PHARM-010,68,72.0,2026-09-29,2026-01-14,AVAILABLE,NONE
INV-003842,MED-019,Meropenem 1g Injection,Antibiotic,BAT-019-385,PHARM-010,142,850.0,2026-10-07,2026-01-01,AVAILABLE,NONE
INV-003843,MED-029,Rabeprazole 20mg,Gastrointestinal,BAT-029-860,PHARM-010,227,75.0,2027-08-13,2026-01-03,AVAILABLE,NONE
INV-003844,MED-026,Clopidogrel 75mg,Cardiovascular,BAT-026-702,PHARM-010,73,88.0,2027-02-05,2026-06-12,AVAILABLE,NONE
INV-003845,MED-053,Itraconazole 100mg,Antifungal,BAT-053-505,PHARM-010,85,165.0,2026-10-02,2026-05-07,AVAILABLE,NONE
INV-003846,MED-057,Carvedilol 6.25mg,Cardiovascular,BAT-057-485,PHARM-010,107,54.0,2027-02-25,2025-08-27,AVAILABLE,NONE
INV-003847,MED-004,Metformin 500mg SR,Antidiabetic,BAT-004-724,PHARM-010,27,45.0,2026-10-09,2025-09-18,AVAILABLE,NONE
INV-003848,MED-045,Calcium 500mg + Vitamin D3,Nutritional,BAT-045-137,PHARM-010,161,65.0,2026-07-06,2026-05-19,EXPIRED,NONE
INV-003849,MED-022,Glimepiride 2mg,Antidiabetic,BAT-022-591,PHARM-010,79,52.0,2026-10-01,2026-03-21,AVAILABLE,NONE
INV-003850,MED-054,Ranitidine 150mg,Gastrointestinal,BAT-054-800,PHARM-010,369,25.0,2026-08-20,2026-01-22,NEAR_EXPIRY,NONE
INV-003851,MED-019,Meropenem 1g Injection,Antibiotic,BAT-019-394,PHARM-010,90,850.0,2027-05-01,2026-04-19,AVAILABLE,NONE
INV-003852,MED-048,Diclofenac Sodium 50mg,Analgesic,BAT-048-626,PHARM-010,167,30.0,2026-09-12,2025-10-24,NEAR_EXPIRY,NONE
INV-003853,MED-029,Rabeprazole 20mg,Gastrointestinal,BAT-029-274,PHARM-010,230,75.0,2027-04-21,2025-10-01,AVAILABLE,NONE
INV-003854,MED-050,Loperamide 2mg,Gastrointestinal,BAT-050-602,PHARM-010,109,18.0,2026-10-02,2026-01-28,AVAILABLE,NONE
INV-003855,MED-049,Aceclofenac + Paracetamol,Analgesic,BAT-049-632,PHARM-010,235,60.0,2026-12-09,2026-05-12,AVAILABLE,NONE
INV-003856,MED-038,Fexofenadine 120mg,Antihistamine,BAT-038-152,PHARM-010,387,82.0,2026-08-18,2026-04-15,NEAR_EXPIRY,NONE
INV-003857,MED-039,Hydrochlorothiazide 12.5mg,Cardiovascular,BAT-039-776,PHARM-010,96,24.0,2026-12-23,2025-08-26,AVAILABLE,NONE
INV-003858,MED-034,Methylprednisolone 16mg,Steroid,BAT-034-653,PHARM-010,240,110.0,2026-10-13,2026-04-10,AVAILABLE,NONE
INV-003859,MED-029,Rabeprazole 20mg,Gastrointestinal,BAT-029-183,PHARM-010,212,75.0,2026-07-23,2025-11-21,EXPIRED,NONE
INV-003860,MED-038,Fexofenadine 120mg,Antihistamine,BAT-038-641,PHARM-010,104,82.0,2027-02-25,2026-02-12,AVAILABLE,NONE
INV-003861,MED-052,Fluconazole 150mg,Antifungal,BAT-052-201,PHARM-010,128,45.0,2027-01-27,2026-03-01,AVAILABLE,NONE
INV-003862,MED-032,Linezolid 600mg,Antibiotic,BAT-032-878,PHARM-010,153,340.0,2026-09-26,2026-04-25,AVAILABLE,NONE
INV-003863,MED-007,Telmisartan 40mg,Cardiovascular,BAT-007-184,PHARM-010,27,78.0,2027-09-05,2026-04-13,AVAILABLE,NONE
INV-003864,MED-014,Salbutamol Inhaler 100mcg,Respiratory,BAT-014-640,PHARM-010,37,160.0,2026-09-04,2025-10-31,NEAR_EXPIRY,NONE
INV-003865,MED-037,Cetirizine 10mg,Antihistamine,BAT-037-351,PHARM-010,233,20.0,2027-06-22,2025-09-06,AVAILABLE,NONE
INV-003866,MED-035,Dexamethasone 4mg Injection,Steroid,BAT-035-181,PHARM-010,167,25.0,2027-04-04,2026-02-25,AVAILABLE,NONE
INV-003867,MED-001,Paracetamol 650mg,Analgesic,BAT-001-940,PHARM-010,188,32.5,2027-08-26,2026-07-04,AVAILABLE,NONE
INV-003868,MED-059,Empagliflozin 25mg,Antidiabetic,BAT-059-987,PHARM-010,233,290.0,2026-09-19,2025-09-25,AVAILABLE,NONE
INV-003869,MED-007,Telmisartan 40mg,Cardiovascular,BAT-007-555,PHARM-010,100,78.0,2026-09-25,2025-11-18,AVAILABLE,NONE
INV-003870,MED-010,Omeprazole 20mg,Gastrointestinal,BAT-010-673,PHARM-010,73,55.0,2027-08-09,2025-12-10,AVAILABLE,NONE
INV-003871,MED-015,Budesonide Inhaler 200mcg,Respiratory,BAT-015-942,PHARM-010,390,280.0,2026-08-21,2026-01-05,NEAR_EXPIRY,NONE
INV-003872,MED-035,Dexamethasone 4mg Injection,Steroid,BAT-035-868,PHARM-010,211,25.0,2027-06-08,2026-07-05,AVAILABLE,NONE
INV-003873,MED-001,Paracetamol 650mg,Analgesic,BAT-001-887,PHARM-010,391,32.5,2026-08-20,2026-02-02,NEAR_EXPIRY,NONE
INV-003874,MED-008,Amlodipine 5mg,Cardiovascular,BAT-008-224,PHARM-010,263,38.0,2026-09-09,2025-09-24,NEAR_EXPIRY,NONE
INV-003875,MED-009,Pantoprazole 40mg,Gastrointestinal,BAT-009-973,PHARM-010,54,85.0,2027-03-20,2025-09-25,AVAILABLE,NONE
INV-003876,MED-042,Escitalopram 10mg,Psychiatric,BAT-042-986,PHARM-010,210,85.0,2026-08-29,2026-02-04,NEAR_EXPIRY,NONE
INV-003877,MED-004,Metformin 500mg SR,Antidiabetic,BAT-004-806,PHARM-010,419,45.0,2026-09-08,2025-10-17,NEAR_EXPIRY,NONE
INV-003878,MED-046,Vitamin B-Complex + B12,Nutritional,BAT-046-225,PHARM-010,38,40.0,2026-08-23,2026-06-24,NEAR_EXPIRY,NONE
INV-003879,MED-046,Vitamin B-Complex + B12,Nutritional,BAT-046-572,PHARM-010,107,40.0,2026-10-12,2026-04-01,AVAILABLE,NONE
INV-003880,MED-060,Albumin Human 20% 100ml,Critical Care,BAT-060-813,PHARM-010,213,3200.0,2026-09-26,2025-10-17,AVAILABLE,NONE
INV-003881,MED-026,Clopidogrel 75mg,Cardiovascular,BAT-026-243,PHARM-010,109,88.0,2026-06-30,2025-12-02,EXPIRED,NONE
INV-003882,MED-033,Vancomycin 500mg Injection,Antibiotic,BAT-033-837,PHARM-010,73,420.0,2026-09-21,2025-09-12,AVAILABLE,NONE
INV-003883,MED-023,Vildagliptin 50mg,Antidiabetic,BAT-023-347,PHARM-010,180,175.0,2026-08-13,2025-09-02,EXPIRED,NONE
INV-003884,MED-022,Glimepiride 2mg,Antidiabetic,BAT-022-657,PHARM-010,43,52.0,2027-05-22,2026-02-01,AVAILABLE,NONE
INV-003885,MED-024,Dapagliflozin 10mg,Antidiabetic,BAT-024-748,PHARM-010,42,220.0,2026-09-21,2026-02-16,AVAILABLE,NONE
INV-003886,MED-042,Escitalopram 10mg,Psychiatric,BAT-042-442,PHARM-010,169,85.0,2027-02-13,2025-12-30,AVAILABLE,NONE
INV-003887,MED-032,Linezolid 600mg,Antibiotic,BAT-032-681,PHARM-010,13,340.0,2026-08-25,2026-04-11,NEAR_EXPIRY,NONE
INV-003888,MED-026,Clopidogrel 75mg,Cardiovascular,BAT-026-795,PHARM-010,234,88.0,2026-08-05,2025-09-04,EXPIRED,NONE
INV-003889,MED-033,Vancomycin 500mg Injection,Antibiotic,BAT-033-345,PHARM-010,27,420.0,2026-09-28,2025-11-16,AVAILABLE,NONE
INV-003890,MED-055,Betamethasone 0.5mg,Steroid,BAT-055-262,PHARM-010,186,15.0,2026-10-08,2025-10-10,AVAILABLE,NONE
INV-003891,MED-025,Rosuvastatin 10mg,Cardiovascular,BAT-025-519,PHARM-010,19,110.0,2026-08-29,2026-07-13,NEAR_EXPIRY,NONE
INV-003892,MED-025,Rosuvastatin 10mg,Cardiovascular,BAT-025-926,PHARM-010,31,110.0,2026-09-13,2026-03-07,NEAR_EXPIRY,NONE
INV-003893,MED-058,Sitagliptin 100mg,Antidiabetic,BAT-058-207,PHARM-010,102,240.0,2027-06-07,2025-08-30,AVAILABLE,NONE
INV-003894,MED-041,Alprazolam 0.5mg,Psychiatric,BAT-041-309,PHARM-010,182,35.0,2026-10-10,2026-01-25,AVAILABLE,NONE
INV-003895,MED-059,Empagliflozin 25mg,Antidiabetic,BAT-059-406,PHARM-010,115,290.0,2026-11-04,2025-12-18,AVAILABLE,NONE
INV-003896,MED-008,Amlodipine 5mg,Cardiovascular,BAT-008-138,PHARM-010,20,38.0,2027-07-20,2026-04-10,AVAILABLE,NONE
INV-003897,MED-009,Pantoprazole 40mg,Gastrointestinal,BAT-009-602,PHARM-010,144,85.0,2026-08-04,2026-03-28,EXPIRED,NONE
INV-003898,MED-027,Aspirin 75mg Gastro-resistant,Cardiovascular,BAT-027-313,PHARM-010,267,22.0,2026-08-21,2025-12-11,NEAR_EXPIRY,NONE
INV-003899,MED-017,Tramadol 50mg,Analgesic,BAT-017-792,PHARM-010,213,90.0,2026-09-30,2026-02-27,AVAILABLE,NONE
INV-003900,MED-038,Fexofenadine 120mg,Antihistamine,BAT-038-335,PHARM-010,55,82.0,2026-08-28,2025-09-15,NEAR_EXPIRY,NONE
INV-003901,MED-037,Cetirizine 10mg,Antihistamine,BAT-037-916,PHARM-010,86,20.0,2026-09-26,2026-06-23,AVAILABLE,NONE
INV-003902,MED-045,Calcium 500mg + Vitamin D3,Nutritional,BAT-045-874,PHARM-010,20,65.0,2026-10-06,2025-09-08,AVAILABLE,NONE
INV-003903,MED-037,Cetirizine 10mg,Antihistamine,BAT-037-277,PHARM-010,239,20.0,2026-10-08,2026-04-18,AVAILABLE,NONE
INV-003904,MED-018,Enoxaparin 40mg Injection,Cardiovascular,BAT-018-728,PHARM-010,243,450.0,2026-09-22,2025-10-28,AVAILABLE,NONE
INV-003905,MED-021,Losartan 50mg,Cardiovascular,BAT-021-872,PHARM-010,337,62.0,2026-08-20,2026-01-17,NEAR_EXPIRY,NONE
INV-003906,MED-058,Sitagliptin 100mg,Antidiabetic,BAT-058-564,PHARM-010,136,240.0,2026-12-16,2026-05-07,AVAILABLE,NONE
INV-003907,MED-018,Enoxaparin 40mg Injection,Cardiovascular,BAT-018-301,PHARM-010,226,450.0,2026-09-27,2026-07-05,AVAILABLE,NONE
INV-003908,MED-036,Prednisolone 10mg,Steroid,BAT-036-673,PHARM-010,234,30.0,2027-04-28,2026-05-15,AVAILABLE,NONE
INV-003909,MED-054,Ranitidine 150mg,Gastrointestinal,BAT-054-940,PHARM-010,71,25.0,2026-10-31,2026-02-27,AVAILABLE,NONE
INV-003910,MED-020,Piperacillin + Tazobactam 4.5g,Antibiotic,BAT-020-313,PHARM-010,250,490.0,2026-09-30,2025-09-16,AVAILABLE,NONE
INV-003911,MED-005,Human Regular Insulin 100IU,Antidiabetic,BAT-005-619,PHARM-010,446,350.0,2026-09-06,2025-11-05,NEAR_EXPIRY,NONE
INV-003912,MED-015,Budesonide Inhaler 200mcg,Respiratory,BAT-015-849,PHARM-010,34,280.0,2026-08-31,2026-03-18,NEAR_EXPIRY,NONE
INV-003913,MED-054,Ranitidine 150mg,Gastrointestinal,BAT-054-357,PHARM-010,29,25.0,2026-08-22,2026-05-28,NEAR_EXPIRY,NONE
INV-003914,MED-023,Vildagliptin 50mg,Antidiabetic,BAT-023-297,PHARM-010,25,175.0,2027-05-16,2025-10-26,AVAILABLE,NONE
INV-003915,MED-012,Ciprofloxacin 500mg,Antibiotic,BAT-012-658,PHARM-010,18,65.0,2026-09-02,2026-05-11,NEAR_EXPIRY,NONE
INV-003916,MED-060,Albumin Human 20% 100ml,Critical Care,BAT-060-368,PHARM-010,240,3200.0,2027-01-09,2026-06-11,AVAILABLE,NONE
INV-003917,MED-056,Bisoprolol 2.5mg,Cardiovascular,BAT-056-338,PHARM-010,187,72.0,2026-10-07,2026-06-02,AVAILABLE,NONE
INV-003918,MED-023,Vildagliptin 50mg,Antidiabetic,BAT-023-561,PHARM-010,34,175.0,2026-08-17,2025-11-21,NEAR_EXPIRY,NONE
INV-003919,MED-004,Metformin 500mg SR,Antidiabetic,BAT-004-824,PHARM-010,45,45.0,2027-03-02,2025-11-04,AVAILABLE,NONE
INV-003920,MED-037,Cetirizine 10mg,Antihistamine,BAT-037-320,PHARM-010,215,20.0,2026-08-29,2026-04-25,NEAR_EXPIRY,NONE
INV-003921,MED-031,Levofloxacin 500mg,Antibiotic,BAT-031-831,PHARM-010,86,95.0,2026-09-11,2025-09-03,NEAR_EXPIRY,NONE
INV-003922,MED-035,Dexamethasone 4mg Injection,Steroid,BAT-035-576,PHARM-010,162,25.0,2026-10-07,2026-07-01,AVAILABLE,NONE
INV-003923,MED-031,Levofloxacin 500mg,Antibiotic,BAT-031-254,PHARM-010,124,95.0,2027-08-04,2025-12-28,AVAILABLE,NONE
INV-003924,MED-014,Salbutamol Inhaler 100mcg,Respiratory,BAT-014-287,PHARM-010,36,160.0,2026-09-06,2026-04-16,NEAR_EXPIRY,NONE
INV-003925,MED-012,Ciprofloxacin 500mg,Antibiotic,BAT-012-396,PHARM-010,104,65.0,2026-09-13,2026-07-08,NEAR_EXPIRY,NONE
INV-003926,MED-007,Telmisartan 40mg,Cardiovascular,BAT-007-210,PHARM-010,29,78.0,2026-11-09,2025-10-15,AVAILABLE,NONE
INV-003927,MED-013,Montelukast + Levocetirizine,Respiratory,BAT-013-412,PHARM-010,196,115.0,2026-09-17,2026-01-01,AVAILABLE,NONE
INV-003928,MED-025,Rosuvastatin 10mg,Cardiovascular,BAT-025-320,PHARM-010,159,110.0,2026-09-18,2026-06-20,AVAILABLE,NONE
INV-003929,MED-026,Clopidogrel 75mg,Cardiovascular,BAT-026-559,PHARM-010,219,88.0,2026-08-04,2026-04-20,EXPIRED,NONE
INV-003930,MED-003,Azithromycin 500mg,Antibiotic,BAT-003-132,PHARM-010,22,120.0,2026-08-29,2025-09-14,NEAR_EXPIRY,NONE
INV-003931,MED-005,Human Regular Insulin 100IU,Antidiabetic,BAT-005-684,PHARM-010,57,350.0,2026-08-19,2026-01-12,NEAR_EXPIRY,NONE
INV-003932,MED-030,Doxycycline 100mg,Antibiotic,BAT-030-587,PHARM-010,13,68.0,2026-08-23,2025-09-09,NEAR_EXPIRY,NONE
INV-003933,MED-022,Glimepiride 2mg,Antidiabetic,BAT-022-917,PHARM-010,224,52.0,2026-10-27,2025-09-30,AVAILABLE,NONE
INV-003934,MED-030,Doxycycline 100mg,Antibiotic,BAT-030-321,PHARM-010,212,68.0,2026-09-20,2025-09-03,AVAILABLE,NONE
INV-003935,MED-050,Loperamide 2mg,Gastrointestinal,BAT-050-135,PHARM-010,102,18.0,2026-08-15,2025-11-26,NEAR_EXPIRY,NONE
INV-003936,MED-037,Cetirizine 10mg,Antihistamine,BAT-037-142,PHARM-010,187,20.0,2026-09-16,2025-10-28,AVAILABLE,NONE
INV-003937,MED-025,Rosuvastatin 10mg,Cardiovascular,BAT-025-607,PHARM-010,280,110.0,2026-08-15,2026-05-04,NEAR_EXPIRY,NONE
INV-003938,MED-050,Loperamide 2mg,Gastrointestinal,BAT-050-386,PHARM-010,48,18.0,2027-06-24,2025-12-19,AVAILABLE,NONE
INV-003939,MED-037,Cetirizine 10mg,Antihistamine,BAT-037-271,PHARM-010,141,20.0,2026-11-18,2025-10-08,AVAILABLE,NONE
INV-003940,MED-054,Ranitidine 150mg,Gastrointestinal,BAT-054-106,PHARM-010,23,25.0,2026-08-29,2025-11-25,NEAR_EXPIRY,NONE
INV-003941,MED-053,Itraconazole 100mg,Antifungal,BAT-053-330,PHARM-010,15,165.0,2026-08-26,2026-02-11,NEAR_EXPIRY,NONE
INV-003942,MED-042,Escitalopram 10mg,Psychiatric,BAT-042-506,PHARM-010,16,85.0,2026-08-16,2026-07-08,NEAR_EXPIRY,NONE
INV-003943,MED-010,Omeprazole 20mg,Gastrointestinal,BAT-010-850,PHARM-010,209,55.0,2026-09-23,2026-07-07,AVAILABLE,NONE
INV-003944,MED-053,Itraconazole 100mg,Antifungal,BAT-053-556,PHARM-010,177,165.0,2027-04-24,2025-11-15,AVAILABLE,NONE
INV-003945,MED-002,Amoxicillin + Clavulanate 625mg,Antibiotic,BAT-002-313,PHARM-010,110,185.0,2026-10-04,2026-04-13,AVAILABLE,NONE
INV-003946,MED-021,Losartan 50mg,Cardiovascular,BAT-021-196,PHARM-010,124,62.0,2027-06-11,2026-03-22,AVAILABLE,NONE
INV-003947,MED-006,Atorvastatin 20mg,Cardiovascular,BAT-006-767,PHARM-010,204,95.0,2026-09-23,2025-11-19,AVAILABLE,NONE
INV-003948,MED-036,Prednisolone 10mg,Steroid,BAT-036-124,PHARM-010,349,30.0,2026-09-02,2026-05-08,NEAR_EXPIRY,NONE
INV-003949,MED-023,Vildagliptin 50mg,Antidiabetic,BAT-023-214,PHARM-010,47,175.0,2026-08-07,2026-01-01,EXPIRED,NONE
INV-003950,MED-037,Cetirizine 10mg,Antihistamine,BAT-037-783,PHARM-010,73,20.0,2026-09-08,2026-05-20,NEAR_EXPIRY,NONE
INV-003951,MED-035,Dexamethasone 4mg Injection,Steroid,BAT-035-514,PHARM-010,246,25.0,2027-07-15,2026-02-19,AVAILABLE,NONE
INV-003952,MED-027,Aspirin 75mg Gastro-resistant,Cardiovascular,BAT-027-361,PHARM-010,244,22.0,2026-10-09,2025-11-12,AVAILABLE,NONE
INV-003953,MED-059,Empagliflozin 25mg,Antidiabetic,BAT-059-626,PHARM-010,22,290.0,2026-08-18,2025-12-12,NEAR_EXPIRY,NONE
INV-003954,MED-033,Vancomycin 500mg Injection,Antibiotic,BAT-033-638,PHARM-010,10,420.0,2026-08-30,2026-02-28,NEAR_EXPIRY,NONE
INV-003955,MED-029,Rabeprazole 20mg,Gastrointestinal,BAT-029-940,PHARM-010,48,75.0,2027-07-30,2025-10-03,AVAILABLE,NONE
INV-003956,MED-037,Cetirizine 10mg,Antihistamine,BAT-037-133,PHARM-010,71,20.0,2026-09-09,2025-11-06,NEAR_EXPIRY,NONE
INV-003957,MED-003,Azithromycin 500mg,Antibiotic,BAT-003-151,PHARM-010,215,120.0,2026-10-07,2025-12-21,AVAILABLE,NONE
INV-003958,MED-034,Methylprednisolone 16mg,Steroid,BAT-034-943,PHARM-010,100,110.0,2026-09-11,2026-04-03,NEAR_EXPIRY,NONE
INV-003959,MED-015,Budesonide Inhaler 200mcg,Respiratory,BAT-015-385,PHARM-010,18,280.0,2026-09-04,2025-10-12,NEAR_EXPIRY,NONE
INV-003960,MED-033,Vancomycin 500mg Injection,Antibiotic,BAT-033-261,PHARM-010,131,420.0,2026-09-07,2026-05-16,NEAR_EXPIRY,NONE
INV-003961,MED-012,Ciprofloxacin 500mg,Antibiotic,BAT-012-251,PHARM-010,375,65.0,2026-08-16,2026-07-11,NEAR_EXPIRY,NONE
INV-003962,MED-010,Omeprazole 20mg,Gastrointestinal,BAT-010-987,PHARM-010,10,55.0,2026-09-01,2026-07-08,NEAR_EXPIRY,NONE
INV-003963,MED-001,Paracetamol 650mg,Analgesic,BAT-001-162,PHARM-010,116,32.5,2026-07-11,2026-07-05,EXPIRED,NONE
INV-003964,MED-016,Ibuprofen 400mg,Analgesic,BAT-016-912,PHARM-010,136,28.0,2027-05-08,2026-02-16,AVAILABLE,NONE
INV-003965,MED-016,Ibuprofen 400mg,Analgesic,BAT-016-707,PHARM-010,152,28.0,2026-09-14,2026-05-20,AVAILABLE,NONE
INV-003966,MED-034,Methylprednisolone 16mg,Steroid,BAT-034-685,PHARM-010,84,110.0,2026-12-15,2025-09-28,AVAILABLE,NONE
INV-003967,MED-008,Amlodipine 5mg,Cardiovascular,BAT-008-515,PHARM-010,118,38.0,2026-08-08,2026-07-14,EXPIRED,NONE
INV-003968,MED-037,Cetirizine 10mg,Antihistamine,BAT-037-871,PHARM-010,176,20.0,2026-08-16,2025-08-28,NEAR_EXPIRY,NONE
INV-003969,MED-048,Diclofenac Sodium 50mg,Analgesic,BAT-048-951,PHARM-010,206,30.0,2027-08-05,2025-09-21,AVAILABLE,NONE
INV-003970,MED-030,Doxycycline 100mg,Antibiotic,BAT-030-857,PHARM-010,158,68.0,2026-08-13,2025-09-02,EXPIRED,NONE
INV-003971,MED-051,Metronidazole 400mg,Antibiotic,BAT-051-850,PHARM-010,158,32.0,2026-08-24,2026-01-24,NEAR_EXPIRY,NONE
INV-003972,MED-025,Rosuvastatin 10mg,Cardiovascular,BAT-025-350,PHARM-010,228,110.0,2026-07-06,2026-06-25,EXPIRED,NONE
INV-003973,MED-054,Ranitidine 150mg,Gastrointestinal,BAT-054-703,PHARM-010,17,25.0,2026-08-29,2025-10-25,NEAR_EXPIRY,NONE
INV-003974,MED-047,Iron + Folic Acid Tablets,Nutritional,BAT-047-955,PHARM-010,44,50.0,2026-11-25,2026-03-12,AVAILABLE,NONE
INV-003975,MED-034,Methylprednisolone 16mg,Steroid,BAT-034-187,PHARM-010,144,110.0,2026-08-19,2026-02-03,NEAR_EXPIRY,NONE
INV-003976,MED-022,Glimepiride 2mg,Antidiabetic,BAT-022-613,PHARM-010,58,52.0,2027-03-21,2026-05-04,AVAILABLE,NONE
INV-003977,MED-002,Amoxicillin + Clavulanate 625mg,Antibiotic,BAT-002-293,PHARM-010,10,185.0,2026-09-12,2025-08-24,NEAR_EXPIRY,NONE
INV-003978,MED-021,Losartan 50mg,Cardiovascular,BAT-021-880,PHARM-010,164,62.0,2026-09-04,2026-03-15,NEAR_EXPIRY,NONE
INV-003979,MED-037,Cetirizine 10mg,Antihistamine,BAT-037-721,PHARM-010,119,20.0,2026-09-09,2025-09-13,NEAR_EXPIRY,NONE
INV-003980,MED-028,Ondansetron 4mg,Gastrointestinal,BAT-028-552,PHARM-010,34,42.0,2026-12-01,2026-05-01,AVAILABLE,NONE
INV-003981,MED-036,Prednisolone 10mg,Steroid,BAT-036-241,PHARM-010,227,30.0,2026-10-22,2026-03-01,AVAILABLE,NONE
INV-003982,MED-009,Pantoprazole 40mg,Gastrointestinal,BAT-009-823,PHARM-010,58,85.0,2027-06-30,2025-10-12,AVAILABLE,NONE
INV-003983,MED-059,Empagliflozin 25mg,Antidiabetic,BAT-059-241,PHARM-010,216,290.0,2026-10-03,2026-03-24,AVAILABLE,NONE
INV-003984,MED-019,Meropenem 1g Injection,Antibiotic,BAT-019-101,PHARM-010,56,850.0,2027-05-02,2026-04-30,AVAILABLE,NONE
INV-003985,MED-003,Azithromycin 500mg,Antibiotic,BAT-003-643,PHARM-010,147,120.0,2026-09-16,2026-01-19,AVAILABLE,NONE
INV-003986,MED-017,Tramadol 50mg,Analgesic,BAT-017-805,PHARM-010,78,90.0,2027-06-10,2026-01-30,AVAILABLE,NONE
INV-003987,MED-051,Metronidazole 400mg,Antibiotic,BAT-051-467,PHARM-010,99,32.0,2027-05-12,2025-08-23,AVAILABLE,NONE
INV-003988,MED-011,Cefixime 200mg,Antibiotic,BAT-011-327,PHARM-010,22,140.0,2026-10-22,2026-01-20,AVAILABLE,NONE
INV-003989,MED-019,Meropenem 1g Injection,Antibiotic,BAT-019-189,PHARM-010,163,850.0,2026-10-08,2026-04-25,AVAILABLE,NONE
INV-003990,MED-009,Pantoprazole 40mg,Gastrointestinal,BAT-009-664,PHARM-010,31,85.0,2026-08-15,2026-01-27,NEAR_EXPIRY,NONE
INV-003991,MED-041,Alprazolam 0.5mg,Psychiatric,BAT-041-280,PHARM-010,164,35.0,2027-04-09,2025-08-26,AVAILABLE,NONE
INV-003992,MED-002,Amoxicillin + Clavulanate 625mg,Antibiotic,BAT-002-393,PHARM-010,11,185.0,2026-08-15,2025-12-24,NEAR_EXPIRY,NONE
INV-003993,MED-015,Budesonide Inhaler 200mcg,Respiratory,BAT-015-156,PHARM-010,33,280.0,2026-09-14,2026-03-02,AVAILABLE,NONE
INV-003994,MED-006,Atorvastatin 20mg,Cardiovascular,BAT-006-230,PHARM-010,24,95.0,2026-08-26,2025-10-01,NEAR_EXPIRY,NONE
INV-003995,MED-047,Iron + Folic Acid Tablets,Nutritional,BAT-047-863,PHARM-010,159,50.0,2026-08-26,2026-04-17,NEAR_EXPIRY,NONE
INV-003996,MED-006,Atorvastatin 20mg,Cardiovascular,BAT-006-228,PHARM-010,156,95.0,2027-02-26,2026-06-30,AVAILABLE,NONE
INV-003997,MED-046,Vitamin B-Complex + B12,Nutritional,BAT-046-483,PHARM-010,131,40.0,2026-09-27,2026-07-10,AVAILABLE,NONE
INV-003998,MED-049,Aceclofenac + Paracetamol,Analgesic,BAT-049-432,PHARM-010,99,60.0,2027-02-23,2026-03-23,AVAILABLE,NONE
INV-003999,MED-025,Rosuvastatin 10mg,Cardiovascular,BAT-025-842,PHARM-010,187,110.0,2027-03-19,2026-06-22,AVAILABLE,NONE
INV-004000,MED-012,Ciprofloxacin 500mg,Antibiotic,BAT-012-247,PHARM-010,238,65.0,2026-09-21,2025-12-02,AVAILABLE,NONE
INV-004001,MED-041,Alprazolam 0.5mg,Psychiatric,BAT-041-407,PHARM-010,47,35.0,2026-10-26,2025-12-31,AVAILABLE,NONE
INV-004002,MED-040,Spironolactone 25mg,Cardiovascular,BAT-040-190,PHARM-010,446,48.0,2026-09-02,2026-01-26,NEAR_EXPIRY,NONE
INV-004003,MED-020,Piperacillin + Tazobactam 4.5g,Antibiotic,BAT-020-603,PHARM-010,157,490.0,2026-09-02,2026-04-30,NEAR_EXPIRY,NONE
INV-004004,MED-027,Aspirin 75mg Gastro-resistant,Cardiovascular,BAT-027-647,PHARM-010,391,22.0,2026-08-17,2026-04-20,NEAR_EXPIRY,NONE
INV-004005,MED-009,Pantoprazole 40mg,Gastrointestinal,BAT-009-945,PHARM-010,120,85.0,2027-01-15,2025-11-23,AVAILABLE,NONE
INV-004006,MED-029,Rabeprazole 20mg,Gastrointestinal,BAT-029-103,PHARM-010,149,75.0,2026-09-04,2025-10-28,NEAR_EXPIRY,NONE
INV-004007,MED-060,Albumin Human 20% 100ml,Critical Care,BAT-060-815,PHARM-010,90,3200.0,2026-12-19,2025-12-23,AVAILABLE,NONE
INV-004008,MED-005,Human Regular Insulin 100IU,Antidiabetic,BAT-005-736,PHARM-010,238,350.0,2027-05-11,2025-12-01,AVAILABLE,NONE
INV-004009,MED-035,Dexamethasone 4mg Injection,Steroid,BAT-035-552,PHARM-010,222,25.0,2027-03-01,2025-10-27,AVAILABLE,NONE
INV-004010,MED-040,Spironolactone 25mg,Cardiovascular,BAT-040-400,PHARM-010,189,48.0,2026-09-16,2025-11-15,AVAILABLE,NONE
INV-004011,MED-011,Cefixime 200mg,Antibiotic,BAT-011-692,PHARM-010,23,140.0,2026-09-25,2026-06-15,AVAILABLE,NONE
INV-004012,MED-003,Azithromycin 500mg,Antibiotic,BAT-003-522,PHARM-010,148,120.0,2027-03-18,2026-05-21,AVAILABLE,NONE
INV-004013,MED-037,Cetirizine 10mg,Antihistamine,BAT-037-594,PHARM-010,80,20.0,2026-12-17,2026-02-11,AVAILABLE,NONE
INV-004014,MED-021,Losartan 50mg,Cardiovascular,BAT-021-984,PHARM-010,33,62.0,2027-03-20,2026-02-26,AVAILABLE,NONE
INV-004015,MED-020,Piperacillin + Tazobactam 4.5g,Antibiotic,BAT-020-843,PHARM-010,160,490.0,2027-04-25,2025-12-13,AVAILABLE,NONE
INV-004016,MED-010,Omeprazole 20mg,Gastrointestinal,BAT-010-213,PHARM-010,160,55.0,2026-08-21,2026-04-29,NEAR_EXPIRY,NONE
INV-004017,MED-048,Diclofenac Sodium 50mg,Analgesic,BAT-048-869,PHARM-011,94,30.0,2026-08-17,2026-01-14,NEAR_EXPIRY,NONE
INV-004018,MED-043,Sertraline 50mg,Psychiatric,BAT-043-807,PHARM-011,229,105.0,2027-09-08,2026-02-24,AVAILABLE,NONE
INV-004019,MED-006,Atorvastatin 20mg,Cardiovascular,BAT-006-884,PHARM-011,29,95.0,2026-08-20,2026-05-13,NEAR_EXPIRY,NONE
INV-004020,MED-035,Dexamethasone 4mg Injection,Steroid,BAT-035-663,PHARM-011,83,25.0,2026-09-28,2026-06-04,AVAILABLE,NONE
INV-004021,MED-001,Paracetamol 650mg,Analgesic,BAT-001-977,PHARM-011,328,32.5,2026-08-29,2025-12-08,NEAR_EXPIRY,NONE
INV-004022,MED-052,Fluconazole 150mg,Antifungal,BAT-052-283,PHARM-011,170,45.0,2026-09-22,2026-06-12,AVAILABLE,NONE
INV-004023,MED-052,Fluconazole 150mg,Antifungal,BAT-052-529,PHARM-011,123,45.0,2026-07-19,2025-10-14,EXPIRED,NONE
INV-004024,MED-017,Tramadol 50mg,Analgesic,BAT-017-986,PHARM-011,36,90.0,2026-08-25,2026-07-06,NEAR_EXPIRY,NONE
INV-004025,MED-006,Atorvastatin 20mg,Cardiovascular,BAT-006-264,PHARM-011,221,95.0,2026-09-12,2026-01-07,NEAR_EXPIRY,NONE
INV-004026,MED-012,Ciprofloxacin 500mg,Antibiotic,BAT-012-353,PHARM-011,356,65.0,2026-08-18,2026-06-30,NEAR_EXPIRY,NONE
INV-004027,MED-034,Methylprednisolone 16mg,Steroid,BAT-034-534,PHARM-011,147,110.0,2027-02-13,2026-07-13,AVAILABLE,NONE
INV-004028,MED-010,Omeprazole 20mg,Gastrointestinal,BAT-010-202,PHARM-011,33,55.0,2027-04-29,2025-08-21,AVAILABLE,NONE
INV-004029,MED-004,Metformin 500mg SR,Antidiabetic,BAT-004-307,PHARM-011,71,45.0,2026-06-30,2026-04-23,EXPIRED,NONE
INV-004030,MED-007,Telmisartan 40mg,Cardiovascular,BAT-007-708,PHARM-011,179,78.0,2026-10-02,2025-11-29,AVAILABLE,NONE
INV-004031,MED-039,Hydrochlorothiazide 12.5mg,Cardiovascular,BAT-039-150,PHARM-011,53,24.0,2026-08-17,2026-06-04,NEAR_EXPIRY,NONE
INV-004032,MED-059,Empagliflozin 25mg,Antidiabetic,BAT-059-586,PHARM-011,75,290.0,2026-09-13,2026-05-17,NEAR_EXPIRY,NONE
INV-004033,MED-049,Aceclofenac + Paracetamol,Analgesic,BAT-049-767,PHARM-011,211,60.0,2026-10-08,2025-10-04,AVAILABLE,NONE
INV-004034,MED-007,Telmisartan 40mg,Cardiovascular,BAT-007-745,PHARM-011,214,78.0,2027-01-01,2025-12-29,AVAILABLE,NONE
INV-004035,MED-023,Vildagliptin 50mg,Antidiabetic,BAT-023-800,PHARM-011,204,175.0,2026-11-09,2025-09-03,AVAILABLE,NONE
INV-004036,MED-033,Vancomycin 500mg Injection,Antibiotic,BAT-033-364,PHARM-011,236,420.0,2026-09-23,2026-05-26,AVAILABLE,NONE
INV-004037,MED-041,Alprazolam 0.5mg,Psychiatric,BAT-041-577,PHARM-011,39,35.0,2026-09-02,2025-10-20,NEAR_EXPIRY,NONE
INV-004038,MED-005,Human Regular Insulin 100IU,Antidiabetic,BAT-005-310,PHARM-011,26,350.0,2026-09-01,2025-12-03,NEAR_EXPIRY,NONE
INV-004039,MED-002,Amoxicillin + Clavulanate 625mg,Antibiotic,BAT-002-583,PHARM-011,242,185.0,2026-10-05,2026-04-21,AVAILABLE,NONE
INV-004040,MED-054,Ranitidine 150mg,Gastrointestinal,BAT-054-554,PHARM-011,55,25.0,2027-06-12,2025-10-21,AVAILABLE,NONE
INV-004041,MED-050,Loperamide 2mg,Gastrointestinal,BAT-050-579,PHARM-011,139,18.0,2027-02-07,2025-09-12,AVAILABLE,NONE
INV-004042,MED-008,Amlodipine 5mg,Cardiovascular,BAT-008-525,PHARM-011,196,38.0,2026-10-01,2026-05-22,AVAILABLE,NONE
INV-004043,MED-033,Vancomycin 500mg Injection,Antibiotic,BAT-033-213,PHARM-011,59,420.0,2026-10-10,2025-09-03,AVAILABLE,NONE
INV-004044,MED-009,Pantoprazole 40mg,Gastrointestinal,BAT-009-307,PHARM-011,182,85.0,2027-08-11,2025-09-13,AVAILABLE,NONE
INV-004045,MED-025,Rosuvastatin 10mg,Cardiovascular,BAT-025-357,PHARM-011,157,110.0,2026-09-17,2025-11-11,AVAILABLE,NONE
INV-004046,MED-013,Montelukast + Levocetirizine,Respiratory,BAT-013-596,PHARM-011,134,115.0,2026-11-03,2026-01-23,AVAILABLE,NONE
INV-004047,MED-057,Carvedilol 6.25mg,Cardiovascular,BAT-057-529,PHARM-011,66,54.0,2026-10-17,2025-10-02,AVAILABLE,NONE
INV-004048,MED-052,Fluconazole 150mg,Antifungal,BAT-052-393,PHARM-011,113,45.0,2026-07-09,2025-10-08,EXPIRED,NONE
INV-004049,MED-051,Metronidazole 400mg,Antibiotic,BAT-051-460,PHARM-011,28,32.0,2027-06-27,2025-11-19,AVAILABLE,NONE
INV-004050,MED-001,Paracetamol 650mg,Analgesic,BAT-001-273,PHARM-011,69,32.5,2027-03-13,2026-03-06,AVAILABLE,NONE
INV-004051,MED-052,Fluconazole 150mg,Antifungal,BAT-052-886,PHARM-011,40,45.0,2026-09-03,2026-05-07,NEAR_EXPIRY,NONE
INV-004052,MED-026,Clopidogrel 75mg,Cardiovascular,BAT-026-699,PHARM-011,174,88.0,2027-04-28,2026-06-26,AVAILABLE,NONE
INV-004053,MED-043,Sertraline 50mg,Psychiatric,BAT-043-881,PHARM-011,136,105.0,2026-10-11,2026-01-01,AVAILABLE,NONE
INV-004054,MED-017,Tramadol 50mg,Analgesic,BAT-017-507,PHARM-011,194,90.0,2026-07-16,2025-11-16,EXPIRED,NONE
INV-004055,MED-044,Thyroxine Sodium 50mcg,Endocrine,BAT-044-465,PHARM-011,50,125.0,2026-10-06,2026-06-12,AVAILABLE,NONE
INV-004056,MED-016,Ibuprofen 400mg,Analgesic,BAT-016-691,PHARM-011,42,28.0,2026-12-25,2026-01-10,AVAILABLE,NONE
INV-004057,MED-021,Losartan 50mg,Cardiovascular,BAT-021-156,PHARM-011,230,62.0,2027-03-15,2026-05-17,AVAILABLE,NONE
INV-004058,MED-010,Omeprazole 20mg,Gastrointestinal,BAT-010-497,PHARM-011,75,55.0,2026-08-13,2026-06-08,EXPIRED,NONE
INV-004059,MED-013,Montelukast + Levocetirizine,Respiratory,BAT-013-472,PHARM-011,153,115.0,2027-09-11,2026-06-22,AVAILABLE,NONE
INV-004060,MED-050,Loperamide 2mg,Gastrointestinal,BAT-050-364,PHARM-011,358,18.0,2026-08-28,2026-04-26,NEAR_EXPIRY,NONE
INV-004061,MED-056,Bisoprolol 2.5mg,Cardiovascular,BAT-056-327,PHARM-011,37,72.0,2026-08-19,2025-09-23,NEAR_EXPIRY,NONE
INV-004062,MED-015,Budesonide Inhaler 200mcg,Respiratory,BAT-015-124,PHARM-011,33,280.0,2026-08-25,2026-07-10,NEAR_EXPIRY,NONE
INV-004063,MED-053,Itraconazole 100mg,Antifungal,BAT-053-115,PHARM-011,57,165.0,2026-11-06,2026-02-04,AVAILABLE,NONE
INV-004064,MED-007,Telmisartan 40mg,Cardiovascular,BAT-007-477,PHARM-011,149,78.0,2026-09-02,2026-06-09,NEAR_EXPIRY,NONE
INV-004065,MED-026,Clopidogrel 75mg,Cardiovascular,BAT-026-830,PHARM-011,134,88.0,2026-09-10,2026-03-12,NEAR_EXPIRY,NONE
INV-004066,MED-036,Prednisolone 10mg,Steroid,BAT-036-192,PHARM-011,229,30.0,2026-08-12,2026-05-29,EXPIRED,NONE
INV-004067,MED-008,Amlodipine 5mg,Cardiovascular,BAT-008-879,PHARM-011,86,38.0,2027-05-17,2026-02-24,AVAILABLE,NONE
INV-004068,MED-050,Loperamide 2mg,Gastrointestinal,BAT-050-259,PHARM-011,169,18.0,2026-10-09,2025-11-06,AVAILABLE,NONE
INV-004069,MED-051,Metronidazole 400mg,Antibiotic,BAT-051-534,PHARM-011,282,32.0,2026-08-29,2026-05-14,NEAR_EXPIRY,NONE
INV-004070,MED-049,Aceclofenac + Paracetamol,Analgesic,BAT-049-984,PHARM-011,164,60.0,2026-08-21,2026-05-20,NEAR_EXPIRY,NONE
INV-004071,MED-022,Glimepiride 2mg,Antidiabetic,BAT-022-926,PHARM-011,21,52.0,2026-08-19,2026-05-26,NEAR_EXPIRY,NONE
INV-004072,MED-022,Glimepiride 2mg,Antidiabetic,BAT-022-470,PHARM-011,395,52.0,2026-08-21,2026-03-05,NEAR_EXPIRY,NONE
INV-004073,MED-052,Fluconazole 150mg,Antifungal,BAT-052-712,PHARM-011,54,45.0,2026-08-20,2025-11-21,NEAR_EXPIRY,NONE
INV-004074,MED-051,Metronidazole 400mg,Antibiotic,BAT-051-399,PHARM-011,217,32.0,2027-04-21,2025-12-05,AVAILABLE,NONE
INV-004075,MED-018,Enoxaparin 40mg Injection,Cardiovascular,BAT-018-532,PHARM-011,111,450.0,2026-09-15,2025-11-21,AVAILABLE,NONE
INV-004076,MED-005,Human Regular Insulin 100IU,Antidiabetic,BAT-005-552,PHARM-011,35,350.0,2026-07-31,2026-05-24,EXPIRED,NONE
INV-004077,MED-053,Itraconazole 100mg,Antifungal,BAT-053-612,PHARM-011,393,165.0,2026-08-18,2025-11-20,NEAR_EXPIRY,NONE
INV-004078,MED-031,Levofloxacin 500mg,Antibiotic,BAT-031-644,PHARM-011,190,95.0,2027-06-17,2025-08-21,AVAILABLE,NONE
INV-004079,MED-047,Iron + Folic Acid Tablets,Nutritional,BAT-047-162,PHARM-011,19,50.0,2026-08-17,2026-03-27,NEAR_EXPIRY,NONE
INV-004080,MED-050,Loperamide 2mg,Gastrointestinal,BAT-050-290,PHARM-011,127,18.0,2026-08-24,2025-12-01,NEAR_EXPIRY,NONE
INV-004081,MED-046,Vitamin B-Complex + B12,Nutritional,BAT-046-570,PHARM-011,94,40.0,2026-08-27,2026-04-14,NEAR_EXPIRY,NONE
INV-004082,MED-050,Loperamide 2mg,Gastrointestinal,BAT-050-869,PHARM-011,57,18.0,2027-05-08,2025-12-26,AVAILABLE,NONE
INV-004083,MED-058,Sitagliptin 100mg,Antidiabetic,BAT-058-561,PHARM-011,96,240.0,2026-10-10,2026-04-11,AVAILABLE,NONE
INV-004084,MED-003,Azithromycin 500mg,Antibiotic,BAT-003-559,PHARM-011,22,120.0,2026-09-18,2025-12-14,AVAILABLE,NONE
INV-004085,MED-029,Rabeprazole 20mg,Gastrointestinal,BAT-029-768,PHARM-011,142,75.0,2026-12-26,2026-01-03,AVAILABLE,NONE
INV-004086,MED-005,Human Regular Insulin 100IU,Antidiabetic,BAT-005-980,PHARM-011,206,350.0,2027-01-28,2026-04-01,AVAILABLE,NONE
INV-004087,MED-036,Prednisolone 10mg,Steroid,BAT-036-510,PHARM-011,111,30.0,2026-09-18,2025-11-14,AVAILABLE,NONE
INV-004088,MED-039,Hydrochlorothiazide 12.5mg,Cardiovascular,BAT-039-228,PHARM-011,204,24.0,2027-05-22,2026-03-26,AVAILABLE,NONE
INV-004089,MED-033,Vancomycin 500mg Injection,Antibiotic,BAT-033-955,PHARM-011,249,420.0,2026-09-27,2025-11-14,AVAILABLE,NONE
INV-004090,MED-043,Sertraline 50mg,Psychiatric,BAT-043-810,PHARM-011,153,105.0,2027-07-05,2026-06-30,AVAILABLE,NONE
INV-004091,MED-026,Clopidogrel 75mg,Cardiovascular,BAT-026-705,PHARM-011,20,88.0,2026-08-20,2026-03-18,NEAR_EXPIRY,NONE
INV-004092,MED-017,Tramadol 50mg,Analgesic,BAT-017-106,PHARM-011,233,90.0,2027-07-09,2026-01-19,AVAILABLE,NONE
INV-004093,MED-039,Hydrochlorothiazide 12.5mg,Cardiovascular,BAT-039-890,PHARM-011,127,24.0,2026-10-02,2026-05-02,AVAILABLE,NONE
INV-004094,MED-048,Diclofenac Sodium 50mg,Analgesic,BAT-048-185,PHARM-011,129,30.0,2026-09-28,2026-01-29,AVAILABLE,NONE
INV-004095,MED-017,Tramadol 50mg,Analgesic,BAT-017-895,PHARM-011,132,90.0,2026-09-12,2026-07-11,NEAR_EXPIRY,NONE
INV-004096,MED-004,Metformin 500mg SR,Antidiabetic,BAT-004-854,PHARM-011,138,45.0,2026-10-12,2025-11-15,AVAILABLE,NONE
INV-004097,MED-032,Linezolid 600mg,Antibiotic,BAT-032-827,PHARM-011,350,340.0,2026-08-27,2026-01-23,NEAR_EXPIRY,NONE
INV-004098,MED-056,Bisoprolol 2.5mg,Cardiovascular,BAT-056-128,PHARM-011,86,72.0,2027-07-10,2026-03-14,AVAILABLE,NONE
INV-004099,MED-010,Omeprazole 20mg,Gastrointestinal,BAT-010-965,PHARM-011,123,55.0,2026-10-11,2026-04-14,AVAILABLE,NONE
INV-004100,MED-048,Diclofenac Sodium 50mg,Analgesic,BAT-048-957,PHARM-011,66,30.0,2026-09-20,2026-05-10,AVAILABLE,NONE
INV-004101,MED-004,Metformin 500mg SR,Antidiabetic,BAT-004-823,PHARM-011,14,45.0,2026-08-20,2026-04-16,NEAR_EXPIRY,NONE
INV-004102,MED-049,Aceclofenac + Paracetamol,Analgesic,BAT-049-176,PHARM-011,247,60.0,2027-09-12,2025-11-20,AVAILABLE,NONE
INV-004103,MED-032,Linezolid 600mg,Antibiotic,BAT-032-536,PHARM-011,13,340.0,2026-08-18,2025-09-08,NEAR_EXPIRY,NONE
INV-004104,MED-050,Loperamide 2mg,Gastrointestinal,BAT-050-401,PHARM-011,115,18.0,2026-10-01,2026-04-26,AVAILABLE,NONE
INV-004105,MED-008,Amlodipine 5mg,Cardiovascular,BAT-008-395,PHARM-011,167,38.0,2027-05-08,2026-02-28,AVAILABLE,NONE
INV-004106,MED-036,Prednisolone 10mg,Steroid,BAT-036-338,PHARM-011,444,30.0,2026-08-25,2026-06-29,NEAR_EXPIRY,NONE
INV-004107,MED-001,Paracetamol 650mg,Analgesic,BAT-001-312,PHARM-011,67,32.5,2027-01-13,2025-09-19,AVAILABLE,NONE
INV-004108,MED-002,Amoxicillin + Clavulanate 625mg,Antibiotic,BAT-002-284,PHARM-011,223,185.0,2027-08-01,2025-12-16,AVAILABLE,NONE
INV-004109,MED-036,Prednisolone 10mg,Steroid,BAT-036-114,PHARM-011,67,30.0,2027-02-27,2026-05-28,AVAILABLE,NONE
INV-004110,MED-044,Thyroxine Sodium 50mcg,Endocrine,BAT-044-507,PHARM-011,35,125.0,2026-09-16,2026-02-28,AVAILABLE,NONE
INV-004111,MED-028,Ondansetron 4mg,Gastrointestinal,BAT-028-659,PHARM-011,138,42.0,2027-06-01,2026-07-03,AVAILABLE,NONE
INV-004112,MED-057,Carvedilol 6.25mg,Cardiovascular,BAT-057-877,PHARM-011,122,54.0,2026-11-24,2026-07-06,AVAILABLE,NONE
INV-004113,MED-060,Albumin Human 20% 100ml,Critical Care,BAT-060-298,PHARM-011,247,3200.0,2026-11-03,2025-11-29,AVAILABLE,NONE
INV-004114,MED-022,Glimepiride 2mg,Antidiabetic,BAT-022-801,PHARM-011,169,52.0,2027-03-12,2026-07-10,AVAILABLE,NONE
INV-004115,MED-013,Montelukast + Levocetirizine,Respiratory,BAT-013-313,PHARM-011,66,115.0,2026-09-28,2026-04-12,AVAILABLE,NONE
INV-004116,MED-017,Tramadol 50mg,Analgesic,BAT-017-386,PHARM-011,48,90.0,2026-10-11,2026-01-04,AVAILABLE,NONE
INV-004117,MED-056,Bisoprolol 2.5mg,Cardiovascular,BAT-056-927,PHARM-011,35,72.0,2026-08-17,2025-12-02,NEAR_EXPIRY,NONE
INV-004118,MED-059,Empagliflozin 25mg,Antidiabetic,BAT-059-668,PHARM-011,28,290.0,2026-10-02,2026-07-13,AVAILABLE,NONE
INV-004119,MED-048,Diclofenac Sodium 50mg,Analgesic,BAT-048-507,PHARM-011,357,30.0,2026-08-27,2026-01-30,NEAR_EXPIRY,NONE
INV-004120,MED-040,Spironolactone 25mg,Cardiovascular,BAT-040-937,PHARM-011,388,48.0,2026-09-13,2025-10-07,NEAR_EXPIRY,NONE
INV-004121,MED-015,Budesonide Inhaler 200mcg,Respiratory,BAT-015-230,PHARM-011,66,280.0,2027-06-23,2025-11-21,AVAILABLE,NONE
INV-004122,MED-035,Dexamethasone 4mg Injection,Steroid,BAT-035-981,PHARM-011,149,25.0,2026-08-19,2026-06-01,NEAR_EXPIRY,NONE
INV-004123,MED-042,Escitalopram 10mg,Psychiatric,BAT-042-148,PHARM-011,229,85.0,2027-07-29,2026-02-13,AVAILABLE,NONE
INV-004124,MED-028,Ondansetron 4mg,Gastrointestinal,BAT-028-160,PHARM-011,135,42.0,2027-05-16,2026-05-12,AVAILABLE,NONE
INV-004125,MED-026,Clopidogrel 75mg,Cardiovascular,BAT-026-761,PHARM-011,240,88.0,2027-06-03,2026-01-27,AVAILABLE,NONE
INV-004126,MED-011,Cefixime 200mg,Antibiotic,BAT-011-666,PHARM-011,267,140.0,2026-08-28,2025-08-20,NEAR_EXPIRY,NONE
INV-004127,MED-048,Diclofenac Sodium 50mg,Analgesic,BAT-048-741,PHARM-011,329,30.0,2026-09-05,2025-09-18,NEAR_EXPIRY,NONE
INV-004128,MED-028,Ondansetron 4mg,Gastrointestinal,BAT-028-408,PHARM-011,113,42.0,2026-09-29,2026-07-14,AVAILABLE,NONE
INV-004129,MED-049,Aceclofenac + Paracetamol,Analgesic,BAT-049-522,PHARM-011,10,60.0,2026-08-19,2026-07-04,NEAR_EXPIRY,NONE
INV-004130,MED-039,Hydrochlorothiazide 12.5mg,Cardiovascular,BAT-039-147,PHARM-011,145,24.0,2026-08-15,2026-04-22,NEAR_EXPIRY,NONE
INV-004131,MED-057,Carvedilol 6.25mg,Cardiovascular,BAT-057-933,PHARM-011,86,54.0,2026-09-22,2026-03-16,AVAILABLE,NONE
INV-004132,MED-035,Dexamethasone 4mg Injection,Steroid,BAT-035-686,PHARM-011,250,25.0,2026-09-19,2026-06-28,AVAILABLE,NONE
INV-004133,MED-011,Cefixime 200mg,Antibiotic,BAT-011-456,PHARM-011,92,140.0,2026-08-27,2026-04-08,NEAR_EXPIRY,NONE
INV-004134,MED-005,Human Regular Insulin 100IU,Antidiabetic,BAT-005-141,PHARM-011,226,350.0,2027-09-12,2026-04-28,AVAILABLE,NONE
INV-004135,MED-022,Glimepiride 2mg,Antidiabetic,BAT-022-452,PHARM-011,136,52.0,2026-08-20,2026-06-15,NEAR_EXPIRY,NONE
INV-004136,MED-051,Metronidazole 400mg,Antibiotic,BAT-051-835,PHARM-011,408,32.0,2026-09-03,2026-06-28,NEAR_EXPIRY,NONE
INV-004137,MED-052,Fluconazole 150mg,Antifungal,BAT-052-673,PHARM-011,179,45.0,2027-01-28,2026-02-20,AVAILABLE,NONE
INV-004138,MED-013,Montelukast + Levocetirizine,Respiratory,BAT-013-873,PHARM-011,19,115.0,2026-08-16,2026-03-12,NEAR_EXPIRY,NONE
INV-004139,MED-038,Fexofenadine 120mg,Antihistamine,BAT-038-536,PHARM-011,26,82.0,2026-07-10,2026-05-09,EXPIRED,NONE
INV-004140,MED-023,Vildagliptin 50mg,Antidiabetic,BAT-023-677,PHARM-011,51,175.0,2027-02-09,2025-10-13,AVAILABLE,NONE
INV-004141,MED-009,Pantoprazole 40mg,Gastrointestinal,BAT-009-951,PHARM-011,61,85.0,2026-11-29,2026-02-28,AVAILABLE,NONE
INV-004142,MED-057,Carvedilol 6.25mg,Cardiovascular,BAT-057-693,PHARM-011,212,54.0,2026-09-24,2026-06-16,AVAILABLE,NONE
INV-004143,MED-039,Hydrochlorothiazide 12.5mg,Cardiovascular,BAT-039-502,PHARM-011,173,24.0,2027-08-23,2026-02-05,AVAILABLE,NONE
INV-004144,MED-040,Spironolactone 25mg,Cardiovascular,BAT-040-237,PHARM-011,40,48.0,2026-08-16,2026-06-17,NEAR_EXPIRY,NONE
INV-004145,MED-005,Human Regular Insulin 100IU,Antidiabetic,BAT-005-592,PHARM-011,18,350.0,2026-09-02,2025-11-22,NEAR_EXPIRY,NONE
INV-004146,MED-025,Rosuvastatin 10mg,Cardiovascular,BAT-025-286,PHARM-011,184,110.0,2027-02-28,2025-09-14,AVAILABLE,NONE
INV-004147,MED-006,Atorvastatin 20mg,Cardiovascular,BAT-006-679,PHARM-011,179,95.0,2027-04-07,2026-04-02,AVAILABLE,NONE
INV-004148,MED-051,Metronidazole 400mg,Antibiotic,BAT-051-200,PHARM-011,24,32.0,2026-08-18,2025-09-18,NEAR_EXPIRY,NONE
INV-004149,MED-007,Telmisartan 40mg,Cardiovascular,BAT-007-593,PHARM-011,158,78.0,2026-09-03,2026-01-06,NEAR_EXPIRY,NONE
INV-004150,MED-031,Levofloxacin 500mg,Antibiotic,BAT-031-426,PHARM-011,181,95.0,2027-07-01,2026-04-29,AVAILABLE,NONE
INV-004151,MED-059,Empagliflozin 25mg,Antidiabetic,BAT-059-508,PHARM-011,427,290.0,2026-08-26,2026-03-09,NEAR_EXPIRY,NONE
INV-004152,MED-028,Ondansetron 4mg,Gastrointestinal,BAT-028-223,PHARM-011,26,42.0,2027-02-08,2025-11-28,AVAILABLE,NONE
INV-004153,MED-001,Paracetamol 650mg,Analgesic,BAT-001-684,PHARM-011,38,32.5,2026-08-20,2025-09-15,NEAR_EXPIRY,NONE
INV-004154,MED-018,Enoxaparin 40mg Injection,Cardiovascular,BAT-018-162,PHARM-011,12,450.0,2026-08-15,2026-04-09,NEAR_EXPIRY,NONE
INV-004155,MED-056,Bisoprolol 2.5mg,Cardiovascular,BAT-056-439,PHARM-011,89,72.0,2026-08-07,2026-01-15,EXPIRED,NONE
INV-004156,MED-014,Salbutamol Inhaler 100mcg,Respiratory,BAT-014-837,PHARM-011,260,160.0,2026-08-20,2026-05-05,NEAR_EXPIRY,NONE
INV-004157,MED-054,Ranitidine 150mg,Gastrointestinal,BAT-054-150,PHARM-011,171,25.0,2027-06-19,2025-10-24,AVAILABLE,NONE
INV-004158,MED-030,Doxycycline 100mg,Antibiotic,BAT-030-753,PHARM-011,377,68.0,2026-09-10,2026-05-05,NEAR_EXPIRY,NONE
INV-004159,MED-017,Tramadol 50mg,Analgesic,BAT-017-980,PHARM-011,110,90.0,2026-08-15,2026-05-09,NEAR_EXPIRY,NONE
INV-004160,MED-041,Alprazolam 0.5mg,Psychiatric,BAT-041-917,PHARM-011,222,35.0,2027-07-17,2026-02-01,AVAILABLE,NONE
INV-004161,MED-008,Amlodipine 5mg,Cardiovascular,BAT-008-704,PHARM-011,97,38.0,2026-10-17,2026-04-14,AVAILABLE,NONE
INV-004162,MED-050,Loperamide 2mg,Gastrointestinal,BAT-050-655,PHARM-011,146,18.0,2026-09-27,2025-11-10,AVAILABLE,NONE
INV-004163,MED-041,Alprazolam 0.5mg,Psychiatric,BAT-041-491,PHARM-011,38,35.0,2026-08-16,2025-09-24,NEAR_EXPIRY,NONE
INV-004164,MED-038,Fexofenadine 120mg,Antihistamine,BAT-038-703,PHARM-011,111,82.0,2026-09-17,2025-10-03,AVAILABLE,NONE
INV-004165,MED-056,Bisoprolol 2.5mg,Cardiovascular,BAT-056-732,PHARM-011,124,72.0,2026-08-18,2026-06-16,NEAR_EXPIRY,NONE
INV-004166,MED-018,Enoxaparin 40mg Injection,Cardiovascular,BAT-018-158,PHARM-011,388,450.0,2026-09-07,2025-10-22,NEAR_EXPIRY,NONE
INV-004167,MED-034,Methylprednisolone 16mg,Steroid,BAT-034-296,PHARM-011,161,110.0,2026-08-21,2025-10-11,NEAR_EXPIRY,NONE
INV-004168,MED-009,Pantoprazole 40mg,Gastrointestinal,BAT-009-514,PHARM-011,88,85.0,2026-07-12,2026-04-18,EXPIRED,NONE
INV-004169,MED-026,Clopidogrel 75mg,Cardiovascular,BAT-026-593,PHARM-011,112,88.0,2027-01-08,2026-05-12,AVAILABLE,NONE
INV-004170,MED-020,Piperacillin + Tazobactam 4.5g,Antibiotic,BAT-020-321,PHARM-011,40,490.0,2027-04-23,2025-08-23,AVAILABLE,NONE
INV-004171,MED-051,Metronidazole 400mg,Antibiotic,BAT-051-699,PHARM-011,96,32.0,2026-08-16,2025-12-27,NEAR_EXPIRY,NONE
INV-004172,MED-001,Paracetamol 650mg,Analgesic,BAT-001-873,PHARM-011,206,32.5,2026-09-25,2026-05-22,AVAILABLE,NONE
INV-004173,MED-051,Metronidazole 400mg,Antibiotic,BAT-051-779,PHARM-011,246,32.0,2026-10-08,2025-08-24,AVAILABLE,NONE
INV-004174,MED-020,Piperacillin + Tazobactam 4.5g,Antibiotic,BAT-020-557,PHARM-011,170,490.0,2026-09-20,2026-04-18,AVAILABLE,NONE
INV-004175,MED-049,Aceclofenac + Paracetamol,Analgesic,BAT-049-357,PHARM-011,237,60.0,2026-09-16,2026-04-14,AVAILABLE,NONE
INV-004176,MED-011,Cefixime 200mg,Antibiotic,BAT-011-911,PHARM-011,345,140.0,2026-08-30,2026-04-23,NEAR_EXPIRY,NONE
INV-004177,MED-012,Ciprofloxacin 500mg,Antibiotic,BAT-012-708,PHARM-011,199,65.0,2027-08-20,2026-07-10,AVAILABLE,NONE
INV-004178,MED-042,Escitalopram 10mg,Psychiatric,BAT-042-527,PHARM-011,60,85.0,2026-08-20,2025-12-26,NEAR_EXPIRY,NONE
INV-004179,MED-026,Clopidogrel 75mg,Cardiovascular,BAT-026-100,PHARM-011,231,88.0,2027-04-07,2026-03-03,AVAILABLE,NONE
INV-004180,MED-054,Ranitidine 150mg,Gastrointestinal,BAT-054-153,PHARM-011,67,25.0,2026-08-28,2025-09-21,NEAR_EXPIRY,NONE
INV-004181,MED-042,Escitalopram 10mg,Psychiatric,BAT-042-140,PHARM-011,39,85.0,2027-08-24,2026-07-06,AVAILABLE,NONE
INV-004182,MED-004,Metformin 500mg SR,Antidiabetic,BAT-004-855,PHARM-011,114,45.0,2026-09-21,2026-06-02,AVAILABLE,NONE
INV-004183,MED-049,Aceclofenac + Paracetamol,Analgesic,BAT-049-305,PHARM-011,61,60.0,2026-09-18,2025-10-13,AVAILABLE,NONE
INV-004184,MED-020,Piperacillin + Tazobactam 4.5g,Antibiotic,BAT-020-956,PHARM-011,17,490.0,2026-08-19,2025-11-20,NEAR_EXPIRY,NONE
INV-004185,MED-045,Calcium 500mg + Vitamin D3,Nutritional,BAT-045-147,PHARM-011,56,65.0,2027-07-11,2025-12-13,AVAILABLE,NONE
INV-004186,MED-030,Doxycycline 100mg,Antibiotic,BAT-030-597,PHARM-011,436,68.0,2026-08-30,2026-06-26,NEAR_EXPIRY,NONE
INV-004187,MED-048,Diclofenac Sodium 50mg,Analgesic,BAT-048-528,PHARM-011,242,30.0,2026-09-27,2026-06-17,AVAILABLE,NONE
INV-004188,MED-009,Pantoprazole 40mg,Gastrointestinal,BAT-009-500,PHARM-011,32,85.0,2026-09-07,2026-02-21,NEAR_EXPIRY,NONE
INV-004189,MED-037,Cetirizine 10mg,Antihistamine,BAT-037-433,PHARM-011,89,20.0,2026-09-20,2026-03-21,AVAILABLE,NONE
INV-004190,MED-028,Ondansetron 4mg,Gastrointestinal,BAT-028-192,PHARM-011,57,42.0,2027-09-16,2025-11-30,AVAILABLE,NONE
INV-004191,MED-055,Betamethasone 0.5mg,Steroid,BAT-055-328,PHARM-011,35,15.0,2026-08-28,2026-05-20,NEAR_EXPIRY,NONE
INV-004192,MED-042,Escitalopram 10mg,Psychiatric,BAT-042-911,PHARM-011,12,85.0,2026-09-13,2025-09-02,NEAR_EXPIRY,NONE
INV-004193,MED-013,Montelukast + Levocetirizine,Respiratory,BAT-013-832,PHARM-011,229,115.0,2026-08-30,2026-05-26,NEAR_EXPIRY,NONE
INV-004194,MED-013,Montelukast + Levocetirizine,Respiratory,BAT-013-570,PHARM-011,249,115.0,2026-10-05,2026-04-15,AVAILABLE,NONE
INV-004195,MED-025,Rosuvastatin 10mg,Cardiovascular,BAT-025-635,PHARM-011,248,110.0,2026-09-27,2026-01-11,AVAILABLE,NONE
INV-004196,MED-059,Empagliflozin 25mg,Antidiabetic,BAT-059-870,PHARM-011,73,290.0,2026-10-06,2026-06-29,AVAILABLE,NONE
INV-004197,MED-051,Metronidazole 400mg,Antibiotic,BAT-051-357,PHARM-011,121,32.0,2026-09-10,2025-09-09,NEAR_EXPIRY,NONE
INV-004198,MED-052,Fluconazole 150mg,Antifungal,BAT-052-171,PHARM-011,180,45.0,2026-09-01,2025-11-15,NEAR_EXPIRY,NONE
INV-004199,MED-002,Amoxicillin + Clavulanate 625mg,Antibiotic,BAT-002-188,PHARM-011,68,185.0,2026-10-02,2025-11-04,AVAILABLE,NONE
INV-004200,MED-012,Ciprofloxacin 500mg,Antibiotic,BAT-012-406,PHARM-011,93,65.0,2026-08-03,2026-04-13,EXPIRED,NONE
INV-004201,MED-036,Prednisolone 10mg,Steroid,BAT-036-324,PHARM-011,12,30.0,2026-08-30,2025-11-30,NEAR_EXPIRY,NONE
INV-004202,MED-018,Enoxaparin 40mg Injection,Cardiovascular,BAT-018-453,PHARM-011,148,450.0,2027-01-22,2025-12-08,AVAILABLE,NONE
INV-004203,MED-053,Itraconazole 100mg,Antifungal,BAT-053-498,PHARM-011,52,165.0,2026-09-09,2025-09-25,NEAR_EXPIRY,NONE
INV-004204,MED-056,Bisoprolol 2.5mg,Cardiovascular,BAT-056-400,PHARM-011,307,72.0,2026-08-29,2025-10-14,NEAR_EXPIRY,NONE
INV-004205,MED-037,Cetirizine 10mg,Antihistamine,BAT-037-142,PHARM-011,70,20.0,2027-01-10,2026-02-22,AVAILABLE,NONE
INV-004206,MED-034,Methylprednisolone 16mg,Steroid,BAT-034-544,PHARM-011,20,110.0,2026-08-13,2026-03-01,EXPIRED,NONE
INV-004207,MED-039,Hydrochlorothiazide 12.5mg,Cardiovascular,BAT-039-447,PHARM-011,180,24.0,2026-09-24,2026-03-21,AVAILABLE,NONE
INV-004208,MED-057,Carvedilol 6.25mg,Cardiovascular,BAT-057-420,PHARM-011,64,54.0,2027-02-28,2025-11-11,AVAILABLE,NONE
INV-004209,MED-006,Atorvastatin 20mg,Cardiovascular,BAT-006-500,PHARM-011,29,95.0,2026-09-09,2026-02-23,NEAR_EXPIRY,NONE
INV-004210,MED-038,Fexofenadine 120mg,Antihistamine,BAT-038-899,PHARM-011,87,82.0,2026-09-16,2026-03-25,AVAILABLE,NONE
INV-004211,MED-044,Thyroxine Sodium 50mcg,Endocrine,BAT-044-537,PHARM-011,30,125.0,2026-09-11,2026-06-20,NEAR_EXPIRY,NONE
INV-004212,MED-019,Meropenem 1g Injection,Antibiotic,BAT-019-327,PHARM-011,153,850.0,2026-10-13,2025-11-24,AVAILABLE,NONE
INV-004213,MED-017,Tramadol 50mg,Analgesic,BAT-017-382,PHARM-011,206,90.0,2026-09-26,2026-03-29,AVAILABLE,NONE
INV-004214,MED-025,Rosuvastatin 10mg,Cardiovascular,BAT-025-184,PHARM-011,239,110.0,2027-09-12,2025-10-11,AVAILABLE,NONE
INV-004215,MED-023,Vildagliptin 50mg,Antidiabetic,BAT-023-999,PHARM-011,233,175.0,2026-09-04,2025-12-15,NEAR_EXPIRY,NONE
INV-004216,MED-057,Carvedilol 6.25mg,Cardiovascular,BAT-057-497,PHARM-011,227,54.0,2026-10-13,2026-03-18,AVAILABLE,NONE
INV-004217,MED-058,Sitagliptin 100mg,Antidiabetic,BAT-058-900,PHARM-011,72,240.0,2026-08-31,2026-06-11,NEAR_EXPIRY,NONE
INV-004218,MED-053,Itraconazole 100mg,Antifungal,BAT-053-629,PHARM-011,58,165.0,2026-09-15,2025-09-07,AVAILABLE,NONE
INV-004219,MED-029,Rabeprazole 20mg,Gastrointestinal,BAT-029-586,PHARM-011,22,75.0,2026-09-17,2026-04-21,AVAILABLE,NONE
INV-004220,MED-050,Loperamide 2mg,Gastrointestinal,BAT-050-629,PHARM-011,148,18.0,2026-09-13,2026-02-08,NEAR_EXPIRY,NONE
INV-004221,MED-016,Ibuprofen 400mg,Analgesic,BAT-016-472,PHARM-011,28,28.0,2027-05-21,2025-12-17,AVAILABLE,NONE
INV-004222,MED-022,Glimepiride 2mg,Antidiabetic,BAT-022-137,PHARM-011,88,52.0,2027-05-29,2026-03-21,AVAILABLE,NONE
INV-004223,MED-059,Empagliflozin 25mg,Antidiabetic,BAT-059-535,PHARM-011,26,290.0,2026-09-20,2025-09-15,AVAILABLE,NONE
INV-004224,MED-026,Clopidogrel 75mg,Cardiovascular,BAT-026-594,PHARM-011,25,88.0,2026-09-20,2025-08-19,AVAILABLE,NONE
INV-004225,MED-053,Itraconazole 100mg,Antifungal,BAT-053-514,PHARM-011,160,165.0,2026-12-14,2025-11-16,AVAILABLE,NONE
INV-004226,MED-060,Albumin Human 20% 100ml,Critical Care,BAT-060-238,PHARM-011,125,3200.0,2027-05-17,2026-04-13,AVAILABLE,NONE
INV-004227,MED-057,Carvedilol 6.25mg,Cardiovascular,BAT-057-978,PHARM-011,91,54.0,2027-09-07,2025-11-14,AVAILABLE,NONE
INV-004228,MED-050,Loperamide 2mg,Gastrointestinal,BAT-050-183,PHARM-011,135,18.0,2026-07-12,2025-09-04,EXPIRED,NONE
INV-004229,MED-033,Vancomycin 500mg Injection,Antibiotic,BAT-033-762,PHARM-011,148,420.0,2026-09-20,2025-10-29,AVAILABLE,NONE
INV-004230,MED-049,Aceclofenac + Paracetamol,Analgesic,BAT-049-437,PHARM-011,119,60.0,2026-11-06,2025-09-12,AVAILABLE,NONE
INV-004231,MED-031,Levofloxacin 500mg,Antibiotic,BAT-031-869,PHARM-011,97,95.0,2026-09-20,2026-04-01,AVAILABLE,NONE
INV-004232,MED-044,Thyroxine Sodium 50mcg,Endocrine,BAT-044-932,PHARM-011,242,125.0,2027-08-26,2026-04-20,AVAILABLE,NONE
INV-004233,MED-055,Betamethasone 0.5mg,Steroid,BAT-055-615,PHARM-011,209,15.0,2026-10-26,2025-11-11,AVAILABLE,NONE
INV-004234,MED-055,Betamethasone 0.5mg,Steroid,BAT-055-422,PHARM-011,37,15.0,2026-08-22,2025-08-23,NEAR_EXPIRY,NONE
INV-004235,MED-009,Pantoprazole 40mg,Gastrointestinal,BAT-009-948,PHARM-011,87,85.0,2026-11-13,2026-05-16,AVAILABLE,NONE
INV-004236,MED-042,Escitalopram 10mg,Psychiatric,BAT-042-977,PHARM-011,215,85.0,2026-10-06,2025-10-01,AVAILABLE,NONE
INV-004237,MED-005,Human Regular Insulin 100IU,Antidiabetic,BAT-005-658,PHARM-011,27,350.0,2027-05-28,2025-12-22,AVAILABLE,NONE
INV-004238,MED-027,Aspirin 75mg Gastro-resistant,Cardiovascular,BAT-027-500,PHARM-011,34,22.0,2026-08-15,2026-04-01,NEAR_EXPIRY,NONE
INV-004239,MED-037,Cetirizine 10mg,Antihistamine,BAT-037-792,PHARM-011,168,20.0,2026-10-09,2026-07-08,AVAILABLE,NONE
INV-004240,MED-038,Fexofenadine 120mg,Antihistamine,BAT-038-281,PHARM-011,192,82.0,2026-11-24,2025-10-28,AVAILABLE,NONE
INV-004241,MED-037,Cetirizine 10mg,Antihistamine,BAT-037-935,PHARM-011,50,20.0,2027-06-22,2025-10-14,AVAILABLE,NONE
INV-004242,MED-036,Prednisolone 10mg,Steroid,BAT-036-257,PHARM-011,217,30.0,2027-01-26,2025-12-13,AVAILABLE,NONE
INV-004243,MED-052,Fluconazole 150mg,Antifungal,BAT-052-338,PHARM-011,51,45.0,2026-08-20,2025-11-20,NEAR_EXPIRY,NONE
INV-004244,MED-053,Itraconazole 100mg,Antifungal,BAT-053-950,PHARM-011,123,165.0,2026-09-19,2026-02-08,AVAILABLE,NONE
INV-004245,MED-038,Fexofenadine 120mg,Antihistamine,BAT-038-398,PHARM-011,171,82.0,2026-06-30,2026-04-26,EXPIRED,NONE
INV-004246,MED-035,Dexamethasone 4mg Injection,Steroid,BAT-035-803,PHARM-011,192,25.0,2026-11-27,2026-03-17,AVAILABLE,NONE
INV-004247,MED-050,Loperamide 2mg,Gastrointestinal,BAT-050-343,PHARM-011,54,18.0,2026-09-11,2026-01-29,NEAR_EXPIRY,NONE
INV-004248,MED-023,Vildagliptin 50mg,Antidiabetic,BAT-023-893,PHARM-011,135,175.0,2026-09-27,2025-09-29,AVAILABLE,NONE
INV-004249,MED-002,Amoxicillin + Clavulanate 625mg,Antibiotic,BAT-002-489,PHARM-011,20,185.0,2026-08-19,2025-09-12,NEAR_EXPIRY,NONE
INV-004250,MED-024,Dapagliflozin 10mg,Antidiabetic,BAT-024-364,PHARM-011,79,220.0,2026-09-22,2025-09-08,AVAILABLE,NONE
INV-004251,MED-036,Prednisolone 10mg,Steroid,BAT-036-624,PHARM-011,227,30.0,2027-02-16,2026-02-23,AVAILABLE,NONE
INV-004252,MED-004,Metformin 500mg SR,Antidiabetic,BAT-004-814,PHARM-011,139,45.0,2026-11-21,2026-05-01,AVAILABLE,NONE
INV-004253,MED-047,Iron + Folic Acid Tablets,Nutritional,BAT-047-651,PHARM-011,240,50.0,2026-09-30,2026-05-19,AVAILABLE,NONE
INV-004254,MED-060,Albumin Human 20% 100ml,Critical Care,BAT-060-105,PHARM-011,89,3200.0,2026-10-04,2025-12-30,AVAILABLE,NONE
INV-004255,MED-043,Sertraline 50mg,Psychiatric,BAT-043-327,PHARM-011,63,105.0,2026-09-11,2026-05-18,NEAR_EXPIRY,NONE
INV-004256,MED-042,Escitalopram 10mg,Psychiatric,BAT-042-971,PHARM-011,205,85.0,2027-08-07,2026-03-08,AVAILABLE,NONE
INV-004257,MED-043,Sertraline 50mg,Psychiatric,BAT-043-245,PHARM-011,16,105.0,2026-08-15,2025-10-27,NEAR_EXPIRY,NONE
INV-004258,MED-008,Amlodipine 5mg,Cardiovascular,BAT-008-587,PHARM-011,125,38.0,2027-01-01,2026-06-18,AVAILABLE,NONE
INV-004259,MED-041,Alprazolam 0.5mg,Psychiatric,BAT-041-405,PHARM-011,72,35.0,2026-09-15,2026-06-24,AVAILABLE,NONE
INV-004260,MED-002,Amoxicillin + Clavulanate 625mg,Antibiotic,BAT-002-625,PHARM-011,183,185.0,2026-09-30,2025-08-27,AVAILABLE,NONE
INV-004261,MED-058,Sitagliptin 100mg,Antidiabetic,BAT-058-986,PHARM-011,58,240.0,2026-09-26,2026-06-12,AVAILABLE,NONE
INV-004262,MED-034,Methylprednisolone 16mg,Steroid,BAT-034-269,PHARM-011,64,110.0,2027-07-22,2025-09-11,AVAILABLE,NONE
INV-004263,MED-042,Escitalopram 10mg,Psychiatric,BAT-042-991,PHARM-011,103,85.0,2027-07-10,2026-02-14,AVAILABLE,NONE
INV-004264,MED-049,Aceclofenac + Paracetamol,Analgesic,BAT-049-130,PHARM-011,149,60.0,2026-09-30,2026-07-06,AVAILABLE,NONE
INV-004265,MED-043,Sertraline 50mg,Psychiatric,BAT-043-693,PHARM-011,184,105.0,2027-01-16,2026-01-23,AVAILABLE,NONE
INV-004266,MED-042,Escitalopram 10mg,Psychiatric,BAT-042-578,PHARM-011,308,85.0,2026-08-24,2025-08-26,NEAR_EXPIRY,NONE
INV-004267,MED-044,Thyroxine Sodium 50mcg,Endocrine,BAT-044-215,PHARM-011,239,125.0,2027-04-29,2025-09-11,AVAILABLE,NONE
INV-004268,MED-008,Amlodipine 5mg,Cardiovascular,BAT-008-275,PHARM-011,23,38.0,2026-09-18,2025-11-16,AVAILABLE,NONE
INV-004269,MED-036,Prednisolone 10mg,Steroid,BAT-036-133,PHARM-011,17,30.0,2026-08-15,2025-10-17,NEAR_EXPIRY,NONE
INV-004270,MED-041,Alprazolam 0.5mg,Psychiatric,BAT-041-875,PHARM-011,69,35.0,2027-05-17,2026-04-17,AVAILABLE,NONE
INV-004271,MED-044,Thyroxine Sodium 50mcg,Endocrine,BAT-044-370,PHARM-011,361,125.0,2026-09-01,2026-02-22,NEAR_EXPIRY,NONE
INV-004272,MED-012,Ciprofloxacin 500mg,Antibiotic,BAT-012-757,PHARM-011,31,65.0,2026-09-07,2026-03-08,NEAR_EXPIRY,NONE
INV-004273,MED-006,Atorvastatin 20mg,Cardiovascular,BAT-006-282,PHARM-011,227,95.0,2027-03-14,2026-07-10,AVAILABLE,NONE
INV-004274,MED-043,Sertraline 50mg,Psychiatric,BAT-043-773,PHARM-011,145,105.0,2026-09-12,2026-05-03,NEAR_EXPIRY,NONE
INV-004275,MED-039,Hydrochlorothiazide 12.5mg,Cardiovascular,BAT-039-119,PHARM-011,107,24.0,2026-08-16,2025-09-19,NEAR_EXPIRY,NONE
INV-004276,MED-016,Ibuprofen 400mg,Analgesic,BAT-016-109,PHARM-011,165,28.0,2026-09-22,2026-04-13,AVAILABLE,NONE
INV-004277,MED-029,Rabeprazole 20mg,Gastrointestinal,BAT-029-514,PHARM-011,30,75.0,2026-09-03,2026-06-15,NEAR_EXPIRY,NONE
INV-004278,MED-059,Empagliflozin 25mg,Antidiabetic,BAT-059-872,PHARM-011,128,290.0,2026-09-01,2026-02-15,NEAR_EXPIRY,NONE
INV-004279,MED-023,Vildagliptin 50mg,Antidiabetic,BAT-023-327,PHARM-011,162,175.0,2026-08-24,2025-12-10,NEAR_EXPIRY,NONE
INV-004280,MED-050,Loperamide 2mg,Gastrointestinal,BAT-050-385,PHARM-011,231,18.0,2027-05-06,2026-07-07,AVAILABLE,NONE
INV-004281,MED-045,Calcium 500mg + Vitamin D3,Nutritional,BAT-045-378,PHARM-011,110,65.0,2026-09-17,2025-10-27,AVAILABLE,NONE
INV-004282,MED-056,Bisoprolol 2.5mg,Cardiovascular,BAT-056-834,PHARM-011,83,72.0,2026-09-29,2025-09-27,AVAILABLE,NONE
INV-004283,MED-034,Methylprednisolone 16mg,Steroid,BAT-034-478,PHARM-011,125,110.0,2027-05-06,2026-02-24,AVAILABLE,NONE
INV-004284,MED-010,Omeprazole 20mg,Gastrointestinal,BAT-010-302,PHARM-011,153,55.0,2026-08-23,2026-05-11,NEAR_EXPIRY,NONE
INV-004285,MED-039,Hydrochlorothiazide 12.5mg,Cardiovascular,BAT-039-894,PHARM-011,92,24.0,2027-05-10,2025-08-30,AVAILABLE,NONE
INV-004286,MED-038,Fexofenadine 120mg,Antihistamine,BAT-038-175,PHARM-011,447,82.0,2026-08-31,2026-05-10,NEAR_EXPIRY,NONE
INV-004287,MED-058,Sitagliptin 100mg,Antidiabetic,BAT-058-278,PHARM-011,67,240.0,2027-02-22,2026-05-07,AVAILABLE,NONE
INV-004288,MED-039,Hydrochlorothiazide 12.5mg,Cardiovascular,BAT-039-637,PHARM-011,82,24.0,2026-08-18,2025-12-29,NEAR_EXPIRY,NONE
INV-004289,MED-027,Aspirin 75mg Gastro-resistant,Cardiovascular,BAT-027-507,PHARM-011,169,22.0,2027-08-01,2026-06-08,AVAILABLE,NONE
INV-004290,MED-027,Aspirin 75mg Gastro-resistant,Cardiovascular,BAT-027-281,PHARM-011,176,22.0,2027-04-25,2026-04-10,AVAILABLE,NONE
INV-004291,MED-038,Fexofenadine 120mg,Antihistamine,BAT-038-715,PHARM-011,174,82.0,2026-10-07,2026-04-27,AVAILABLE,NONE
INV-004292,MED-051,Metronidazole 400mg,Antibiotic,BAT-051-851,PHARM-011,172,32.0,2026-09-01,2025-10-08,NEAR_EXPIRY,NONE
INV-004293,MED-036,Prednisolone 10mg,Steroid,BAT-036-627,PHARM-011,176,30.0,2027-06-01,2025-11-20,AVAILABLE,NONE
INV-004294,MED-012,Ciprofloxacin 500mg,Antibiotic,BAT-012-481,PHARM-011,83,65.0,2026-08-06,2025-12-05,EXPIRED,NONE
INV-004295,MED-017,Tramadol 50mg,Analgesic,BAT-017-637,PHARM-011,249,90.0,2026-07-28,2026-04-18,EXPIRED,NONE
INV-004296,MED-039,Hydrochlorothiazide 12.5mg,Cardiovascular,BAT-039-932,PHARM-011,449,24.0,2026-08-16,2026-03-11,NEAR_EXPIRY,NONE
INV-004297,MED-006,Atorvastatin 20mg,Cardiovascular,BAT-006-258,PHARM-011,21,95.0,2026-09-14,2026-05-12,AVAILABLE,NONE
INV-004298,MED-058,Sitagliptin 100mg,Antidiabetic,BAT-058-168,PHARM-011,169,240.0,2026-09-11,2026-02-17,NEAR_EXPIRY,NONE
INV-004299,MED-010,Omeprazole 20mg,Gastrointestinal,BAT-010-960,PHARM-011,222,55.0,2026-11-17,2025-09-03,AVAILABLE,NONE
INV-004300,MED-020,Piperacillin + Tazobactam 4.5g,Antibiotic,BAT-020-858,PHARM-011,207,490.0,2027-03-08,2026-03-21,AVAILABLE,NONE
INV-004301,MED-060,Albumin Human 20% 100ml,Critical Care,BAT-060-677,PHARM-011,332,3200.0,2026-08-25,2026-06-09,NEAR_EXPIRY,NONE
INV-004302,MED-032,Linezolid 600mg,Antibiotic,BAT-032-429,PHARM-011,140,340.0,2027-07-19,2026-04-29,AVAILABLE,NONE
INV-004303,MED-009,Pantoprazole 40mg,Gastrointestinal,BAT-009-133,PHARM-011,184,85.0,2026-09-27,2025-09-16,AVAILABLE,NONE
INV-004304,MED-021,Losartan 50mg,Cardiovascular,BAT-021-952,PHARM-011,40,62.0,2026-09-12,2025-12-31,NEAR_EXPIRY,NONE
INV-004305,MED-022,Glimepiride 2mg,Antidiabetic,BAT-022-735,PHARM-011,79,52.0,2026-08-02,2026-04-29,EXPIRED,NONE
INV-004306,MED-022,Glimepiride 2mg,Antidiabetic,BAT-022-951,PHARM-011,129,52.0,2026-07-13,2026-03-19,EXPIRED,NONE
INV-004307,MED-028,Ondansetron 4mg,Gastrointestinal,BAT-028-723,PHARM-011,163,42.0,2026-09-22,2026-05-24,AVAILABLE,NONE
INV-004308,MED-058,Sitagliptin 100mg,Antidiabetic,BAT-058-735,PHARM-011,58,240.0,2026-08-19,2025-12-22,NEAR_EXPIRY,NONE
INV-004309,MED-026,Clopidogrel 75mg,Cardiovascular,BAT-026-646,PHARM-011,141,88.0,2026-11-26,2026-05-09,AVAILABLE,NONE
INV-004310,MED-043,Sertraline 50mg,Psychiatric,BAT-043-473,PHARM-011,134,105.0,2026-09-14,2026-03-12,AVAILABLE,NONE
INV-004311,MED-040,Spironolactone 25mg,Cardiovascular,BAT-040-518,PHARM-011,135,48.0,2026-08-19,2025-12-18,NEAR_EXPIRY,NONE
INV-004312,MED-010,Omeprazole 20mg,Gastrointestinal,BAT-010-875,PHARM-011,237,55.0,2027-03-11,2025-08-21,AVAILABLE,NONE
INV-004313,MED-055,Betamethasone 0.5mg,Steroid,BAT-055-106,PHARM-011,230,15.0,2026-08-31,2026-02-07,NEAR_EXPIRY,NONE
INV-004314,MED-011,Cefixime 200mg,Antibiotic,BAT-011-425,PHARM-011,69,140.0,2027-09-15,2026-03-22,AVAILABLE,NONE
INV-004315,MED-031,Levofloxacin 500mg,Antibiotic,BAT-031-776,PHARM-011,53,95.0,2026-09-03,2025-09-02,NEAR_EXPIRY,NONE
INV-004316,MED-032,Linezolid 600mg,Antibiotic,BAT-032-607,PHARM-011,147,340.0,2026-09-16,2026-04-06,AVAILABLE,NONE
INV-004317,MED-023,Vildagliptin 50mg,Antidiabetic,BAT-023-163,PHARM-011,167,175.0,2026-10-08,2026-03-22,AVAILABLE,NONE
INV-004318,MED-049,Aceclofenac + Paracetamol,Analgesic,BAT-049-779,PHARM-011,197,60.0,2026-12-28,2026-04-15,AVAILABLE,NONE
INV-004319,MED-022,Glimepiride 2mg,Antidiabetic,BAT-022-953,PHARM-011,172,52.0,2027-08-08,2025-08-31,AVAILABLE,NONE
INV-004320,MED-047,Iron + Folic Acid Tablets,Nutritional,BAT-047-172,PHARM-011,16,50.0,2026-08-18,2025-09-16,NEAR_EXPIRY,NONE
INV-004321,MED-013,Montelukast + Levocetirizine,Respiratory,BAT-013-405,PHARM-011,90,115.0,2027-03-21,2026-04-12,AVAILABLE,NONE
INV-004322,MED-055,Betamethasone 0.5mg,Steroid,BAT-055-559,PHARM-011,219,15.0,2026-09-14,2026-02-19,AVAILABLE,NONE
INV-004323,MED-018,Enoxaparin 40mg Injection,Cardiovascular,BAT-018-605,PHARM-011,126,450.0,2026-07-10,2025-12-07,EXPIRED,NONE
INV-004324,MED-056,Bisoprolol 2.5mg,Cardiovascular,BAT-056-231,PHARM-011,51,72.0,2026-08-24,2026-03-22,NEAR_EXPIRY,NONE
INV-004325,MED-027,Aspirin 75mg Gastro-resistant,Cardiovascular,BAT-027-429,PHARM-011,38,22.0,2027-08-21,2026-06-06,AVAILABLE,NONE
INV-004326,MED-031,Levofloxacin 500mg,Antibiotic,BAT-031-744,PHARM-012,238,95.0,2027-07-26,2026-06-28,AVAILABLE,NONE
INV-004327,MED-050,Loperamide 2mg,Gastrointestinal,BAT-050-465,PHARM-012,188,18.0,2026-09-21,2026-05-31,AVAILABLE,NONE
INV-004328,MED-011,Cefixime 200mg,Antibiotic,BAT-011-984,PHARM-012,88,140.0,2026-09-16,2025-10-13,AVAILABLE,NONE
INV-004329,MED-023,Vildagliptin 50mg,Antidiabetic,BAT-023-492,PHARM-012,174,175.0,2026-11-01,2026-04-08,AVAILABLE,NONE
INV-004330,MED-053,Itraconazole 100mg,Antifungal,BAT-053-175,PHARM-012,20,165.0,2027-07-01,2025-10-03,AVAILABLE,NONE
INV-004331,MED-023,Vildagliptin 50mg,Antidiabetic,BAT-023-454,PHARM-012,102,175.0,2026-12-01,2025-10-10,AVAILABLE,NONE
INV-004332,MED-058,Sitagliptin 100mg,Antidiabetic,BAT-058-955,PHARM-012,150,240.0,2026-09-13,2025-11-26,NEAR_EXPIRY,NONE
INV-004333,MED-016,Ibuprofen 400mg,Analgesic,BAT-016-716,PHARM-012,185,28.0,2026-11-07,2026-05-17,AVAILABLE,NONE
INV-004334,MED-032,Linezolid 600mg,Antibiotic,BAT-032-940,PHARM-012,22,340.0,2026-07-26,2025-11-15,EXPIRED,NONE
INV-004335,MED-038,Fexofenadine 120mg,Antihistamine,BAT-038-351,PHARM-012,248,82.0,2027-03-26,2026-07-09,AVAILABLE,NONE
INV-004336,MED-020,Piperacillin + Tazobactam 4.5g,Antibiotic,BAT-020-220,PHARM-012,354,490.0,2026-08-22,2025-10-12,NEAR_EXPIRY,NONE
INV-004337,MED-035,Dexamethasone 4mg Injection,Steroid,BAT-035-253,PHARM-012,103,25.0,2026-08-19,2026-04-15,NEAR_EXPIRY,NONE
INV-004338,MED-026,Clopidogrel 75mg,Cardiovascular,BAT-026-887,PHARM-012,81,88.0,2026-11-03,2026-04-24,AVAILABLE,NONE
INV-004339,MED-033,Vancomycin 500mg Injection,Antibiotic,BAT-033-480,PHARM-012,91,420.0,2026-10-05,2025-10-10,AVAILABLE,NONE
INV-004340,MED-041,Alprazolam 0.5mg,Psychiatric,BAT-041-810,PHARM-012,158,35.0,2027-07-14,2026-07-05,AVAILABLE,NONE
INV-004341,MED-001,Paracetamol 650mg,Analgesic,BAT-001-255,PHARM-012,136,32.5,2026-09-10,2025-12-27,NEAR_EXPIRY,NONE
INV-004342,MED-019,Meropenem 1g Injection,Antibiotic,BAT-019-808,PHARM-012,241,850.0,2027-01-27,2025-12-04,AVAILABLE,NONE
INV-004343,MED-014,Salbutamol Inhaler 100mcg,Respiratory,BAT-014-839,PHARM-012,14,160.0,2026-09-04,2026-03-16,NEAR_EXPIRY,NONE
INV-004344,MED-039,Hydrochlorothiazide 12.5mg,Cardiovascular,BAT-039-579,PHARM-012,26,24.0,2026-08-22,2026-02-12,NEAR_EXPIRY,NONE
INV-004345,MED-049,Aceclofenac + Paracetamol,Analgesic,BAT-049-887,PHARM-012,204,60.0,2026-09-30,2025-12-06,AVAILABLE,NONE
INV-004346,MED-039,Hydrochlorothiazide 12.5mg,Cardiovascular,BAT-039-671,PHARM-012,172,24.0,2026-11-04,2025-11-10,AVAILABLE,NONE
INV-004347,MED-011,Cefixime 200mg,Antibiotic,BAT-011-142,PHARM-012,43,140.0,2026-10-03,2026-05-16,AVAILABLE,NONE
INV-004348,MED-035,Dexamethasone 4mg Injection,Steroid,BAT-035-959,PHARM-012,241,25.0,2027-03-07,2025-08-27,AVAILABLE,NONE
INV-004349,MED-015,Budesonide Inhaler 200mcg,Respiratory,BAT-015-180,PHARM-012,87,280.0,2026-08-21,2026-05-29,NEAR_EXPIRY,NONE
INV-004350,MED-025,Rosuvastatin 10mg,Cardiovascular,BAT-025-202,PHARM-012,27,110.0,2026-08-30,2026-05-27,NEAR_EXPIRY,NONE
INV-004351,MED-022,Glimepiride 2mg,Antidiabetic,BAT-022-266,PHARM-012,352,52.0,2026-09-12,2025-12-23,NEAR_EXPIRY,NONE
INV-004352,MED-026,Clopidogrel 75mg,Cardiovascular,BAT-026-133,PHARM-012,57,88.0,2027-01-03,2026-02-14,AVAILABLE,NONE
INV-004353,MED-002,Amoxicillin + Clavulanate 625mg,Antibiotic,BAT-002-421,PHARM-012,193,185.0,2026-09-29,2026-03-22,AVAILABLE,NONE
INV-004354,MED-001,Paracetamol 650mg,Analgesic,BAT-001-587,PHARM-012,202,32.5,2027-04-18,2025-11-13,AVAILABLE,NONE
INV-004355,MED-018,Enoxaparin 40mg Injection,Cardiovascular,BAT-018-403,PHARM-012,241,450.0,2026-11-12,2025-11-12,AVAILABLE,NONE
INV-004356,MED-035,Dexamethasone 4mg Injection,Steroid,BAT-035-795,PHARM-012,40,25.0,2027-01-22,2026-05-06,AVAILABLE,NONE
INV-004357,MED-029,Rabeprazole 20mg,Gastrointestinal,BAT-029-868,PHARM-012,36,75.0,2026-08-24,2026-06-13,NEAR_EXPIRY,NONE
INV-004358,MED-037,Cetirizine 10mg,Antihistamine,BAT-037-378,PHARM-012,225,20.0,2027-06-19,2025-12-12,AVAILABLE,NONE
INV-004359,MED-025,Rosuvastatin 10mg,Cardiovascular,BAT-025-517,PHARM-012,83,110.0,2027-01-14,2026-05-09,AVAILABLE,NONE
INV-004360,MED-021,Losartan 50mg,Cardiovascular,BAT-021-819,PHARM-012,21,62.0,2026-08-22,2025-09-23,NEAR_EXPIRY,NONE
INV-004361,MED-009,Pantoprazole 40mg,Gastrointestinal,BAT-009-867,PHARM-012,97,85.0,2026-07-10,2025-12-31,EXPIRED,NONE
INV-004362,MED-002,Amoxicillin + Clavulanate 625mg,Antibiotic,BAT-002-232,PHARM-012,134,185.0,2026-10-01,2026-01-05,AVAILABLE,NONE
INV-004363,MED-001,Paracetamol 650mg,Analgesic,BAT-001-321,PHARM-012,104,32.5,2026-09-15,2025-12-29,AVAILABLE,NONE
INV-004364,MED-060,Albumin Human 20% 100ml,Critical Care,BAT-060-932,PHARM-012,151,3200.0,2026-08-23,2026-06-19,NEAR_EXPIRY,NONE
INV-004365,MED-054,Ranitidine 150mg,Gastrointestinal,BAT-054-108,PHARM-012,247,25.0,2026-07-11,2026-01-07,EXPIRED,NONE
INV-004366,MED-042,Escitalopram 10mg,Psychiatric,BAT-042-189,PHARM-012,22,85.0,2026-10-10,2025-08-25,AVAILABLE,NONE
INV-004367,MED-040,Spironolactone 25mg,Cardiovascular,BAT-040-658,PHARM-012,16,48.0,2026-08-21,2025-09-18,NEAR_EXPIRY,NONE
INV-004368,MED-011,Cefixime 200mg,Antibiotic,BAT-011-160,PHARM-012,113,140.0,2026-09-18,2026-03-16,AVAILABLE,NONE
INV-004369,MED-009,Pantoprazole 40mg,Gastrointestinal,BAT-009-123,PHARM-012,101,85.0,2026-08-27,2025-09-07,NEAR_EXPIRY,NONE
INV-004370,MED-049,Aceclofenac + Paracetamol,Analgesic,BAT-049-479,PHARM-012,113,60.0,2026-10-03,2025-09-27,AVAILABLE,NONE
INV-004371,MED-015,Budesonide Inhaler 200mcg,Respiratory,BAT-015-978,PHARM-012,67,280.0,2026-10-10,2026-05-19,AVAILABLE,NONE
INV-004372,MED-026,Clopidogrel 75mg,Cardiovascular,BAT-026-142,PHARM-012,130,88.0,2026-10-01,2026-06-20,AVAILABLE,NONE
INV-004373,MED-003,Azithromycin 500mg,Antibiotic,BAT-003-236,PHARM-012,125,120.0,2026-09-06,2025-11-20,NEAR_EXPIRY,NONE
INV-004374,MED-017,Tramadol 50mg,Analgesic,BAT-017-930,PHARM-012,55,90.0,2027-08-12,2026-02-26,AVAILABLE,NONE
INV-004375,MED-003,Azithromycin 500mg,Antibiotic,BAT-003-426,PHARM-012,92,120.0,2027-08-19,2026-02-19,AVAILABLE,NONE
INV-004376,MED-045,Calcium 500mg + Vitamin D3,Nutritional,BAT-045-392,PHARM-012,361,65.0,2026-08-24,2026-01-28,NEAR_EXPIRY,NONE
INV-004377,MED-008,Amlodipine 5mg,Cardiovascular,BAT-008-835,PHARM-012,181,38.0,2026-09-25,2025-10-08,AVAILABLE,NONE
INV-004378,MED-023,Vildagliptin 50mg,Antidiabetic,BAT-023-642,PHARM-012,134,175.0,2026-08-31,2026-03-29,NEAR_EXPIRY,NONE
INV-004379,MED-011,Cefixime 200mg,Antibiotic,BAT-011-987,PHARM-012,114,140.0,2026-10-05,2026-04-21,AVAILABLE,NONE
INV-004380,MED-010,Omeprazole 20mg,Gastrointestinal,BAT-010-226,PHARM-012,100,55.0,2026-09-15,2025-11-05,AVAILABLE,NONE
INV-004381,MED-045,Calcium 500mg + Vitamin D3,Nutritional,BAT-045-517,PHARM-012,46,65.0,2026-07-18,2026-01-02,EXPIRED,NONE
INV-004382,MED-052,Fluconazole 150mg,Antifungal,BAT-052-530,PHARM-012,164,45.0,2026-09-04,2026-05-05,NEAR_EXPIRY,NONE
INV-004383,MED-029,Rabeprazole 20mg,Gastrointestinal,BAT-029-984,PHARM-012,38,75.0,2026-08-18,2025-08-22,NEAR_EXPIRY,NONE
INV-004384,MED-013,Montelukast + Levocetirizine,Respiratory,BAT-013-461,PHARM-012,10,115.0,2026-09-02,2026-06-13,NEAR_EXPIRY,NONE
INV-004385,MED-044,Thyroxine Sodium 50mcg,Endocrine,BAT-044-104,PHARM-012,205,125.0,2026-10-05,2026-06-11,AVAILABLE,NONE
INV-004386,MED-041,Alprazolam 0.5mg,Psychiatric,BAT-041-192,PHARM-012,100,35.0,2026-09-17,2025-12-11,AVAILABLE,NONE
INV-004387,MED-028,Ondansetron 4mg,Gastrointestinal,BAT-028-155,PHARM-012,35,42.0,2026-10-02,2026-01-19,AVAILABLE,NONE
INV-004388,MED-024,Dapagliflozin 10mg,Antidiabetic,BAT-024-232,PHARM-012,112,220.0,2026-08-24,2026-04-15,NEAR_EXPIRY,NONE
INV-004389,MED-020,Piperacillin + Tazobactam 4.5g,Antibiotic,BAT-020-552,PHARM-012,387,490.0,2026-09-13,2025-09-28,NEAR_EXPIRY,NONE
INV-004390,MED-024,Dapagliflozin 10mg,Antidiabetic,BAT-024-318,PHARM-012,197,220.0,2027-03-26,2026-05-27,AVAILABLE,NONE
INV-004391,MED-059,Empagliflozin 25mg,Antidiabetic,BAT-059-578,PHARM-012,51,290.0,2026-07-15,2025-09-20,EXPIRED,NONE
INV-004392,MED-037,Cetirizine 10mg,Antihistamine,BAT-037-852,PHARM-012,183,20.0,2027-07-09,2026-06-05,AVAILABLE,NONE
INV-004393,MED-037,Cetirizine 10mg,Antihistamine,BAT-037-644,PHARM-012,96,20.0,2026-10-07,2025-12-24,AVAILABLE,NONE
INV-004394,MED-055,Betamethasone 0.5mg,Steroid,BAT-055-835,PHARM-012,104,15.0,2026-09-27,2025-12-20,AVAILABLE,NONE
INV-004395,MED-025,Rosuvastatin 10mg,Cardiovascular,BAT-025-226,PHARM-012,267,110.0,2026-09-01,2025-10-05,NEAR_EXPIRY,NONE
INV-004396,MED-043,Sertraline 50mg,Psychiatric,BAT-043-672,PHARM-012,21,105.0,2026-08-22,2025-11-22,NEAR_EXPIRY,NONE
INV-004397,MED-016,Ibuprofen 400mg,Analgesic,BAT-016-863,PHARM-012,158,28.0,2026-11-28,2025-11-13,AVAILABLE,NONE
INV-004398,MED-017,Tramadol 50mg,Analgesic,BAT-017-350,PHARM-012,164,90.0,2026-12-04,2026-07-12,AVAILABLE,NONE
INV-004399,MED-012,Ciprofloxacin 500mg,Antibiotic,BAT-012-267,PHARM-012,145,65.0,2026-09-27,2026-07-02,AVAILABLE,NONE
INV-004400,MED-016,Ibuprofen 400mg,Analgesic,BAT-016-322,PHARM-012,196,28.0,2026-12-26,2026-04-09,AVAILABLE,NONE
INV-004401,MED-046,Vitamin B-Complex + B12,Nutritional,BAT-046-718,PHARM-012,103,40.0,2026-09-12,2025-11-12,NEAR_EXPIRY,NONE
INV-004402,MED-019,Meropenem 1g Injection,Antibiotic,BAT-019-365,PHARM-012,39,850.0,2026-08-19,2026-06-25,NEAR_EXPIRY,NONE
INV-004403,MED-049,Aceclofenac + Paracetamol,Analgesic,BAT-049-267,PHARM-012,116,60.0,2027-06-06,2025-12-25,AVAILABLE,NONE
INV-004404,MED-040,Spironolactone 25mg,Cardiovascular,BAT-040-980,PHARM-012,62,48.0,2027-02-23,2025-09-15,AVAILABLE,NONE
INV-004405,MED-029,Rabeprazole 20mg,Gastrointestinal,BAT-029-584,PHARM-012,60,75.0,2026-10-06,2026-03-16,AVAILABLE,NONE
INV-004406,MED-015,Budesonide Inhaler 200mcg,Respiratory,BAT-015-838,PHARM-012,56,280.0,2027-09-12,2025-10-15,AVAILABLE,NONE
INV-004407,MED-003,Azithromycin 500mg,Antibiotic,BAT-003-239,PHARM-012,167,120.0,2026-10-25,2026-03-15,AVAILABLE,NONE
INV-004408,MED-007,Telmisartan 40mg,Cardiovascular,BAT-007-357,PHARM-012,68,78.0,2026-07-05,2026-07-15,EXPIRED,NONE
INV-004409,MED-015,Budesonide Inhaler 200mcg,Respiratory,BAT-015-879,PHARM-012,55,280.0,2026-09-23,2026-04-17,AVAILABLE,NONE
INV-004410,MED-014,Salbutamol Inhaler 100mcg,Respiratory,BAT-014-404,PHARM-012,171,160.0,2027-08-19,2025-11-04,AVAILABLE,NONE
INV-004411,MED-034,Methylprednisolone 16mg,Steroid,BAT-034-252,PHARM-012,143,110.0,2026-07-01,2025-09-07,EXPIRED,NONE
INV-004412,MED-022,Glimepiride 2mg,Antidiabetic,BAT-022-939,PHARM-012,235,52.0,2027-03-31,2026-02-01,AVAILABLE,NONE
INV-004413,MED-018,Enoxaparin 40mg Injection,Cardiovascular,BAT-018-806,PHARM-012,163,450.0,2026-08-18,2026-01-21,NEAR_EXPIRY,NONE
INV-004414,MED-037,Cetirizine 10mg,Antihistamine,BAT-037-806,PHARM-012,161,20.0,2026-09-20,2025-09-07,AVAILABLE,NONE
INV-004415,MED-015,Budesonide Inhaler 200mcg,Respiratory,BAT-015-227,PHARM-012,221,280.0,2026-07-19,2026-06-30,EXPIRED,NONE
INV-004416,MED-019,Meropenem 1g Injection,Antibiotic,BAT-019-351,PHARM-012,218,850.0,2027-01-16,2026-03-28,AVAILABLE,NONE
INV-004417,MED-049,Aceclofenac + Paracetamol,Analgesic,BAT-049-542,PHARM-012,52,60.0,2026-12-30,2025-08-29,AVAILABLE,NONE
INV-004418,MED-032,Linezolid 600mg,Antibiotic,BAT-032-560,PHARM-012,39,340.0,2026-09-20,2025-11-18,AVAILABLE,NONE
INV-004419,MED-027,Aspirin 75mg Gastro-resistant,Cardiovascular,BAT-027-843,PHARM-012,121,22.0,2026-10-31,2025-10-29,AVAILABLE,NONE
INV-004420,MED-026,Clopidogrel 75mg,Cardiovascular,BAT-026-405,PHARM-012,20,88.0,2026-07-16,2025-11-13,EXPIRED,NONE
INV-004421,MED-014,Salbutamol Inhaler 100mcg,Respiratory,BAT-014-671,PHARM-012,224,160.0,2026-07-20,2026-01-11,EXPIRED,NONE
INV-004422,MED-003,Azithromycin 500mg,Antibiotic,BAT-003-443,PHARM-012,234,120.0,2026-09-10,2025-09-04,NEAR_EXPIRY,NONE
INV-004423,MED-019,Meropenem 1g Injection,Antibiotic,BAT-019-186,PHARM-012,201,850.0,2026-10-09,2026-06-26,AVAILABLE,NONE
INV-004424,MED-020,Piperacillin + Tazobactam 4.5g,Antibiotic,BAT-020-845,PHARM-012,372,490.0,2026-08-18,2026-06-18,NEAR_EXPIRY,NONE
INV-004425,MED-056,Bisoprolol 2.5mg,Cardiovascular,BAT-056-544,PHARM-012,149,72.0,2027-04-19,2025-11-15,AVAILABLE,NONE
INV-004426,MED-011,Cefixime 200mg,Antibiotic,BAT-011-538,PHARM-012,165,140.0,2026-09-25,2025-11-25,AVAILABLE,NONE
INV-004427,MED-060,Albumin Human 20% 100ml,Critical Care,BAT-060-102,PHARM-012,235,3200.0,2026-10-21,2025-12-07,AVAILABLE,NONE
INV-004428,MED-003,Azithromycin 500mg,Antibiotic,BAT-003-350,PHARM-012,141,120.0,2026-08-19,2025-12-20,NEAR_EXPIRY,NONE
INV-004429,MED-057,Carvedilol 6.25mg,Cardiovascular,BAT-057-914,PHARM-012,92,54.0,2026-11-19,2026-03-03,AVAILABLE,NONE
INV-004430,MED-037,Cetirizine 10mg,Antihistamine,BAT-037-558,PHARM-012,226,20.0,2026-09-06,2026-03-01,NEAR_EXPIRY,NONE
INV-004431,MED-060,Albumin Human 20% 100ml,Critical Care,BAT-060-322,PHARM-012,193,3200.0,2027-08-02,2025-09-18,AVAILABLE,NONE
INV-004432,MED-032,Linezolid 600mg,Antibiotic,BAT-032-866,PHARM-012,235,340.0,2027-03-05,2025-09-24,AVAILABLE,NONE
INV-004433,MED-039,Hydrochlorothiazide 12.5mg,Cardiovascular,BAT-039-908,PHARM-012,208,24.0,2026-09-13,2026-06-06,NEAR_EXPIRY,NONE
INV-004434,MED-048,Diclofenac Sodium 50mg,Analgesic,BAT-048-735,PHARM-012,241,30.0,2026-10-21,2026-02-04,AVAILABLE,NONE
INV-004435,MED-019,Meropenem 1g Injection,Antibiotic,BAT-019-711,PHARM-012,34,850.0,2026-08-18,2026-03-31,NEAR_EXPIRY,NONE
INV-004436,MED-009,Pantoprazole 40mg,Gastrointestinal,BAT-009-234,PHARM-012,248,85.0,2027-02-22,2026-03-24,AVAILABLE,NONE
INV-004437,MED-025,Rosuvastatin 10mg,Cardiovascular,BAT-025-203,PHARM-012,27,110.0,2026-08-20,2026-05-10,NEAR_EXPIRY,NONE
INV-004438,MED-022,Glimepiride 2mg,Antidiabetic,BAT-022-730,PHARM-012,78,52.0,2026-09-24,2026-02-18,AVAILABLE,NONE
INV-004439,MED-017,Tramadol 50mg,Analgesic,BAT-017-116,PHARM-012,195,90.0,2027-01-15,2026-07-13,AVAILABLE,NONE
INV-004440,MED-029,Rabeprazole 20mg,Gastrointestinal,BAT-029-547,PHARM-012,127,75.0,2026-08-16,2026-04-23,NEAR_EXPIRY,NONE
INV-004441,MED-020,Piperacillin + Tazobactam 4.5g,Antibiotic,BAT-020-276,PHARM-012,391,490.0,2026-08-18,2025-08-23,NEAR_EXPIRY,NONE
INV-004442,MED-045,Calcium 500mg + Vitamin D3,Nutritional,BAT-045-603,PHARM-012,154,65.0,2027-06-27,2026-06-13,AVAILABLE,NONE
INV-004443,MED-010,Omeprazole 20mg,Gastrointestinal,BAT-010-231,PHARM-012,159,55.0,2026-10-04,2026-04-02,AVAILABLE,NONE
INV-004444,MED-042,Escitalopram 10mg,Psychiatric,BAT-042-594,PHARM-012,124,85.0,2026-09-08,2026-06-16,NEAR_EXPIRY,NONE
INV-004445,MED-034,Methylprednisolone 16mg,Steroid,BAT-034-150,PHARM-012,198,110.0,2027-01-24,2025-12-31,AVAILABLE,NONE
INV-004446,MED-047,Iron + Folic Acid Tablets,Nutritional,BAT-047-361,PHARM-012,98,50.0,2026-09-26,2025-09-24,AVAILABLE,NONE
INV-004447,MED-030,Doxycycline 100mg,Antibiotic,BAT-030-865,PHARM-012,89,68.0,2026-10-11,2025-09-24,AVAILABLE,NONE
INV-004448,MED-026,Clopidogrel 75mg,Cardiovascular,BAT-026-125,PHARM-012,133,88.0,2026-10-05,2026-01-30,AVAILABLE,NONE
INV-004449,MED-040,Spironolactone 25mg,Cardiovascular,BAT-040-375,PHARM-012,69,48.0,2027-04-30,2025-09-28,AVAILABLE,NONE
INV-004450,MED-057,Carvedilol 6.25mg,Cardiovascular,BAT-057-794,PHARM-012,37,54.0,2026-08-22,2025-10-11,NEAR_EXPIRY,NONE
INV-004451,MED-026,Clopidogrel 75mg,Cardiovascular,BAT-026-923,PHARM-012,35,88.0,2026-07-10,2026-05-15,EXPIRED,NONE
INV-004452,MED-037,Cetirizine 10mg,Antihistamine,BAT-037-244,PHARM-012,51,20.0,2026-08-18,2025-12-14,NEAR_EXPIRY,NONE
INV-004453,MED-021,Losartan 50mg,Cardiovascular,BAT-021-464,PHARM-012,124,62.0,2027-06-30,2026-02-02,AVAILABLE,NONE
INV-004454,MED-018,Enoxaparin 40mg Injection,Cardiovascular,BAT-018-438,PHARM-012,122,450.0,2027-07-08,2025-11-02,AVAILABLE,NONE
INV-004455,MED-021,Losartan 50mg,Cardiovascular,BAT-021-435,PHARM-012,45,62.0,2027-04-12,2026-01-13,AVAILABLE,NONE
INV-004456,MED-012,Ciprofloxacin 500mg,Antibiotic,BAT-012-360,PHARM-012,21,65.0,2026-09-14,2025-11-17,AVAILABLE,NONE
INV-004457,MED-004,Metformin 500mg SR,Antidiabetic,BAT-004-495,PHARM-012,221,45.0,2026-09-30,2025-10-20,AVAILABLE,NONE
INV-004458,MED-052,Fluconazole 150mg,Antifungal,BAT-052-524,PHARM-012,194,45.0,2027-03-12,2025-10-17,AVAILABLE,NONE
INV-004459,MED-004,Metformin 500mg SR,Antidiabetic,BAT-004-465,PHARM-012,85,45.0,2026-09-25,2026-06-09,AVAILABLE,NONE
INV-004460,MED-021,Losartan 50mg,Cardiovascular,BAT-021-209,PHARM-012,37,62.0,2026-08-17,2026-04-28,NEAR_EXPIRY,NONE
INV-004461,MED-050,Loperamide 2mg,Gastrointestinal,BAT-050-624,PHARM-012,95,18.0,2026-10-13,2025-09-17,AVAILABLE,NONE
INV-004462,MED-001,Paracetamol 650mg,Analgesic,BAT-001-247,PHARM-012,204,32.5,2026-09-04,2026-04-03,NEAR_EXPIRY,NONE
INV-004463,MED-050,Loperamide 2mg,Gastrointestinal,BAT-050-338,PHARM-012,206,18.0,2026-11-04,2026-02-03,AVAILABLE,NONE
INV-004464,MED-005,Human Regular Insulin 100IU,Antidiabetic,BAT-005-563,PHARM-012,69,350.0,2027-05-11,2026-07-05,AVAILABLE,NONE
INV-004465,MED-003,Azithromycin 500mg,Antibiotic,BAT-003-737,PHARM-012,59,120.0,2027-02-28,2026-02-13,AVAILABLE,NONE
INV-004466,MED-059,Empagliflozin 25mg,Antidiabetic,BAT-059-317,PHARM-012,64,290.0,2026-09-15,2025-10-26,AVAILABLE,NONE
INV-004467,MED-003,Azithromycin 500mg,Antibiotic,BAT-003-916,PHARM-012,176,120.0,2027-07-17,2026-01-26,AVAILABLE,NONE
INV-004468,MED-048,Diclofenac Sodium 50mg,Analgesic,BAT-048-647,PHARM-012,218,30.0,2026-07-06,2026-03-23,EXPIRED,NONE
INV-004469,MED-056,Bisoprolol 2.5mg,Cardiovascular,BAT-056-384,PHARM-012,53,72.0,2026-09-12,2026-06-10,NEAR_EXPIRY,NONE
INV-004470,MED-041,Alprazolam 0.5mg,Psychiatric,BAT-041-167,PHARM-012,242,35.0,2026-09-29,2025-09-08,AVAILABLE,NONE
INV-004471,MED-055,Betamethasone 0.5mg,Steroid,BAT-055-940,PHARM-012,235,15.0,2026-12-22,2025-09-24,AVAILABLE,NONE
INV-004472,MED-018,Enoxaparin 40mg Injection,Cardiovascular,BAT-018-444,PHARM-012,73,450.0,2026-09-17,2026-04-28,AVAILABLE,NONE
INV-004473,MED-024,Dapagliflozin 10mg,Antidiabetic,BAT-024-498,PHARM-012,19,220.0,2026-08-22,2025-09-06,NEAR_EXPIRY,NONE
INV-004474,MED-030,Doxycycline 100mg,Antibiotic,BAT-030-309,PHARM-012,212,68.0,2027-04-25,2026-01-15,AVAILABLE,NONE
INV-004475,MED-045,Calcium 500mg + Vitamin D3,Nutritional,BAT-045-603,PHARM-012,166,65.0,2026-10-21,2026-02-12,AVAILABLE,NONE
INV-004476,MED-021,Losartan 50mg,Cardiovascular,BAT-021-610,PHARM-012,166,62.0,2026-09-21,2025-08-22,AVAILABLE,NONE
INV-004477,MED-017,Tramadol 50mg,Analgesic,BAT-017-793,PHARM-012,232,90.0,2027-08-09,2026-07-06,AVAILABLE,NONE
INV-004478,MED-041,Alprazolam 0.5mg,Psychiatric,BAT-041-879,PHARM-012,130,35.0,2026-07-02,2025-10-08,EXPIRED,NONE
INV-004479,MED-001,Paracetamol 650mg,Analgesic,BAT-001-272,PHARM-012,30,32.5,2026-08-26,2025-09-03,NEAR_EXPIRY,NONE
INV-004480,MED-006,Atorvastatin 20mg,Cardiovascular,BAT-006-462,PHARM-012,55,95.0,2026-10-08,2025-10-17,AVAILABLE,NONE
INV-004481,MED-022,Glimepiride 2mg,Antidiabetic,BAT-022-633,PHARM-012,24,52.0,2026-10-11,2026-02-22,AVAILABLE,NONE
INV-004482,MED-030,Doxycycline 100mg,Antibiotic,BAT-030-295,PHARM-012,162,68.0,2026-08-16,2026-02-06,NEAR_EXPIRY,NONE
INV-004483,MED-031,Levofloxacin 500mg,Antibiotic,BAT-031-392,PHARM-012,176,95.0,2026-09-25,2025-10-16,AVAILABLE,NONE
INV-004484,MED-024,Dapagliflozin 10mg,Antidiabetic,BAT-024-216,PHARM-012,208,220.0,2026-07-17,2026-02-07,EXPIRED,NONE
INV-004485,MED-018,Enoxaparin 40mg Injection,Cardiovascular,BAT-018-803,PHARM-012,20,450.0,2027-01-25,2025-10-21,AVAILABLE,NONE
INV-004486,MED-033,Vancomycin 500mg Injection,Antibiotic,BAT-033-634,PHARM-012,221,420.0,2027-03-26,2026-05-10,AVAILABLE,NONE
INV-004487,MED-042,Escitalopram 10mg,Psychiatric,BAT-042-632,PHARM-012,47,85.0,2027-03-04,2025-12-25,AVAILABLE,NONE
INV-004488,MED-037,Cetirizine 10mg,Antihistamine,BAT-037-530,PHARM-012,207,20.0,2026-08-29,2026-04-25,NEAR_EXPIRY,NONE
INV-004489,MED-042,Escitalopram 10mg,Psychiatric,BAT-042-469,PHARM-012,121,85.0,2026-09-10,2025-10-08,NEAR_EXPIRY,NONE
INV-004490,MED-027,Aspirin 75mg Gastro-resistant,Cardiovascular,BAT-027-958,PHARM-012,75,22.0,2026-09-07,2025-11-11,NEAR_EXPIRY,NONE
INV-004491,MED-013,Montelukast + Levocetirizine,Respiratory,BAT-013-816,PHARM-012,368,115.0,2026-08-27,2026-07-14,NEAR_EXPIRY,NONE
INV-004492,MED-059,Empagliflozin 25mg,Antidiabetic,BAT-059-797,PHARM-012,319,290.0,2026-09-07,2026-06-01,NEAR_EXPIRY,NONE
INV-004493,MED-033,Vancomycin 500mg Injection,Antibiotic,BAT-033-253,PHARM-012,230,420.0,2027-04-27,2026-02-15,AVAILABLE,NONE
INV-004494,MED-024,Dapagliflozin 10mg,Antidiabetic,BAT-024-941,PHARM-012,179,220.0,2026-09-27,2026-01-22,AVAILABLE,NONE
INV-004495,MED-036,Prednisolone 10mg,Steroid,BAT-036-707,PHARM-012,80,30.0,2026-12-31,2026-07-04,AVAILABLE,NONE
INV-004496,MED-009,Pantoprazole 40mg,Gastrointestinal,BAT-009-571,PHARM-012,359,85.0,2026-09-06,2026-05-03,NEAR_EXPIRY,NONE
INV-004497,MED-038,Fexofenadine 120mg,Antihistamine,BAT-038-127,PHARM-012,140,82.0,2027-02-07,2026-04-29,AVAILABLE,NONE
INV-004498,MED-044,Thyroxine Sodium 50mcg,Endocrine,BAT-044-947,PHARM-012,100,125.0,2026-07-17,2025-09-25,EXPIRED,NONE
INV-004499,MED-053,Itraconazole 100mg,Antifungal,BAT-053-379,PHARM-012,34,165.0,2026-09-28,2025-10-11,AVAILABLE,NONE
INV-004500,MED-043,Sertraline 50mg,Psychiatric,BAT-043-665,PHARM-012,168,105.0,2027-05-30,2026-02-22,AVAILABLE,NONE
INV-004501,MED-021,Losartan 50mg,Cardiovascular,BAT-021-820,PHARM-012,127,62.0,2026-07-16,2026-03-05,EXPIRED,NONE
INV-004502,MED-032,Linezolid 600mg,Antibiotic,BAT-032-421,PHARM-012,60,340.0,2026-09-07,2026-02-05,NEAR_EXPIRY,NONE
INV-004503,MED-048,Diclofenac Sodium 50mg,Analgesic,BAT-048-315,PHARM-012,169,30.0,2026-09-25,2025-11-21,AVAILABLE,NONE
INV-004504,MED-005,Human Regular Insulin 100IU,Antidiabetic,BAT-005-428,PHARM-012,168,350.0,2026-10-01,2025-11-05,AVAILABLE,NONE
INV-004505,MED-020,Piperacillin + Tazobactam 4.5g,Antibiotic,BAT-020-478,PHARM-012,119,490.0,2027-08-31,2025-10-27,AVAILABLE,NONE
INV-004506,MED-011,Cefixime 200mg,Antibiotic,BAT-011-514,PHARM-012,27,140.0,2026-08-30,2025-10-07,NEAR_EXPIRY,NONE
INV-004507,MED-034,Methylprednisolone 16mg,Steroid,BAT-034-123,PHARM-012,122,110.0,2027-06-16,2026-04-27,AVAILABLE,NONE
INV-004508,MED-006,Atorvastatin 20mg,Cardiovascular,BAT-006-254,PHARM-012,47,95.0,2026-10-05,2026-03-16,AVAILABLE,NONE
INV-004509,MED-012,Ciprofloxacin 500mg,Antibiotic,BAT-012-217,PHARM-012,27,65.0,2027-08-18,2025-08-26,AVAILABLE,NONE
INV-004510,MED-041,Alprazolam 0.5mg,Psychiatric,BAT-041-970,PHARM-012,244,35.0,2027-07-21,2026-01-26,AVAILABLE,NONE
INV-004511,MED-052,Fluconazole 150mg,Antifungal,BAT-052-659,PHARM-012,416,45.0,2026-08-19,2026-05-25,NEAR_EXPIRY,NONE
INV-004512,MED-051,Metronidazole 400mg,Antibiotic,BAT-051-880,PHARM-012,228,32.0,2026-09-18,2026-05-26,AVAILABLE,NONE
INV-004513,MED-052,Fluconazole 150mg,Antifungal,BAT-052-127,PHARM-012,119,45.0,2026-07-19,2025-11-07,EXPIRED,NONE
INV-004514,MED-046,Vitamin B-Complex + B12,Nutritional,BAT-046-878,PHARM-012,32,40.0,2026-08-06,2025-09-13,EXPIRED,NONE
INV-004515,MED-030,Doxycycline 100mg,Antibiotic,BAT-030-700,PHARM-012,299,68.0,2026-08-26,2026-05-09,NEAR_EXPIRY,NONE
INV-004516,MED-039,Hydrochlorothiazide 12.5mg,Cardiovascular,BAT-039-336,PHARM-012,161,24.0,2026-09-13,2026-03-23,NEAR_EXPIRY,NONE
INV-004517,MED-039,Hydrochlorothiazide 12.5mg,Cardiovascular,BAT-039-565,PHARM-012,157,24.0,2026-09-01,2026-06-22,NEAR_EXPIRY,NONE
INV-004518,MED-030,Doxycycline 100mg,Antibiotic,BAT-030-623,PHARM-012,220,68.0,2026-09-30,2025-09-04,AVAILABLE,NONE
INV-004519,MED-047,Iron + Folic Acid Tablets,Nutritional,BAT-047-985,PHARM-012,106,50.0,2027-01-19,2026-03-22,AVAILABLE,NONE
INV-004520,MED-023,Vildagliptin 50mg,Antidiabetic,BAT-023-807,PHARM-012,133,175.0,2026-07-13,2025-11-29,EXPIRED,NONE
INV-004521,MED-016,Ibuprofen 400mg,Analgesic,BAT-016-857,PHARM-012,250,28.0,2027-09-15,2026-05-25,AVAILABLE,NONE
INV-004522,MED-057,Carvedilol 6.25mg,Cardiovascular,BAT-057-323,PHARM-012,60,54.0,2026-09-01,2026-05-25,NEAR_EXPIRY,NONE
INV-004523,MED-029,Rabeprazole 20mg,Gastrointestinal,BAT-029-792,PHARM-012,358,75.0,2026-09-11,2026-06-29,NEAR_EXPIRY,NONE
INV-004524,MED-044,Thyroxine Sodium 50mcg,Endocrine,BAT-044-998,PHARM-012,230,125.0,2026-10-06,2026-03-24,AVAILABLE,NONE
INV-004525,MED-018,Enoxaparin 40mg Injection,Cardiovascular,BAT-018-369,PHARM-012,27,450.0,2026-09-07,2026-06-23,NEAR_EXPIRY,NONE
INV-004526,MED-020,Piperacillin + Tazobactam 4.5g,Antibiotic,BAT-020-165,PHARM-012,186,490.0,2026-11-09,2026-02-08,AVAILABLE,NONE
INV-004527,MED-059,Empagliflozin 25mg,Antidiabetic,BAT-059-818,PHARM-012,185,290.0,2027-02-07,2026-05-24,AVAILABLE,NONE
INV-004528,MED-051,Metronidazole 400mg,Antibiotic,BAT-051-430,PHARM-012,283,32.0,2026-08-19,2026-06-20,NEAR_EXPIRY,NONE
INV-004529,MED-049,Aceclofenac + Paracetamol,Analgesic,BAT-049-502,PHARM-012,29,60.0,2026-10-07,2025-10-15,AVAILABLE,NONE
INV-004530,MED-038,Fexofenadine 120mg,Antihistamine,BAT-038-754,PHARM-012,178,82.0,2027-06-01,2025-12-03,AVAILABLE,NONE
INV-004531,MED-029,Rabeprazole 20mg,Gastrointestinal,BAT-029-650,PHARM-012,79,75.0,2026-12-25,2026-06-18,AVAILABLE,NONE
INV-004532,MED-041,Alprazolam 0.5mg,Psychiatric,BAT-041-409,PHARM-012,124,35.0,2026-09-04,2025-08-28,NEAR_EXPIRY,NONE
INV-004533,MED-031,Levofloxacin 500mg,Antibiotic,BAT-031-688,PHARM-012,229,95.0,2026-07-30,2026-02-15,EXPIRED,NONE
INV-004534,MED-050,Loperamide 2mg,Gastrointestinal,BAT-050-533,PHARM-012,36,18.0,2026-10-25,2025-12-09,AVAILABLE,NONE
INV-004535,MED-028,Ondansetron 4mg,Gastrointestinal,BAT-028-323,PHARM-012,75,42.0,2026-09-29,2026-05-08,AVAILABLE,NONE
INV-004536,MED-049,Aceclofenac + Paracetamol,Analgesic,BAT-049-610,PHARM-012,110,60.0,2026-12-13,2025-10-29,AVAILABLE,NONE
INV-004537,MED-038,Fexofenadine 120mg,Antihistamine,BAT-038-610,PHARM-012,61,82.0,2026-10-13,2026-01-09,AVAILABLE,NONE
INV-004538,MED-039,Hydrochlorothiazide 12.5mg,Cardiovascular,BAT-039-820,PHARM-012,46,24.0,2027-02-10,2026-05-01,AVAILABLE,NONE
INV-004539,MED-033,Vancomycin 500mg Injection,Antibiotic,BAT-033-502,PHARM-012,201,420.0,2027-01-28,2025-10-02,AVAILABLE,NONE
INV-004540,MED-003,Azithromycin 500mg,Antibiotic,BAT-003-239,PHARM-012,163,120.0,2027-04-01,2025-09-29,AVAILABLE,NONE
INV-004541,MED-024,Dapagliflozin 10mg,Antidiabetic,BAT-024-822,PHARM-012,78,220.0,2026-10-10,2026-02-10,AVAILABLE,NONE
INV-004542,MED-015,Budesonide Inhaler 200mcg,Respiratory,BAT-015-279,PHARM-012,217,280.0,2026-08-21,2026-02-12,NEAR_EXPIRY,NONE
INV-004543,MED-023,Vildagliptin 50mg,Antidiabetic,BAT-023-741,PHARM-012,130,175.0,2026-10-02,2026-03-07,AVAILABLE,NONE
INV-004544,MED-052,Fluconazole 150mg,Antifungal,BAT-052-498,PHARM-012,96,45.0,2027-01-28,2026-07-03,AVAILABLE,NONE
INV-004545,MED-019,Meropenem 1g Injection,Antibiotic,BAT-019-913,PHARM-012,119,850.0,2027-02-21,2025-12-31,AVAILABLE,NONE
INV-004546,MED-012,Ciprofloxacin 500mg,Antibiotic,BAT-012-844,PHARM-012,141,65.0,2026-09-11,2026-05-14,NEAR_EXPIRY,NONE
INV-004547,MED-042,Escitalopram 10mg,Psychiatric,BAT-042-184,PHARM-012,176,85.0,2026-10-07,2025-08-28,AVAILABLE,NONE
INV-004548,MED-008,Amlodipine 5mg,Cardiovascular,BAT-008-534,PHARM-012,23,38.0,2026-09-24,2026-06-13,AVAILABLE,NONE
INV-004549,MED-011,Cefixime 200mg,Antibiotic,BAT-011-269,PHARM-012,123,140.0,2026-09-17,2026-06-06,AVAILABLE,NONE
INV-004550,MED-037,Cetirizine 10mg,Antihistamine,BAT-037-665,PHARM-012,248,20.0,2026-09-23,2026-06-09,AVAILABLE,NONE
INV-004551,MED-007,Telmisartan 40mg,Cardiovascular,BAT-007-333,PHARM-012,118,78.0,2027-06-16,2026-02-12,AVAILABLE,NONE
INV-004552,MED-045,Calcium 500mg + Vitamin D3,Nutritional,BAT-045-159,PHARM-012,174,65.0,2026-09-08,2025-09-16,NEAR_EXPIRY,NONE
INV-004553,MED-019,Meropenem 1g Injection,Antibiotic,BAT-019-126,PHARM-012,240,850.0,2026-10-07,2026-05-11,AVAILABLE,NONE
INV-004554,MED-009,Pantoprazole 40mg,Gastrointestinal,BAT-009-648,PHARM-012,17,85.0,2026-09-11,2025-12-20,NEAR_EXPIRY,NONE
INV-004555,MED-052,Fluconazole 150mg,Antifungal,BAT-052-255,PHARM-012,109,45.0,2027-09-03,2025-12-10,AVAILABLE,NONE
INV-004556,MED-060,Albumin Human 20% 100ml,Critical Care,BAT-060-867,PHARM-012,169,3200.0,2026-10-04,2026-06-30,AVAILABLE,NONE
INV-004557,MED-025,Rosuvastatin 10mg,Cardiovascular,BAT-025-824,PHARM-012,146,110.0,2026-08-16,2026-04-11,NEAR_EXPIRY,NONE
INV-004558,MED-008,Amlodipine 5mg,Cardiovascular,BAT-008-714,PHARM-012,131,38.0,2027-05-13,2026-01-03,AVAILABLE,NONE
INV-004559,MED-005,Human Regular Insulin 100IU,Antidiabetic,BAT-005-101,PHARM-012,81,350.0,2027-05-03,2026-05-05,AVAILABLE,NONE
INV-004560,MED-018,Enoxaparin 40mg Injection,Cardiovascular,BAT-018-278,PHARM-012,234,450.0,2026-08-21,2026-06-29,NEAR_EXPIRY,NONE
INV-004561,MED-045,Calcium 500mg + Vitamin D3,Nutritional,BAT-045-325,PHARM-012,30,65.0,2026-10-01,2026-02-28,AVAILABLE,NONE
INV-004562,MED-005,Human Regular Insulin 100IU,Antidiabetic,BAT-005-313,PHARM-012,76,350.0,2027-07-24,2025-12-03,AVAILABLE,NONE
INV-004563,MED-058,Sitagliptin 100mg,Antidiabetic,BAT-058-531,PHARM-012,171,240.0,2026-08-22,2025-11-08,NEAR_EXPIRY,NONE
INV-004564,MED-040,Spironolactone 25mg,Cardiovascular,BAT-040-173,PHARM-012,153,48.0,2026-08-17,2026-01-29,NEAR_EXPIRY,NONE
INV-004565,MED-019,Meropenem 1g Injection,Antibiotic,BAT-019-127,PHARM-012,139,850.0,2026-08-16,2025-09-03,NEAR_EXPIRY,NONE
INV-004566,MED-020,Piperacillin + Tazobactam 4.5g,Antibiotic,BAT-020-971,PHARM-012,245,490.0,2027-05-24,2025-12-25,AVAILABLE,NONE
INV-004567,MED-020,Piperacillin + Tazobactam 4.5g,Antibiotic,BAT-020-243,PHARM-012,160,490.0,2026-12-09,2026-01-04,AVAILABLE,NONE
INV-004568,MED-025,Rosuvastatin 10mg,Cardiovascular,BAT-025-352,PHARM-012,75,110.0,2027-04-26,2025-11-07,AVAILABLE,NONE
INV-004569,MED-005,Human Regular Insulin 100IU,Antidiabetic,BAT-005-681,PHARM-012,208,350.0,2027-04-14,2025-09-19,AVAILABLE,NONE
INV-004570,MED-058,Sitagliptin 100mg,Antidiabetic,BAT-058-758,PHARM-012,105,240.0,2027-09-03,2026-01-01,AVAILABLE,NONE
INV-004571,MED-023,Vildagliptin 50mg,Antidiabetic,BAT-023-696,PHARM-012,195,175.0,2026-09-29,2026-04-26,AVAILABLE,NONE
INV-004572,MED-029,Rabeprazole 20mg,Gastrointestinal,BAT-029-484,PHARM-012,175,75.0,2027-03-15,2026-03-03,AVAILABLE,NONE
INV-004573,MED-003,Azithromycin 500mg,Antibiotic,BAT-003-126,PHARM-012,102,120.0,2027-07-21,2026-03-27,AVAILABLE,NONE
INV-004574,MED-001,Paracetamol 650mg,Analgesic,BAT-001-283,PHARM-012,119,32.5,2026-08-28,2026-01-25,NEAR_EXPIRY,NONE
INV-004575,MED-060,Albumin Human 20% 100ml,Critical Care,BAT-060-799,PHARM-012,143,3200.0,2027-05-06,2026-03-07,AVAILABLE,NONE
INV-004576,MED-010,Omeprazole 20mg,Gastrointestinal,BAT-010-284,PHARM-012,166,55.0,2027-02-08,2025-10-15,AVAILABLE,NONE
INV-004577,MED-001,Paracetamol 650mg,Analgesic,BAT-001-407,PHARM-012,36,32.5,2027-02-10,2025-11-17,AVAILABLE,NONE
INV-004578,MED-017,Tramadol 50mg,Analgesic,BAT-017-469,PHARM-012,145,90.0,2026-09-13,2026-02-24,NEAR_EXPIRY,NONE
INV-004579,MED-019,Meropenem 1g Injection,Antibiotic,BAT-019-694,PHARM-012,378,850.0,2026-08-15,2026-04-05,NEAR_EXPIRY,NONE
INV-004580,MED-030,Doxycycline 100mg,Antibiotic,BAT-030-638,PHARM-012,101,68.0,2026-10-10,2025-10-24,AVAILABLE,NONE
INV-004581,MED-014,Salbutamol Inhaler 100mcg,Respiratory,BAT-014-165,PHARM-012,94,160.0,2026-10-18,2026-05-08,AVAILABLE,NONE
INV-004582,MED-001,Paracetamol 650mg,Analgesic,BAT-001-697,PHARM-012,25,32.5,2026-09-05,2026-02-01,NEAR_EXPIRY,NONE
INV-004583,MED-033,Vancomycin 500mg Injection,Antibiotic,BAT-033-298,PHARM-012,148,420.0,2027-04-23,2026-06-19,AVAILABLE,NONE
INV-004584,MED-004,Metformin 500mg SR,Antidiabetic,BAT-004-161,PHARM-012,142,45.0,2027-07-15,2026-05-25,AVAILABLE,NONE
INV-004585,MED-016,Ibuprofen 400mg,Analgesic,BAT-016-187,PHARM-012,20,28.0,2026-08-24,2026-02-06,NEAR_EXPIRY,NONE
INV-004586,MED-017,Tramadol 50mg,Analgesic,BAT-017-334,PHARM-012,63,90.0,2026-09-27,2025-12-06,AVAILABLE,NONE
INV-004587,MED-041,Alprazolam 0.5mg,Psychiatric,BAT-041-206,PHARM-012,39,35.0,2026-10-01,2026-07-08,AVAILABLE,NONE
INV-004588,MED-036,Prednisolone 10mg,Steroid,BAT-036-567,PHARM-012,123,30.0,2026-07-02,2026-05-27,EXPIRED,NONE
INV-004589,MED-041,Alprazolam 0.5mg,Psychiatric,BAT-041-637,PHARM-012,104,35.0,2026-09-18,2026-02-02,AVAILABLE,NONE
INV-004590,MED-049,Aceclofenac + Paracetamol,Analgesic,BAT-049-565,PHARM-012,186,60.0,2026-10-01,2026-06-18,AVAILABLE,NONE
INV-004591,MED-054,Ranitidine 150mg,Gastrointestinal,BAT-054-102,PHARM-012,188,25.0,2027-08-06,2026-05-03,AVAILABLE,NONE
INV-004592,MED-013,Montelukast + Levocetirizine,Respiratory,BAT-013-350,PHARM-012,100,115.0,2026-08-30,2026-06-09,NEAR_EXPIRY,NONE
INV-004593,MED-003,Azithromycin 500mg,Antibiotic,BAT-003-154,PHARM-012,178,120.0,2026-08-16,2026-04-12,NEAR_EXPIRY,NONE
INV-004594,MED-042,Escitalopram 10mg,Psychiatric,BAT-042-807,PHARM-012,192,85.0,2026-10-23,2026-01-25,AVAILABLE,NONE
INV-004595,MED-021,Losartan 50mg,Cardiovascular,BAT-021-950,PHARM-012,13,62.0,2026-08-20,2026-05-06,NEAR_EXPIRY,NONE
INV-004596,MED-002,Amoxicillin + Clavulanate 625mg,Antibiotic,BAT-002-513,PHARM-012,100,185.0,2026-09-17,2025-12-18,AVAILABLE,NONE
INV-004597,MED-005,Human Regular Insulin 100IU,Antidiabetic,BAT-005-362,PHARM-012,56,350.0,2027-07-30,2026-02-02,AVAILABLE,NONE
INV-004598,MED-002,Amoxicillin + Clavulanate 625mg,Antibiotic,BAT-002-197,PHARM-012,72,185.0,2026-09-21,2025-12-22,AVAILABLE,NONE
INV-004599,MED-055,Betamethasone 0.5mg,Steroid,BAT-055-857,PHARM-012,37,15.0,2026-08-16,2025-10-23,NEAR_EXPIRY,NONE
INV-004600,MED-003,Azithromycin 500mg,Antibiotic,BAT-003-427,PHARM-012,53,120.0,2027-08-10,2026-03-19,AVAILABLE,NONE
INV-004601,MED-012,Ciprofloxacin 500mg,Antibiotic,BAT-012-780,PHARM-012,55,65.0,2026-07-20,2026-04-16,EXPIRED,NONE
INV-004602,MED-042,Escitalopram 10mg,Psychiatric,BAT-042-128,PHARM-012,213,85.0,2027-08-24,2026-05-28,AVAILABLE,NONE
INV-004603,MED-003,Azithromycin 500mg,Antibiotic,BAT-003-970,PHARM-012,18,120.0,2026-08-16,2026-06-07,NEAR_EXPIRY,NONE
INV-004604,MED-037,Cetirizine 10mg,Antihistamine,BAT-037-203,PHARM-012,96,20.0,2026-08-27,2026-04-08,NEAR_EXPIRY,NONE
INV-004605,MED-008,Amlodipine 5mg,Cardiovascular,BAT-008-915,PHARM-012,115,38.0,2026-08-20,2026-03-28,NEAR_EXPIRY,NONE
INV-004606,MED-044,Thyroxine Sodium 50mcg,Endocrine,BAT-044-390,PHARM-012,178,125.0,2026-08-17,2026-01-26,NEAR_EXPIRY,NONE
INV-004607,MED-050,Loperamide 2mg,Gastrointestinal,BAT-050-923,PHARM-012,223,18.0,2026-09-27,2026-02-13,AVAILABLE,NONE
INV-004608,MED-001,Paracetamol 650mg,Analgesic,BAT-001-277,PHARM-012,129,32.5,2026-09-27,2026-03-02,AVAILABLE,NONE
INV-004609,MED-013,Montelukast + Levocetirizine,Respiratory,BAT-013-374,PHARM-012,111,115.0,2027-08-08,2026-04-17,AVAILABLE,NONE
INV-004610,MED-016,Ibuprofen 400mg,Analgesic,BAT-016-547,PHARM-012,180,28.0,2026-09-29,2025-11-25,AVAILABLE,NONE
INV-004611,MED-058,Sitagliptin 100mg,Antidiabetic,BAT-058-987,PHARM-012,245,240.0,2026-09-09,2026-03-13,NEAR_EXPIRY,NONE
INV-004612,MED-031,Levofloxacin 500mg,Antibiotic,BAT-031-950,PHARM-012,95,95.0,2026-08-24,2026-03-19,NEAR_EXPIRY,NONE
INV-004613,MED-024,Dapagliflozin 10mg,Antidiabetic,BAT-024-933,PHARM-012,88,220.0,2026-09-16,2026-01-26,AVAILABLE,NONE
INV-004614,MED-032,Linezolid 600mg,Antibiotic,BAT-032-882,PHARM-012,221,340.0,2027-04-21,2025-12-28,AVAILABLE,NONE
INV-004615,MED-016,Ibuprofen 400mg,Analgesic,BAT-016-993,PHARM-012,126,28.0,2026-10-03,2025-08-22,AVAILABLE,NONE
INV-004616,MED-027,Aspirin 75mg Gastro-resistant,Cardiovascular,BAT-027-407,PHARM-012,303,22.0,2026-09-02,2026-05-23,NEAR_EXPIRY,NONE
INV-004617,MED-045,Calcium 500mg + Vitamin D3,Nutritional,BAT-045-479,PHARM-012,119,65.0,2026-09-05,2026-04-25,NEAR_EXPIRY,NONE
INV-004618,MED-028,Ondansetron 4mg,Gastrointestinal,BAT-028-836,PHARM-012,73,42.0,2027-04-05,2026-02-03,AVAILABLE,NONE
INV-004619,MED-036,Prednisolone 10mg,Steroid,BAT-036-694,PHARM-012,38,30.0,2026-08-20,2025-12-19,NEAR_EXPIRY,NONE
INV-004620,MED-010,Omeprazole 20mg,Gastrointestinal,BAT-010-396,PHARM-012,146,55.0,2027-04-30,2026-04-03,AVAILABLE,NONE
INV-004621,MED-060,Albumin Human 20% 100ml,Critical Care,BAT-060-706,PHARM-012,240,3200.0,2026-09-01,2026-04-29,NEAR_EXPIRY,NONE
INV-004622,MED-030,Doxycycline 100mg,Antibiotic,BAT-030-984,PHARM-012,70,68.0,2027-05-16,2025-08-19,AVAILABLE,NONE
INV-004623,MED-048,Diclofenac Sodium 50mg,Analgesic,BAT-048-740,PHARM-012,89,30.0,2027-03-28,2025-10-08,AVAILABLE,NONE
INV-004624,MED-014,Salbutamol Inhaler 100mcg,Respiratory,BAT-014-775,PHARM-012,148,160.0,2026-09-24,2026-02-19,AVAILABLE,NONE
INV-004625,MED-048,Diclofenac Sodium 50mg,Analgesic,BAT-048-539,PHARM-012,125,30.0,2026-10-27,2026-03-11,AVAILABLE,NONE
INV-004626,MED-051,Metronidazole 400mg,Antibiotic,BAT-051-203,PHARM-012,95,32.0,2026-12-28,2025-12-26,AVAILABLE,NONE
INV-004627,MED-037,Cetirizine 10mg,Antihistamine,BAT-037-581,PHARM-012,175,20.0,2026-10-03,2025-09-16,AVAILABLE,NONE
INV-004628,MED-049,Aceclofenac + Paracetamol,Analgesic,BAT-049-877,PHARM-012,126,60.0,2026-11-22,2025-10-09,AVAILABLE,NONE
INV-004629,MED-007,Telmisartan 40mg,Cardiovascular,BAT-007-462,PHARM-012,41,78.0,2027-06-27,2026-03-23,AVAILABLE,NONE
INV-004630,MED-007,Telmisartan 40mg,Cardiovascular,BAT-007-503,PHARM-012,42,78.0,2027-06-07,2025-10-25,AVAILABLE,NONE
INV-004631,MED-002,Amoxicillin + Clavulanate 625mg,Antibiotic,BAT-002-350,PHARM-012,141,185.0,2026-09-20,2026-07-04,AVAILABLE,NONE
INV-004632,MED-009,Pantoprazole 40mg,Gastrointestinal,BAT-009-488,PHARM-012,218,85.0,2026-09-19,2026-06-15,AVAILABLE,NONE
INV-004633,MED-054,Ranitidine 150mg,Gastrointestinal,BAT-054-891,PHARM-012,157,25.0,2027-03-03,2026-07-13,AVAILABLE,NONE
INV-004634,MED-040,Spironolactone 25mg,Cardiovascular,BAT-040-533,PHARM-012,162,48.0,2026-10-23,2025-11-11,AVAILABLE,NONE
INV-004635,MED-058,Sitagliptin 100mg,Antidiabetic,BAT-058-243,PHARM-012,73,240.0,2027-08-03,2025-12-30,AVAILABLE,NONE
INV-004636,MED-008,Amlodipine 5mg,Cardiovascular,BAT-008-234,PHARM-012,220,38.0,2027-05-05,2026-05-14,AVAILABLE,NONE
INV-004637,MED-013,Montelukast + Levocetirizine,Respiratory,BAT-013-706,PHARM-012,121,115.0,2027-05-28,2026-02-13,AVAILABLE,NONE
INV-004638,MED-012,Ciprofloxacin 500mg,Antibiotic,BAT-012-431,PHARM-012,299,65.0,2026-08-26,2025-08-21,NEAR_EXPIRY,NONE
INV-004639,MED-019,Meropenem 1g Injection,Antibiotic,BAT-019-452,PHARM-012,29,850.0,2026-08-28,2025-12-20,NEAR_EXPIRY,NONE
INV-004640,MED-048,Diclofenac Sodium 50mg,Analgesic,BAT-048-699,PHARM-012,22,30.0,2026-09-23,2025-09-17,AVAILABLE,NONE
INV-004641,MED-026,Clopidogrel 75mg,Cardiovascular,BAT-026-940,PHARM-013,246,88.0,2026-09-12,2025-09-25,NEAR_EXPIRY,NONE
INV-004642,MED-027,Aspirin 75mg Gastro-resistant,Cardiovascular,BAT-027-819,PHARM-013,137,22.0,2027-07-31,2025-12-31,AVAILABLE,NONE
INV-004643,MED-006,Atorvastatin 20mg,Cardiovascular,BAT-006-735,PHARM-013,26,95.0,2026-10-05,2025-12-18,AVAILABLE,NONE
INV-004644,MED-027,Aspirin 75mg Gastro-resistant,Cardiovascular,BAT-027-798,PHARM-013,17,22.0,2026-09-01,2025-10-07,NEAR_EXPIRY,NONE
INV-004645,MED-025,Rosuvastatin 10mg,Cardiovascular,BAT-025-210,PHARM-013,302,110.0,2026-09-09,2026-04-20,NEAR_EXPIRY,NONE
INV-004646,MED-016,Ibuprofen 400mg,Analgesic,BAT-016-681,PHARM-013,11,28.0,2026-09-09,2025-09-10,NEAR_EXPIRY,NONE
INV-004647,MED-015,Budesonide Inhaler 200mcg,Respiratory,BAT-015-378,PHARM-013,23,280.0,2026-09-12,2026-02-26,NEAR_EXPIRY,NONE
INV-004648,MED-044,Thyroxine Sodium 50mcg,Endocrine,BAT-044-380,PHARM-013,31,125.0,2027-03-07,2025-10-15,AVAILABLE,NONE
INV-004649,MED-053,Itraconazole 100mg,Antifungal,BAT-053-676,PHARM-013,42,165.0,2027-02-26,2025-10-09,AVAILABLE,NONE
INV-004650,MED-047,Iron + Folic Acid Tablets,Nutritional,BAT-047-163,PHARM-013,173,50.0,2027-06-23,2026-06-09,AVAILABLE,NONE
INV-004651,MED-014,Salbutamol Inhaler 100mcg,Respiratory,BAT-014-138,PHARM-013,43,160.0,2027-07-19,2026-06-08,AVAILABLE,NONE
INV-004652,MED-007,Telmisartan 40mg,Cardiovascular,BAT-007-510,PHARM-013,187,78.0,2027-08-06,2026-07-10,AVAILABLE,NONE
INV-004653,MED-046,Vitamin B-Complex + B12,Nutritional,BAT-046-704,PHARM-013,237,40.0,2026-11-07,2026-06-03,AVAILABLE,NONE
INV-004654,MED-020,Piperacillin + Tazobactam 4.5g,Antibiotic,BAT-020-771,PHARM-013,58,490.0,2026-11-02,2026-04-24,AVAILABLE,NONE
INV-004655,MED-034,Methylprednisolone 16mg,Steroid,BAT-034-675,PHARM-013,123,110.0,2026-12-13,2025-12-14,AVAILABLE,NONE
INV-004656,MED-059,Empagliflozin 25mg,Antidiabetic,BAT-059-657,PHARM-013,244,290.0,2026-11-20,2026-06-29,AVAILABLE,NONE
INV-004657,MED-040,Spironolactone 25mg,Cardiovascular,BAT-040-716,PHARM-013,266,48.0,2026-08-26,2026-06-25,NEAR_EXPIRY,NONE
INV-004658,MED-058,Sitagliptin 100mg,Antidiabetic,BAT-058-860,PHARM-013,38,240.0,2026-08-30,2026-01-28,NEAR_EXPIRY,NONE
INV-004659,MED-021,Losartan 50mg,Cardiovascular,BAT-021-302,PHARM-013,142,62.0,2026-10-06,2026-06-07,AVAILABLE,NONE
INV-004660,MED-037,Cetirizine 10mg,Antihistamine,BAT-037-787,PHARM-013,171,20.0,2026-10-13,2026-05-27,AVAILABLE,NONE
INV-004661,MED-007,Telmisartan 40mg,Cardiovascular,BAT-007-310,PHARM-013,225,78.0,2026-08-24,2025-10-10,NEAR_EXPIRY,NONE
INV-004662,MED-057,Carvedilol 6.25mg,Cardiovascular,BAT-057-188,PHARM-013,349,54.0,2026-08-16,2025-11-04,NEAR_EXPIRY,NONE
INV-004663,MED-020,Piperacillin + Tazobactam 4.5g,Antibiotic,BAT-020-967,PHARM-013,138,490.0,2027-03-18,2026-07-07,AVAILABLE,NONE
INV-004664,MED-043,Sertraline 50mg,Psychiatric,BAT-043-988,PHARM-013,27,105.0,2026-08-19,2026-07-13,NEAR_EXPIRY,NONE
INV-004665,MED-008,Amlodipine 5mg,Cardiovascular,BAT-008-235,PHARM-013,96,38.0,2026-10-04,2025-10-15,AVAILABLE,NONE
INV-004666,MED-021,Losartan 50mg,Cardiovascular,BAT-021-239,PHARM-013,217,62.0,2026-11-21,2025-11-09,AVAILABLE,NONE
INV-004667,MED-060,Albumin Human 20% 100ml,Critical Care,BAT-060-722,PHARM-013,237,3200.0,2027-06-14,2026-03-28,AVAILABLE,NONE
INV-004668,MED-033,Vancomycin 500mg Injection,Antibiotic,BAT-033-477,PHARM-013,261,420.0,2026-09-04,2025-11-06,NEAR_EXPIRY,NONE
INV-004669,MED-051,Metronidazole 400mg,Antibiotic,BAT-051-181,PHARM-013,97,32.0,2027-06-26,2026-06-26,AVAILABLE,NONE
INV-004670,MED-040,Spironolactone 25mg,Cardiovascular,BAT-040-213,PHARM-013,263,48.0,2026-08-19,2026-01-02,NEAR_EXPIRY,NONE
INV-004671,MED-010,Omeprazole 20mg,Gastrointestinal,BAT-010-221,PHARM-013,110,55.0,2026-08-23,2026-01-18,NEAR_EXPIRY,NONE
INV-004672,MED-014,Salbutamol Inhaler 100mcg,Respiratory,BAT-014-439,PHARM-013,130,160.0,2026-10-05,2026-06-19,AVAILABLE,NONE
INV-004673,MED-043,Sertraline 50mg,Psychiatric,BAT-043-289,PHARM-013,84,105.0,2026-07-09,2025-12-29,EXPIRED,NONE
INV-004674,MED-053,Itraconazole 100mg,Antifungal,BAT-053-452,PHARM-013,177,165.0,2026-08-17,2026-01-24,NEAR_EXPIRY,NONE
INV-004675,MED-058,Sitagliptin 100mg,Antidiabetic,BAT-058-176,PHARM-013,19,240.0,2026-08-17,2026-07-14,NEAR_EXPIRY,NONE
INV-004676,MED-060,Albumin Human 20% 100ml,Critical Care,BAT-060-824,PHARM-013,200,3200.0,2026-10-03,2025-11-19,AVAILABLE,NONE
INV-004677,MED-040,Spironolactone 25mg,Cardiovascular,BAT-040-382,PHARM-013,111,48.0,2026-10-13,2025-10-22,AVAILABLE,NONE
INV-004678,MED-028,Ondansetron 4mg,Gastrointestinal,BAT-028-499,PHARM-013,40,42.0,2026-09-09,2025-09-09,NEAR_EXPIRY,NONE
INV-004679,MED-024,Dapagliflozin 10mg,Antidiabetic,BAT-024-208,PHARM-013,130,220.0,2027-04-06,2025-09-16,AVAILABLE,NONE
INV-004680,MED-029,Rabeprazole 20mg,Gastrointestinal,BAT-029-456,PHARM-013,34,75.0,2026-09-02,2025-12-22,NEAR_EXPIRY,NONE
INV-004681,MED-055,Betamethasone 0.5mg,Steroid,BAT-055-288,PHARM-013,136,15.0,2026-09-16,2025-11-28,AVAILABLE,NONE
INV-004682,MED-010,Omeprazole 20mg,Gastrointestinal,BAT-010-499,PHARM-013,21,55.0,2026-08-20,2025-12-21,NEAR_EXPIRY,NONE
INV-004683,MED-017,Tramadol 50mg,Analgesic,BAT-017-491,PHARM-013,30,90.0,2026-10-05,2026-07-11,AVAILABLE,NONE
INV-004684,MED-006,Atorvastatin 20mg,Cardiovascular,BAT-006-401,PHARM-013,330,95.0,2026-08-16,2026-02-25,NEAR_EXPIRY,NONE
INV-004685,MED-027,Aspirin 75mg Gastro-resistant,Cardiovascular,BAT-027-981,PHARM-013,26,22.0,2026-09-13,2026-04-14,NEAR_EXPIRY,NONE
INV-004686,MED-057,Carvedilol 6.25mg,Cardiovascular,BAT-057-105,PHARM-013,124,54.0,2027-05-12,2026-07-14,AVAILABLE,NONE
INV-004687,MED-035,Dexamethasone 4mg Injection,Steroid,BAT-035-713,PHARM-013,144,25.0,2026-12-04,2026-06-15,AVAILABLE,NONE
INV-004688,MED-009,Pantoprazole 40mg,Gastrointestinal,BAT-009-649,PHARM-013,63,85.0,2026-07-18,2026-05-04,EXPIRED,NONE
INV-004689,MED-013,Montelukast + Levocetirizine,Respiratory,BAT-013-613,PHARM-013,35,115.0,2026-08-21,2026-05-20,NEAR_EXPIRY,NONE
INV-004690,MED-010,Omeprazole 20mg,Gastrointestinal,BAT-010-665,PHARM-013,203,55.0,2026-08-19,2026-05-01,NEAR_EXPIRY,NONE
INV-004691,MED-018,Enoxaparin 40mg Injection,Cardiovascular,BAT-018-582,PHARM-013,69,450.0,2027-07-10,2026-01-29,AVAILABLE,NONE
INV-004692,MED-023,Vildagliptin 50mg,Antidiabetic,BAT-023-720,PHARM-013,20,175.0,2026-09-15,2025-09-16,AVAILABLE,NONE
INV-004693,MED-018,Enoxaparin 40mg Injection,Cardiovascular,BAT-018-194,PHARM-013,88,450.0,2027-07-24,2026-06-26,AVAILABLE,NONE
INV-004694,MED-029,Rabeprazole 20mg,Gastrointestinal,BAT-029-719,PHARM-013,32,75.0,2026-08-25,2026-05-17,NEAR_EXPIRY,NONE
INV-004695,MED-023,Vildagliptin 50mg,Antidiabetic,BAT-023-783,PHARM-013,69,175.0,2027-03-23,2026-06-30,AVAILABLE,NONE
INV-004696,MED-021,Losartan 50mg,Cardiovascular,BAT-021-898,PHARM-013,216,62.0,2027-01-06,2025-12-01,AVAILABLE,NONE
INV-004697,MED-042,Escitalopram 10mg,Psychiatric,BAT-042-643,PHARM-013,10,85.0,2026-08-21,2025-09-15,NEAR_EXPIRY,NONE
INV-004698,MED-041,Alprazolam 0.5mg,Psychiatric,BAT-041-817,PHARM-013,30,35.0,2027-07-25,2026-01-12,AVAILABLE,NONE
INV-004699,MED-039,Hydrochlorothiazide 12.5mg,Cardiovascular,BAT-039-877,PHARM-013,52,24.0,2026-09-14,2025-11-20,AVAILABLE,NONE
INV-004700,MED-060,Albumin Human 20% 100ml,Critical Care,BAT-060-653,PHARM-013,249,3200.0,2026-10-26,2026-07-07,AVAILABLE,NONE
INV-004701,MED-020,Piperacillin + Tazobactam 4.5g,Antibiotic,BAT-020-204,PHARM-013,134,490.0,2026-09-13,2025-08-31,NEAR_EXPIRY,NONE
INV-004702,MED-005,Human Regular Insulin 100IU,Antidiabetic,BAT-005-727,PHARM-013,221,350.0,2026-12-17,2026-01-26,AVAILABLE,NONE
INV-004703,MED-049,Aceclofenac + Paracetamol,Analgesic,BAT-049-622,PHARM-013,93,60.0,2027-02-25,2026-05-28,AVAILABLE,NONE
INV-004704,MED-031,Levofloxacin 500mg,Antibiotic,BAT-031-669,PHARM-013,207,95.0,2027-03-10,2025-12-18,AVAILABLE,NONE
INV-004705,MED-057,Carvedilol 6.25mg,Cardiovascular,BAT-057-743,PHARM-013,41,54.0,2026-09-19,2026-05-11,AVAILABLE,NONE
INV-004706,MED-042,Escitalopram 10mg,Psychiatric,BAT-042-622,PHARM-013,25,85.0,2027-02-05,2025-10-04,AVAILABLE,NONE
INV-004707,MED-025,Rosuvastatin 10mg,Cardiovascular,BAT-025-327,PHARM-013,163,110.0,2026-10-13,2026-01-20,AVAILABLE,NONE
INV-004708,MED-042,Escitalopram 10mg,Psychiatric,BAT-042-827,PHARM-013,138,85.0,2027-02-07,2026-07-03,AVAILABLE,NONE
INV-004709,MED-036,Prednisolone 10mg,Steroid,BAT-036-699,PHARM-013,76,30.0,2026-12-02,2026-05-17,AVAILABLE,NONE
INV-004710,MED-053,Itraconazole 100mg,Antifungal,BAT-053-776,PHARM-013,84,165.0,2027-05-29,2025-09-01,AVAILABLE,NONE
INV-004711,MED-060,Albumin Human 20% 100ml,Critical Care,BAT-060-345,PHARM-013,101,3200.0,2026-09-14,2025-12-21,AVAILABLE,NONE
INV-004712,MED-053,Itraconazole 100mg,Antifungal,BAT-053-439,PHARM-013,176,165.0,2026-09-02,2025-10-06,NEAR_EXPIRY,NONE
INV-004713,MED-038,Fexofenadine 120mg,Antihistamine,BAT-038-685,PHARM-013,159,82.0,2026-10-24,2026-02-09,AVAILABLE,NONE
INV-004714,MED-049,Aceclofenac + Paracetamol,Analgesic,BAT-049-384,PHARM-013,20,60.0,2026-10-07,2026-04-11,AVAILABLE,NONE
INV-004715,MED-054,Ranitidine 150mg,Gastrointestinal,BAT-054-529,PHARM-013,183,25.0,2027-07-31,2025-09-10,AVAILABLE,NONE
INV-004716,MED-004,Metformin 500mg SR,Antidiabetic,BAT-004-806,PHARM-013,159,45.0,2026-08-26,2026-02-13,NEAR_EXPIRY,NONE
INV-004717,MED-005,Human Regular Insulin 100IU,Antidiabetic,BAT-005-845,PHARM-013,111,350.0,2026-09-04,2026-06-21,NEAR_EXPIRY,NONE
INV-004718,MED-049,Aceclofenac + Paracetamol,Analgesic,BAT-049-379,PHARM-013,41,60.0,2026-09-15,2026-01-06,AVAILABLE,NONE
INV-004719,MED-026,Clopidogrel 75mg,Cardiovascular,BAT-026-425,PHARM-013,77,88.0,2026-09-16,2026-05-03,AVAILABLE,NONE
INV-004720,MED-027,Aspirin 75mg Gastro-resistant,Cardiovascular,BAT-027-779,PHARM-013,250,22.0,2026-07-07,2025-10-02,EXPIRED,NONE
INV-004721,MED-036,Prednisolone 10mg,Steroid,BAT-036-159,PHARM-013,121,30.0,2026-09-11,2026-05-05,NEAR_EXPIRY,NONE
INV-004722,MED-047,Iron + Folic Acid Tablets,Nutritional,BAT-047-508,PHARM-013,176,50.0,2026-10-04,2025-09-03,AVAILABLE,NONE
INV-004723,MED-055,Betamethasone 0.5mg,Steroid,BAT-055-507,PHARM-013,34,15.0,2026-09-05,2026-02-14,NEAR_EXPIRY,NONE
INV-004724,MED-021,Losartan 50mg,Cardiovascular,BAT-021-921,PHARM-013,67,62.0,2026-10-05,2026-07-11,AVAILABLE,NONE
INV-004725,MED-016,Ibuprofen 400mg,Analgesic,BAT-016-861,PHARM-013,74,28.0,2027-01-11,2026-05-04,AVAILABLE,NONE
INV-004726,MED-020,Piperacillin + Tazobactam 4.5g,Antibiotic,BAT-020-624,PHARM-013,40,490.0,2027-03-03,2026-07-13,AVAILABLE,NONE
INV-004727,MED-030,Doxycycline 100mg,Antibiotic,BAT-030-826,PHARM-013,113,68.0,2026-09-01,2026-05-12,NEAR_EXPIRY,NONE
INV-004728,MED-039,Hydrochlorothiazide 12.5mg,Cardiovascular,BAT-039-210,PHARM-013,137,24.0,2026-09-24,2026-01-29,AVAILABLE,NONE
INV-004729,MED-019,Meropenem 1g Injection,Antibiotic,BAT-019-966,PHARM-013,64,850.0,2027-04-28,2025-09-19,AVAILABLE,NONE
INV-004730,MED-054,Ranitidine 150mg,Gastrointestinal,BAT-054-610,PHARM-013,61,25.0,2026-10-21,2025-09-30,AVAILABLE,NONE
INV-004731,MED-018,Enoxaparin 40mg Injection,Cardiovascular,BAT-018-268,PHARM-013,215,450.0,2026-09-21,2026-01-08,AVAILABLE,NONE
INV-004732,MED-014,Salbutamol Inhaler 100mcg,Respiratory,BAT-014-326,PHARM-013,192,160.0,2026-09-24,2026-05-03,AVAILABLE,NONE
INV-004733,MED-039,Hydrochlorothiazide 12.5mg,Cardiovascular,BAT-039-398,PHARM-013,282,24.0,2026-08-16,2026-01-13,NEAR_EXPIRY,NONE
INV-004734,MED-035,Dexamethasone 4mg Injection,Steroid,BAT-035-929,PHARM-013,31,25.0,2026-09-21,2026-05-05,AVAILABLE,NONE
INV-004735,MED-018,Enoxaparin 40mg Injection,Cardiovascular,BAT-018-120,PHARM-013,67,450.0,2026-09-26,2026-05-05,AVAILABLE,NONE
INV-004736,MED-058,Sitagliptin 100mg,Antidiabetic,BAT-058-806,PHARM-013,60,240.0,2026-09-28,2025-09-02,AVAILABLE,NONE
INV-004737,MED-007,Telmisartan 40mg,Cardiovascular,BAT-007-597,PHARM-013,55,78.0,2027-08-17,2026-02-14,AVAILABLE,NONE
INV-004738,MED-054,Ranitidine 150mg,Gastrointestinal,BAT-054-234,PHARM-013,24,25.0,2026-09-04,2026-07-02,NEAR_EXPIRY,NONE
INV-004739,MED-023,Vildagliptin 50mg,Antidiabetic,BAT-023-800,PHARM-013,123,175.0,2026-10-12,2026-03-14,AVAILABLE,NONE
INV-004740,MED-025,Rosuvastatin 10mg,Cardiovascular,BAT-025-718,PHARM-013,21,110.0,2026-10-10,2026-03-30,AVAILABLE,NONE
INV-004741,MED-026,Clopidogrel 75mg,Cardiovascular,BAT-026-326,PHARM-013,75,88.0,2026-10-30,2026-05-12,AVAILABLE,NONE
INV-004742,MED-008,Amlodipine 5mg,Cardiovascular,BAT-008-959,PHARM-013,31,38.0,2026-09-30,2026-03-19,AVAILABLE,NONE
INV-004743,MED-020,Piperacillin + Tazobactam 4.5g,Antibiotic,BAT-020-644,PHARM-013,31,490.0,2026-08-04,2026-01-13,EXPIRED,NONE
INV-004744,MED-027,Aspirin 75mg Gastro-resistant,Cardiovascular,BAT-027-197,PHARM-013,81,22.0,2026-07-08,2025-09-19,EXPIRED,NONE
INV-004745,MED-042,Escitalopram 10mg,Psychiatric,BAT-042-349,PHARM-013,221,85.0,2026-08-29,2026-03-29,NEAR_EXPIRY,NONE
INV-004746,MED-004,Metformin 500mg SR,Antidiabetic,BAT-004-102,PHARM-013,201,45.0,2026-09-19,2026-06-16,AVAILABLE,NONE
INV-004747,MED-038,Fexofenadine 120mg,Antihistamine,BAT-038-763,PHARM-013,57,82.0,2026-09-26,2026-01-22,AVAILABLE,NONE
INV-004748,MED-012,Ciprofloxacin 500mg,Antibiotic,BAT-012-961,PHARM-013,121,65.0,2026-09-13,2026-01-22,NEAR_EXPIRY,NONE
INV-004749,MED-005,Human Regular Insulin 100IU,Antidiabetic,BAT-005-626,PHARM-013,50,350.0,2026-09-10,2026-01-08,NEAR_EXPIRY,NONE
INV-004750,MED-038,Fexofenadine 120mg,Antihistamine,BAT-038-736,PHARM-013,35,82.0,2026-08-31,2026-05-03,NEAR_EXPIRY,NONE
INV-004751,MED-009,Pantoprazole 40mg,Gastrointestinal,BAT-009-860,PHARM-013,319,85.0,2026-08-18,2026-03-18,NEAR_EXPIRY,NONE
INV-004752,MED-050,Loperamide 2mg,Gastrointestinal,BAT-050-177,PHARM-013,24,18.0,2026-08-31,2026-02-20,NEAR_EXPIRY,NONE
INV-004753,MED-029,Rabeprazole 20mg,Gastrointestinal,BAT-029-113,PHARM-013,110,75.0,2026-10-08,2026-05-16,AVAILABLE,NONE
INV-004754,MED-013,Montelukast + Levocetirizine,Respiratory,BAT-013-793,PHARM-013,40,115.0,2026-12-06,2025-09-04,AVAILABLE,NONE
INV-004755,MED-043,Sertraline 50mg,Psychiatric,BAT-043-562,PHARM-013,202,105.0,2026-09-27,2025-11-02,AVAILABLE,NONE
INV-004756,MED-028,Ondansetron 4mg,Gastrointestinal,BAT-028-448,PHARM-013,25,42.0,2026-09-12,2026-06-16,NEAR_EXPIRY,NONE
INV-004757,MED-002,Amoxicillin + Clavulanate 625mg,Antibiotic,BAT-002-902,PHARM-013,322,185.0,2026-08-15,2025-09-24,NEAR_EXPIRY,NONE
INV-004758,MED-004,Metformin 500mg SR,Antidiabetic,BAT-004-516,PHARM-013,35,45.0,2027-08-29,2026-06-08,AVAILABLE,NONE
INV-004759,MED-010,Omeprazole 20mg,Gastrointestinal,BAT-010-235,PHARM-013,120,55.0,2026-08-06,2026-03-12,EXPIRED,NONE
INV-004760,MED-031,Levofloxacin 500mg,Antibiotic,BAT-031-741,PHARM-013,26,95.0,2027-05-28,2025-10-08,AVAILABLE,NONE
INV-004761,MED-025,Rosuvastatin 10mg,Cardiovascular,BAT-025-744,PHARM-013,105,110.0,2026-09-20,2025-11-13,AVAILABLE,NONE
INV-004762,MED-016,Ibuprofen 400mg,Analgesic,BAT-016-238,PHARM-013,13,28.0,2026-08-18,2026-04-29,NEAR_EXPIRY,NONE
INV-004763,MED-005,Human Regular Insulin 100IU,Antidiabetic,BAT-005-989,PHARM-013,365,350.0,2026-09-11,2026-05-06,NEAR_EXPIRY,NONE
INV-004764,MED-024,Dapagliflozin 10mg,Antidiabetic,BAT-024-524,PHARM-013,41,220.0,2026-11-25,2026-03-25,AVAILABLE,NONE
INV-004765,MED-019,Meropenem 1g Injection,Antibiotic,BAT-019-966,PHARM-013,25,850.0,2026-09-20,2026-04-29,AVAILABLE,NONE
INV-004766,MED-003,Azithromycin 500mg,Antibiotic,BAT-003-129,PHARM-013,217,120.0,2026-09-24,2026-03-12,AVAILABLE,NONE
INV-004767,MED-059,Empagliflozin 25mg,Antidiabetic,BAT-059-351,PHARM-013,198,290.0,2027-07-30,2025-09-27,AVAILABLE,NONE
INV-004768,MED-010,Omeprazole 20mg,Gastrointestinal,BAT-010-994,PHARM-013,73,55.0,2026-11-20,2026-03-13,AVAILABLE,NONE
INV-004769,MED-010,Omeprazole 20mg,Gastrointestinal,BAT-010-365,PHARM-013,178,55.0,2026-09-12,2025-12-04,NEAR_EXPIRY,NONE
INV-004770,MED-025,Rosuvastatin 10mg,Cardiovascular,BAT-025-727,PHARM-013,116,110.0,2026-08-18,2026-03-31,NEAR_EXPIRY,NONE
INV-004771,MED-043,Sertraline 50mg,Psychiatric,BAT-043-667,PHARM-013,125,105.0,2027-06-25,2026-04-03,AVAILABLE,NONE
INV-004772,MED-022,Glimepiride 2mg,Antidiabetic,BAT-022-683,PHARM-013,249,52.0,2027-04-06,2026-06-09,AVAILABLE,NONE
INV-004773,MED-014,Salbutamol Inhaler 100mcg,Respiratory,BAT-014-636,PHARM-013,219,160.0,2026-08-07,2026-05-05,EXPIRED,NONE
INV-004774,MED-018,Enoxaparin 40mg Injection,Cardiovascular,BAT-018-783,PHARM-013,61,450.0,2027-04-12,2026-06-30,AVAILABLE,NONE
INV-004775,MED-045,Calcium 500mg + Vitamin D3,Nutritional,BAT-045-538,PHARM-013,106,65.0,2026-09-04,2025-12-26,NEAR_EXPIRY,NONE
INV-004776,MED-005,Human Regular Insulin 100IU,Antidiabetic,BAT-005-924,PHARM-013,100,350.0,2026-09-22,2026-05-03,AVAILABLE,NONE
INV-004777,MED-023,Vildagliptin 50mg,Antidiabetic,BAT-023-325,PHARM-013,113,175.0,2026-10-10,2026-03-10,AVAILABLE,NONE
INV-004778,MED-044,Thyroxine Sodium 50mcg,Endocrine,BAT-044-501,PHARM-013,177,125.0,2027-04-29,2026-02-05,AVAILABLE,NONE
INV-004779,MED-031,Levofloxacin 500mg,Antibiotic,BAT-031-520,PHARM-013,95,95.0,2026-09-30,2026-03-04,AVAILABLE,NONE
INV-004780,MED-038,Fexofenadine 120mg,Antihistamine,BAT-038-536,PHARM-013,123,82.0,2026-08-21,2026-04-25,NEAR_EXPIRY,NONE
INV-004781,MED-054,Ranitidine 150mg,Gastrointestinal,BAT-054-223,PHARM-013,130,25.0,2026-09-11,2026-07-04,NEAR_EXPIRY,NONE
INV-004782,MED-038,Fexofenadine 120mg,Antihistamine,BAT-038-232,PHARM-013,156,82.0,2026-09-26,2025-09-28,AVAILABLE,NONE
INV-004783,MED-060,Albumin Human 20% 100ml,Critical Care,BAT-060-441,PHARM-013,11,3200.0,2026-08-20,2026-05-20,NEAR_EXPIRY,NONE
INV-004784,MED-049,Aceclofenac + Paracetamol,Analgesic,BAT-049-558,PHARM-013,172,60.0,2027-01-13,2025-12-14,AVAILABLE,NONE
INV-004785,MED-015,Budesonide Inhaler 200mcg,Respiratory,BAT-015-857,PHARM-013,132,280.0,2027-08-24,2026-02-02,AVAILABLE,NONE
INV-004786,MED-038,Fexofenadine 120mg,Antihistamine,BAT-038-896,PHARM-013,37,82.0,2026-08-30,2026-03-27,NEAR_EXPIRY,NONE
INV-004787,MED-037,Cetirizine 10mg,Antihistamine,BAT-037-212,PHARM-013,188,20.0,2026-10-09,2026-02-11,AVAILABLE,NONE
INV-004788,MED-024,Dapagliflozin 10mg,Antidiabetic,BAT-024-104,PHARM-013,318,220.0,2026-08-16,2026-04-11,NEAR_EXPIRY,NONE
INV-004789,MED-055,Betamethasone 0.5mg,Steroid,BAT-055-806,PHARM-013,25,15.0,2026-09-02,2026-07-12,NEAR_EXPIRY,NONE
INV-004790,MED-024,Dapagliflozin 10mg,Antidiabetic,BAT-024-219,PHARM-013,11,220.0,2026-09-11,2025-10-22,NEAR_EXPIRY,NONE
INV-004791,MED-015,Budesonide Inhaler 200mcg,Respiratory,BAT-015-765,PHARM-013,94,280.0,2026-09-16,2025-09-06,AVAILABLE,NONE
INV-004792,MED-029,Rabeprazole 20mg,Gastrointestinal,BAT-029-668,PHARM-013,133,75.0,2027-01-20,2026-05-03,AVAILABLE,NONE
INV-004793,MED-042,Escitalopram 10mg,Psychiatric,BAT-042-848,PHARM-013,198,85.0,2027-07-31,2026-04-27,AVAILABLE,NONE
INV-004794,MED-046,Vitamin B-Complex + B12,Nutritional,BAT-046-376,PHARM-013,144,40.0,2026-07-19,2026-02-03,EXPIRED,NONE
INV-004795,MED-026,Clopidogrel 75mg,Cardiovascular,BAT-026-884,PHARM-013,124,88.0,2026-08-01,2025-11-30,EXPIRED,NONE
INV-004796,MED-041,Alprazolam 0.5mg,Psychiatric,BAT-041-324,PHARM-013,129,35.0,2027-07-07,2026-05-05,AVAILABLE,NONE
INV-004797,MED-013,Montelukast + Levocetirizine,Respiratory,BAT-013-104,PHARM-013,246,115.0,2026-08-05,2026-05-19,EXPIRED,NONE
INV-004798,MED-051,Metronidazole 400mg,Antibiotic,BAT-051-945,PHARM-013,248,32.0,2026-08-10,2026-04-29,EXPIRED,NONE
INV-004799,MED-057,Carvedilol 6.25mg,Cardiovascular,BAT-057-837,PHARM-013,149,54.0,2026-08-30,2025-10-23,NEAR_EXPIRY,NONE
INV-004800,MED-050,Loperamide 2mg,Gastrointestinal,BAT-050-990,PHARM-013,372,18.0,2026-08-28,2025-10-10,NEAR_EXPIRY,NONE
INV-004801,MED-025,Rosuvastatin 10mg,Cardiovascular,BAT-025-123,PHARM-013,327,110.0,2026-08-20,2025-10-28,NEAR_EXPIRY,NONE
INV-004802,MED-048,Diclofenac Sodium 50mg,Analgesic,BAT-048-753,PHARM-013,22,30.0,2027-04-27,2026-06-02,AVAILABLE,NONE
INV-004803,MED-055,Betamethasone 0.5mg,Steroid,BAT-055-443,PHARM-013,93,15.0,2027-08-20,2025-08-22,AVAILABLE,NONE
INV-004804,MED-058,Sitagliptin 100mg,Antidiabetic,BAT-058-545,PHARM-013,271,240.0,2026-08-19,2025-09-12,NEAR_EXPIRY,NONE
INV-004805,MED-046,Vitamin B-Complex + B12,Nutritional,BAT-046-953,PHARM-013,116,40.0,2026-08-16,2026-06-19,NEAR_EXPIRY,NONE
INV-004806,MED-049,Aceclofenac + Paracetamol,Analgesic,BAT-049-987,PHARM-013,115,60.0,2027-02-01,2026-05-29,AVAILABLE,NONE
INV-004807,MED-004,Metformin 500mg SR,Antidiabetic,BAT-004-944,PHARM-013,94,45.0,2026-07-23,2026-07-15,EXPIRED,NONE
INV-004808,MED-026,Clopidogrel 75mg,Cardiovascular,BAT-026-212,PHARM-013,32,88.0,2026-09-07,2025-11-14,NEAR_EXPIRY,NONE
INV-004809,MED-014,Salbutamol Inhaler 100mcg,Respiratory,BAT-014-636,PHARM-013,206,160.0,2026-10-08,2025-10-28,AVAILABLE,NONE
INV-004810,MED-048,Diclofenac Sodium 50mg,Analgesic,BAT-048-136,PHARM-013,122,30.0,2026-08-24,2026-02-19,NEAR_EXPIRY,NONE
INV-004811,MED-016,Ibuprofen 400mg,Analgesic,BAT-016-165,PHARM-013,150,28.0,2026-10-12,2026-01-18,AVAILABLE,NONE
INV-004812,MED-022,Glimepiride 2mg,Antidiabetic,BAT-022-177,PHARM-013,153,52.0,2027-01-19,2026-03-28,AVAILABLE,NONE
INV-004813,MED-041,Alprazolam 0.5mg,Psychiatric,BAT-041-770,PHARM-013,172,35.0,2026-09-11,2026-05-24,NEAR_EXPIRY,NONE
INV-004814,MED-021,Losartan 50mg,Cardiovascular,BAT-021-460,PHARM-013,179,62.0,2026-08-11,2025-10-30,EXPIRED,NONE
INV-004815,MED-041,Alprazolam 0.5mg,Psychiatric,BAT-041-112,PHARM-013,101,35.0,2027-07-05,2026-05-24,AVAILABLE,NONE
INV-004816,MED-025,Rosuvastatin 10mg,Cardiovascular,BAT-025-388,PHARM-013,165,110.0,2026-08-21,2025-11-28,NEAR_EXPIRY,NONE
INV-004817,MED-003,Azithromycin 500mg,Antibiotic,BAT-003-193,PHARM-013,222,120.0,2026-07-15,2025-09-07,EXPIRED,NONE
INV-004818,MED-059,Empagliflozin 25mg,Antidiabetic,BAT-059-772,PHARM-013,154,290.0,2026-10-03,2026-05-24,AVAILABLE,NONE
INV-004819,MED-045,Calcium 500mg + Vitamin D3,Nutritional,BAT-045-672,PHARM-013,199,65.0,2027-06-18,2025-08-19,AVAILABLE,NONE
INV-004820,MED-007,Telmisartan 40mg,Cardiovascular,BAT-007-546,PHARM-013,308,78.0,2026-08-19,2026-05-29,NEAR_EXPIRY,NONE
INV-004821,MED-028,Ondansetron 4mg,Gastrointestinal,BAT-028-215,PHARM-013,231,42.0,2026-09-29,2026-06-02,AVAILABLE,NONE
INV-004822,MED-054,Ranitidine 150mg,Gastrointestinal,BAT-054-494,PHARM-013,26,25.0,2026-09-13,2025-12-03,NEAR_EXPIRY,NONE
INV-004823,MED-011,Cefixime 200mg,Antibiotic,BAT-011-523,PHARM-013,204,140.0,2026-09-15,2026-06-12,AVAILABLE,NONE
INV-004824,MED-021,Losartan 50mg,Cardiovascular,BAT-021-985,PHARM-013,145,62.0,2026-09-08,2026-07-01,NEAR_EXPIRY,NONE
INV-004825,MED-023,Vildagliptin 50mg,Antidiabetic,BAT-023-759,PHARM-013,128,175.0,2026-07-22,2025-10-12,EXPIRED,NONE
INV-004826,MED-021,Losartan 50mg,Cardiovascular,BAT-021-550,PHARM-013,113,62.0,2026-09-21,2026-04-30,AVAILABLE,NONE
INV-004827,MED-016,Ibuprofen 400mg,Analgesic,BAT-016-353,PHARM-013,61,28.0,2027-07-01,2025-09-22,AVAILABLE,NONE
INV-004828,MED-019,Meropenem 1g Injection,Antibiotic,BAT-019-263,PHARM-013,44,850.0,2026-09-18,2025-12-29,AVAILABLE,NONE
INV-004829,MED-030,Doxycycline 100mg,Antibiotic,BAT-030-895,PHARM-013,134,68.0,2026-08-23,2025-11-11,NEAR_EXPIRY,NONE
INV-004830,MED-060,Albumin Human 20% 100ml,Critical Care,BAT-060-535,PHARM-013,242,3200.0,2026-10-03,2025-12-08,AVAILABLE,NONE
INV-004831,MED-014,Salbutamol Inhaler 100mcg,Respiratory,BAT-014-104,PHARM-013,107,160.0,2026-07-12,2026-04-03,EXPIRED,NONE
INV-004832,MED-014,Salbutamol Inhaler 100mcg,Respiratory,BAT-014-261,PHARM-013,351,160.0,2026-08-21,2025-11-21,NEAR_EXPIRY,NONE
INV-004833,MED-052,Fluconazole 150mg,Antifungal,BAT-052-762,PHARM-013,407,45.0,2026-08-24,2026-03-24,NEAR_EXPIRY,NONE
INV-004834,MED-046,Vitamin B-Complex + B12,Nutritional,BAT-046-162,PHARM-013,21,40.0,2026-09-07,2026-04-22,NEAR_EXPIRY,NONE
INV-004835,MED-016,Ibuprofen 400mg,Analgesic,BAT-016-104,PHARM-013,21,28.0,2026-09-20,2025-10-10,AVAILABLE,NONE
INV-004836,MED-035,Dexamethasone 4mg Injection,Steroid,BAT-035-677,PHARM-013,52,25.0,2026-08-20,2025-11-16,NEAR_EXPIRY,NONE
INV-004837,MED-049,Aceclofenac + Paracetamol,Analgesic,BAT-049-948,PHARM-013,236,60.0,2026-10-06,2026-03-23,AVAILABLE,NONE
INV-004838,MED-011,Cefixime 200mg,Antibiotic,BAT-011-595,PHARM-013,211,140.0,2026-10-13,2025-11-14,AVAILABLE,NONE
INV-004839,MED-049,Aceclofenac + Paracetamol,Analgesic,BAT-049-218,PHARM-013,94,60.0,2027-06-27,2026-05-15,AVAILABLE,NONE
INV-004840,MED-009,Pantoprazole 40mg,Gastrointestinal,BAT-009-426,PHARM-013,187,85.0,2027-06-17,2026-05-11,AVAILABLE,NONE
INV-004841,MED-033,Vancomycin 500mg Injection,Antibiotic,BAT-033-499,PHARM-013,35,420.0,2026-07-06,2026-04-05,EXPIRED,NONE
INV-004842,MED-001,Paracetamol 650mg,Analgesic,BAT-001-553,PHARM-013,86,32.5,2026-08-15,2026-06-03,NEAR_EXPIRY,NONE
INV-004843,MED-010,Omeprazole 20mg,Gastrointestinal,BAT-010-298,PHARM-013,75,55.0,2027-06-21,2026-02-14,AVAILABLE,NONE
INV-004844,MED-057,Carvedilol 6.25mg,Cardiovascular,BAT-057-794,PHARM-013,25,54.0,2026-09-12,2026-06-19,NEAR_EXPIRY,NONE
INV-004845,MED-049,Aceclofenac + Paracetamol,Analgesic,BAT-049-733,PHARM-013,169,60.0,2027-08-06,2025-12-09,AVAILABLE,NONE
INV-004846,MED-041,Alprazolam 0.5mg,Psychiatric,BAT-041-586,PHARM-013,161,35.0,2026-09-13,2026-05-21,NEAR_EXPIRY,NONE
INV-004847,MED-026,Clopidogrel 75mg,Cardiovascular,BAT-026-888,PHARM-013,175,88.0,2026-09-15,2025-11-24,AVAILABLE,NONE
INV-004848,MED-040,Spironolactone 25mg,Cardiovascular,BAT-040-840,PHARM-013,69,48.0,2026-09-21,2026-01-03,AVAILABLE,NONE
INV-004849,MED-019,Meropenem 1g Injection,Antibiotic,BAT-019-897,PHARM-013,202,850.0,2026-07-05,2026-03-01,EXPIRED,NONE
INV-004850,MED-024,Dapagliflozin 10mg,Antidiabetic,BAT-024-255,PHARM-013,55,220.0,2027-03-07,2026-04-24,AVAILABLE,NONE
INV-004851,MED-044,Thyroxine Sodium 50mcg,Endocrine,BAT-044-488,PHARM-013,445,125.0,2026-08-18,2026-01-10,NEAR_EXPIRY,NONE
INV-004852,MED-012,Ciprofloxacin 500mg,Antibiotic,BAT-012-230,PHARM-013,86,65.0,2026-10-08,2026-05-31,AVAILABLE,NONE
INV-004853,MED-016,Ibuprofen 400mg,Analgesic,BAT-016-738,PHARM-013,197,28.0,2026-09-25,2026-07-09,AVAILABLE,NONE
INV-004854,MED-019,Meropenem 1g Injection,Antibiotic,BAT-019-589,PHARM-013,49,850.0,2026-10-08,2026-03-13,AVAILABLE,NONE
INV-004855,MED-022,Glimepiride 2mg,Antidiabetic,BAT-022-604,PHARM-013,104,52.0,2026-09-16,2025-08-22,AVAILABLE,NONE
INV-004856,MED-003,Azithromycin 500mg,Antibiotic,BAT-003-863,PHARM-013,201,120.0,2026-07-19,2026-05-27,EXPIRED,NONE
INV-004857,MED-054,Ranitidine 150mg,Gastrointestinal,BAT-054-255,PHARM-013,28,25.0,2026-07-12,2025-12-13,EXPIRED,NONE
INV-004858,MED-009,Pantoprazole 40mg,Gastrointestinal,BAT-009-510,PHARM-013,73,85.0,2026-10-06,2026-01-18,AVAILABLE,NONE
INV-004859,MED-043,Sertraline 50mg,Psychiatric,BAT-043-367,PHARM-013,136,105.0,2027-08-16,2025-11-18,AVAILABLE,NONE
INV-004860,MED-056,Bisoprolol 2.5mg,Cardiovascular,BAT-056-669,PHARM-013,26,72.0,2026-08-31,2026-04-02,NEAR_EXPIRY,NONE
INV-004861,MED-023,Vildagliptin 50mg,Antidiabetic,BAT-023-603,PHARM-013,92,175.0,2026-09-17,2026-05-31,AVAILABLE,NONE
INV-004862,MED-037,Cetirizine 10mg,Antihistamine,BAT-037-512,PHARM-013,84,20.0,2026-10-10,2025-11-16,AVAILABLE,NONE
INV-004863,MED-025,Rosuvastatin 10mg,Cardiovascular,BAT-025-348,PHARM-013,119,110.0,2027-09-03,2025-10-30,AVAILABLE,NONE
INV-004864,MED-055,Betamethasone 0.5mg,Steroid,BAT-055-390,PHARM-013,244,15.0,2026-10-25,2026-03-15,AVAILABLE,NONE
INV-004865,MED-014,Salbutamol Inhaler 100mcg,Respiratory,BAT-014-193,PHARM-013,124,160.0,2027-09-15,2025-11-04,AVAILABLE,NONE
INV-004866,MED-028,Ondansetron 4mg,Gastrointestinal,BAT-028-473,PHARM-013,99,42.0,2026-12-25,2026-05-02,AVAILABLE,NONE
INV-004867,MED-026,Clopidogrel 75mg,Cardiovascular,BAT-026-651,PHARM-013,92,88.0,2026-09-09,2026-01-26,NEAR_EXPIRY,NONE
INV-004868,MED-043,Sertraline 50mg,Psychiatric,BAT-043-231,PHARM-013,196,105.0,2026-08-11,2026-02-17,EXPIRED,NONE
INV-004869,MED-057,Carvedilol 6.25mg,Cardiovascular,BAT-057-852,PHARM-013,190,54.0,2026-07-19,2026-05-04,EXPIRED,NONE
INV-004870,MED-004,Metformin 500mg SR,Antidiabetic,BAT-004-188,PHARM-013,222,45.0,2027-04-25,2026-02-10,AVAILABLE,NONE
INV-004871,MED-002,Amoxicillin + Clavulanate 625mg,Antibiotic,BAT-002-427,PHARM-013,216,185.0,2026-10-01,2026-06-01,AVAILABLE,NONE
INV-004872,MED-022,Glimepiride 2mg,Antidiabetic,BAT-022-386,PHARM-013,244,52.0,2027-06-24,2026-03-31,AVAILABLE,NONE
INV-004873,MED-008,Amlodipine 5mg,Cardiovascular,BAT-008-510,PHARM-013,198,38.0,2027-09-09,2026-04-03,AVAILABLE,NONE
INV-004874,MED-047,Iron + Folic Acid Tablets,Nutritional,BAT-047-302,PHARM-013,297,50.0,2026-09-04,2026-03-17,NEAR_EXPIRY,NONE
INV-004875,MED-046,Vitamin B-Complex + B12,Nutritional,BAT-046-880,PHARM-013,34,40.0,2026-11-28,2026-04-04,AVAILABLE,NONE
INV-004876,MED-004,Metformin 500mg SR,Antidiabetic,BAT-004-839,PHARM-013,230,45.0,2026-09-30,2026-06-26,AVAILABLE,NONE
INV-004877,MED-039,Hydrochlorothiazide 12.5mg,Cardiovascular,BAT-039-702,PHARM-013,153,24.0,2026-07-16,2026-03-17,EXPIRED,NONE
INV-004878,MED-008,Amlodipine 5mg,Cardiovascular,BAT-008-844,PHARM-013,238,38.0,2027-03-21,2026-07-14,AVAILABLE,NONE
INV-004879,MED-053,Itraconazole 100mg,Antifungal,BAT-053-644,PHARM-013,285,165.0,2026-08-20,2026-06-23,NEAR_EXPIRY,NONE
INV-004880,MED-018,Enoxaparin 40mg Injection,Cardiovascular,BAT-018-166,PHARM-013,213,450.0,2026-10-03,2026-01-25,AVAILABLE,NONE
INV-004881,MED-012,Ciprofloxacin 500mg,Antibiotic,BAT-012-739,PHARM-013,32,65.0,2026-09-21,2026-06-20,AVAILABLE,NONE
INV-004882,MED-060,Albumin Human 20% 100ml,Critical Care,BAT-060-368,PHARM-013,128,3200.0,2026-09-27,2026-03-25,AVAILABLE,NONE
INV-004883,MED-006,Atorvastatin 20mg,Cardiovascular,BAT-006-348,PHARM-013,39,95.0,2026-09-08,2025-12-14,NEAR_EXPIRY,NONE
INV-004884,MED-009,Pantoprazole 40mg,Gastrointestinal,BAT-009-240,PHARM-013,109,85.0,2026-09-16,2025-08-24,AVAILABLE,NONE
INV-004885,MED-055,Betamethasone 0.5mg,Steroid,BAT-055-985,PHARM-013,115,15.0,2026-09-05,2025-09-26,NEAR_EXPIRY,NONE
INV-004886,MED-055,Betamethasone 0.5mg,Steroid,BAT-055-103,PHARM-013,38,15.0,2027-02-03,2026-01-19,AVAILABLE,NONE
INV-004887,MED-054,Ranitidine 150mg,Gastrointestinal,BAT-054-983,PHARM-013,194,25.0,2026-07-22,2026-05-31,EXPIRED,NONE
INV-004888,MED-036,Prednisolone 10mg,Steroid,BAT-036-317,PHARM-013,130,30.0,2026-07-05,2026-03-12,EXPIRED,NONE
INV-004889,MED-032,Linezolid 600mg,Antibiotic,BAT-032-307,PHARM-013,94,340.0,2026-09-30,2025-09-09,AVAILABLE,NONE
INV-004890,MED-009,Pantoprazole 40mg,Gastrointestinal,BAT-009-196,PHARM-013,211,85.0,2026-09-17,2025-10-03,AVAILABLE,NONE
INV-004891,MED-020,Piperacillin + Tazobactam 4.5g,Antibiotic,BAT-020-243,PHARM-013,124,490.0,2026-09-29,2025-12-11,AVAILABLE,NONE
INV-004892,MED-047,Iron + Folic Acid Tablets,Nutritional,BAT-047-984,PHARM-013,206,50.0,2026-10-08,2026-01-14,AVAILABLE,NONE
INV-004893,MED-007,Telmisartan 40mg,Cardiovascular,BAT-007-515,PHARM-013,241,78.0,2026-10-06,2025-11-09,AVAILABLE,NONE
INV-004894,MED-007,Telmisartan 40mg,Cardiovascular,BAT-007-621,PHARM-013,249,78.0,2026-10-11,2025-11-04,AVAILABLE,NONE
INV-004895,MED-009,Pantoprazole 40mg,Gastrointestinal,BAT-009-773,PHARM-013,124,85.0,2026-09-20,2025-10-17,AVAILABLE,NONE
INV-004896,MED-060,Albumin Human 20% 100ml,Critical Care,BAT-060-341,PHARM-013,190,3200.0,2026-10-12,2025-12-06,AVAILABLE,NONE
INV-004897,MED-043,Sertraline 50mg,Psychiatric,BAT-043-466,PHARM-013,91,105.0,2026-08-20,2026-07-03,NEAR_EXPIRY,NONE
INV-004898,MED-012,Ciprofloxacin 500mg,Antibiotic,BAT-012-706,PHARM-013,331,65.0,2026-08-18,2026-04-25,NEAR_EXPIRY,NONE
INV-004899,MED-033,Vancomycin 500mg Injection,Antibiotic,BAT-033-111,PHARM-013,134,420.0,2027-01-21,2025-09-27,AVAILABLE,NONE
INV-004900,MED-042,Escitalopram 10mg,Psychiatric,BAT-042-506,PHARM-013,63,85.0,2027-03-29,2026-06-02,AVAILABLE,NONE
INV-004901,MED-012,Ciprofloxacin 500mg,Antibiotic,BAT-012-663,PHARM-013,202,65.0,2026-10-12,2025-08-21,AVAILABLE,NONE
INV-004902,MED-035,Dexamethasone 4mg Injection,Steroid,BAT-035-723,PHARM-013,169,25.0,2026-10-02,2026-07-15,AVAILABLE,NONE
INV-004903,MED-016,Ibuprofen 400mg,Analgesic,BAT-016-927,PHARM-013,54,28.0,2026-09-17,2026-02-03,AVAILABLE,NONE
INV-004904,MED-021,Losartan 50mg,Cardiovascular,BAT-021-449,PHARM-013,58,62.0,2026-09-28,2025-08-31,AVAILABLE,NONE
INV-004905,MED-028,Ondansetron 4mg,Gastrointestinal,BAT-028-430,PHARM-013,95,42.0,2027-04-26,2025-09-10,AVAILABLE,NONE
INV-004906,MED-002,Amoxicillin + Clavulanate 625mg,Antibiotic,BAT-002-662,PHARM-013,209,185.0,2027-04-21,2026-04-10,AVAILABLE,NONE
INV-004907,MED-035,Dexamethasone 4mg Injection,Steroid,BAT-035-125,PHARM-013,201,25.0,2026-08-09,2026-02-03,EXPIRED,NONE
INV-004908,MED-060,Albumin Human 20% 100ml,Critical Care,BAT-060-397,PHARM-013,248,3200.0,2026-12-08,2026-05-13,AVAILABLE,NONE
INV-004909,MED-050,Loperamide 2mg,Gastrointestinal,BAT-050-496,PHARM-013,68,18.0,2026-10-02,2026-01-28,AVAILABLE,NONE
INV-004910,MED-037,Cetirizine 10mg,Antihistamine,BAT-037-171,PHARM-013,110,20.0,2026-10-11,2026-05-05,AVAILABLE,NONE
INV-004911,MED-056,Bisoprolol 2.5mg,Cardiovascular,BAT-056-505,PHARM-013,156,72.0,2027-07-14,2026-01-17,AVAILABLE,NONE
INV-004912,MED-029,Rabeprazole 20mg,Gastrointestinal,BAT-029-182,PHARM-013,154,75.0,2027-03-20,2026-05-18,AVAILABLE,NONE
INV-004913,MED-028,Ondansetron 4mg,Gastrointestinal,BAT-028-140,PHARM-013,218,42.0,2027-04-16,2026-06-17,AVAILABLE,NONE
INV-004914,MED-003,Azithromycin 500mg,Antibiotic,BAT-003-104,PHARM-013,96,120.0,2026-08-17,2025-09-10,NEAR_EXPIRY,NONE
INV-004915,MED-036,Prednisolone 10mg,Steroid,BAT-036-955,PHARM-013,11,30.0,2026-09-05,2025-11-06,NEAR_EXPIRY,NONE
INV-004916,MED-050,Loperamide 2mg,Gastrointestinal,BAT-050-244,PHARM-013,287,18.0,2026-08-15,2025-09-17,NEAR_EXPIRY,NONE
INV-004917,MED-001,Paracetamol 650mg,Analgesic,BAT-001-165,PHARM-013,180,32.5,2026-10-10,2025-08-20,AVAILABLE,NONE
INV-004918,MED-003,Azithromycin 500mg,Antibiotic,BAT-003-605,PHARM-013,369,120.0,2026-08-21,2026-02-25,NEAR_EXPIRY,NONE
INV-004919,MED-039,Hydrochlorothiazide 12.5mg,Cardiovascular,BAT-039-452,PHARM-013,78,24.0,2027-01-04,2026-04-30,AVAILABLE,NONE
INV-004920,MED-055,Betamethasone 0.5mg,Steroid,BAT-055-293,PHARM-013,50,15.0,2026-10-10,2025-12-19,AVAILABLE,NONE
INV-004921,MED-041,Alprazolam 0.5mg,Psychiatric,BAT-041-674,PHARM-013,10,35.0,2026-08-23,2026-07-07,NEAR_EXPIRY,NONE
INV-004922,MED-002,Amoxicillin + Clavulanate 625mg,Antibiotic,BAT-002-239,PHARM-013,186,185.0,2027-04-29,2026-03-04,AVAILABLE,NONE
INV-004923,MED-046,Vitamin B-Complex + B12,Nutritional,BAT-046-533,PHARM-013,143,40.0,2026-09-09,2026-05-05,NEAR_EXPIRY,NONE
INV-004924,MED-051,Metronidazole 400mg,Antibiotic,BAT-051-852,PHARM-013,326,32.0,2026-08-22,2025-08-24,NEAR_EXPIRY,NONE
INV-004925,MED-006,Atorvastatin 20mg,Cardiovascular,BAT-006-926,PHARM-013,120,95.0,2027-03-19,2025-08-21,AVAILABLE,NONE
INV-004926,MED-043,Sertraline 50mg,Psychiatric,BAT-043-711,PHARM-013,85,105.0,2027-06-24,2026-01-08,AVAILABLE,NONE
INV-004927,MED-004,Metformin 500mg SR,Antidiabetic,BAT-004-837,PHARM-013,221,45.0,2026-09-29,2026-01-02,AVAILABLE,NONE
INV-004928,MED-014,Salbutamol Inhaler 100mcg,Respiratory,BAT-014-470,PHARM-013,284,160.0,2026-09-02,2025-08-19,NEAR_EXPIRY,NONE
INV-004929,MED-005,Human Regular Insulin 100IU,Antidiabetic,BAT-005-387,PHARM-013,157,350.0,2027-07-22,2026-01-02,AVAILABLE,NONE
INV-004930,MED-043,Sertraline 50mg,Psychiatric,BAT-043-942,PHARM-013,16,105.0,2026-09-07,2025-12-13,NEAR_EXPIRY,NONE
INV-004931,MED-051,Metronidazole 400mg,Antibiotic,BAT-051-403,PHARM-013,189,32.0,2027-02-08,2025-10-01,AVAILABLE,NONE
INV-004932,MED-060,Albumin Human 20% 100ml,Critical Care,BAT-060-461,PHARM-013,60,3200.0,2027-09-01,2025-10-08,AVAILABLE,NONE
INV-004933,MED-055,Betamethasone 0.5mg,Steroid,BAT-055-526,PHARM-013,126,15.0,2026-09-03,2025-11-04,NEAR_EXPIRY,NONE
INV-004934,MED-016,Ibuprofen 400mg,Analgesic,BAT-016-257,PHARM-013,141,28.0,2027-06-06,2026-06-30,AVAILABLE,NONE
INV-004935,MED-024,Dapagliflozin 10mg,Antidiabetic,BAT-024-637,PHARM-013,250,220.0,2026-07-12,2025-11-16,EXPIRED,NONE
INV-004936,MED-039,Hydrochlorothiazide 12.5mg,Cardiovascular,BAT-039-397,PHARM-013,368,24.0,2026-08-20,2026-03-13,NEAR_EXPIRY,NONE
INV-004937,MED-020,Piperacillin + Tazobactam 4.5g,Antibiotic,BAT-020-349,PHARM-014,241,490.0,2027-04-04,2025-12-07,AVAILABLE,NONE
INV-004938,MED-035,Dexamethasone 4mg Injection,Steroid,BAT-035-132,PHARM-014,101,25.0,2026-07-25,2026-01-14,EXPIRED,NONE
INV-004939,MED-052,Fluconazole 150mg,Antifungal,BAT-052-161,PHARM-014,172,45.0,2026-10-30,2026-01-12,AVAILABLE,NONE
INV-004940,MED-012,Ciprofloxacin 500mg,Antibiotic,BAT-012-644,PHARM-014,207,65.0,2026-09-19,2026-02-28,AVAILABLE,NONE
INV-004941,MED-053,Itraconazole 100mg,Antifungal,BAT-053-108,PHARM-014,64,165.0,2026-09-22,2026-06-19,AVAILABLE,NONE
INV-004942,MED-059,Empagliflozin 25mg,Antidiabetic,BAT-059-876,PHARM-014,31,290.0,2027-07-31,2025-09-10,AVAILABLE,NONE
INV-004943,MED-045,Calcium 500mg + Vitamin D3,Nutritional,BAT-045-578,PHARM-014,416,65.0,2026-09-06,2025-11-29,NEAR_EXPIRY,NONE
INV-004944,MED-021,Losartan 50mg,Cardiovascular,BAT-021-376,PHARM-014,190,62.0,2027-04-08,2025-08-24,AVAILABLE,NONE
INV-004945,MED-041,Alprazolam 0.5mg,Psychiatric,BAT-041-802,PHARM-014,157,35.0,2026-08-22,2026-07-13,NEAR_EXPIRY,NONE
INV-004946,MED-036,Prednisolone 10mg,Steroid,BAT-036-459,PHARM-014,51,30.0,2026-09-12,2026-05-20,NEAR_EXPIRY,NONE
INV-004947,MED-002,Amoxicillin + Clavulanate 625mg,Antibiotic,BAT-002-773,PHARM-014,99,185.0,2026-12-01,2026-04-12,AVAILABLE,NONE
INV-004948,MED-014,Salbutamol Inhaler 100mcg,Respiratory,BAT-014-451,PHARM-014,138,160.0,2026-12-24,2026-03-21,AVAILABLE,NONE
INV-004949,MED-039,Hydrochlorothiazide 12.5mg,Cardiovascular,BAT-039-371,PHARM-014,178,24.0,2027-06-22,2026-03-18,AVAILABLE,NONE
INV-004950,MED-055,Betamethasone 0.5mg,Steroid,BAT-055-952,PHARM-014,33,15.0,2026-08-21,2026-01-27,NEAR_EXPIRY,NONE
INV-004951,MED-016,Ibuprofen 400mg,Analgesic,BAT-016-772,PHARM-014,242,28.0,2026-09-22,2026-01-16,AVAILABLE,NONE
INV-004952,MED-011,Cefixime 200mg,Antibiotic,BAT-011-510,PHARM-014,238,140.0,2026-08-18,2026-01-13,NEAR_EXPIRY,NONE
INV-004953,MED-028,Ondansetron 4mg,Gastrointestinal,BAT-028-960,PHARM-014,48,42.0,2027-04-08,2026-01-02,AVAILABLE,NONE
INV-004954,MED-045,Calcium 500mg + Vitamin D3,Nutritional,BAT-045-152,PHARM-014,341,65.0,2026-08-29,2025-10-20,NEAR_EXPIRY,NONE
INV-004955,MED-044,Thyroxine Sodium 50mcg,Endocrine,BAT-044-458,PHARM-014,18,125.0,2026-08-24,2026-01-18,NEAR_EXPIRY,NONE
INV-004956,MED-052,Fluconazole 150mg,Antifungal,BAT-052-718,PHARM-014,74,45.0,2026-08-16,2025-08-29,NEAR_EXPIRY,NONE
INV-004957,MED-043,Sertraline 50mg,Psychiatric,BAT-043-411,PHARM-014,213,105.0,2027-03-23,2026-01-20,AVAILABLE,NONE
INV-004958,MED-044,Thyroxine Sodium 50mcg,Endocrine,BAT-044-325,PHARM-014,54,125.0,2027-05-15,2025-11-25,AVAILABLE,NONE
INV-004959,MED-031,Levofloxacin 500mg,Antibiotic,BAT-031-290,PHARM-014,136,95.0,2027-05-14,2025-10-10,AVAILABLE,NONE
INV-004960,MED-013,Montelukast + Levocetirizine,Respiratory,BAT-013-353,PHARM-014,36,115.0,2026-08-25,2025-12-01,NEAR_EXPIRY,NONE
INV-004961,MED-043,Sertraline 50mg,Psychiatric,BAT-043-425,PHARM-014,92,105.0,2026-09-04,2025-11-14,NEAR_EXPIRY,NONE
INV-004962,MED-017,Tramadol 50mg,Analgesic,BAT-017-203,PHARM-014,151,90.0,2026-10-28,2026-04-18,AVAILABLE,NONE
INV-004963,MED-017,Tramadol 50mg,Analgesic,BAT-017-638,PHARM-014,187,90.0,2026-10-09,2026-05-16,AVAILABLE,NONE
INV-004964,MED-029,Rabeprazole 20mg,Gastrointestinal,BAT-029-501,PHARM-014,35,75.0,2026-07-05,2026-04-25,EXPIRED,NONE
INV-004965,MED-028,Ondansetron 4mg,Gastrointestinal,BAT-028-684,PHARM-014,23,42.0,2026-08-21,2026-03-18,NEAR_EXPIRY,NONE
INV-004966,MED-060,Albumin Human 20% 100ml,Critical Care,BAT-060-733,PHARM-014,23,3200.0,2026-08-24,2025-09-12,NEAR_EXPIRY,NONE
INV-004967,MED-020,Piperacillin + Tazobactam 4.5g,Antibiotic,BAT-020-443,PHARM-014,230,490.0,2027-08-25,2026-06-29,AVAILABLE,NONE
INV-004968,MED-038,Fexofenadine 120mg,Antihistamine,BAT-038-652,PHARM-014,193,82.0,2026-12-17,2026-05-03,AVAILABLE,NONE
INV-004969,MED-046,Vitamin B-Complex + B12,Nutritional,BAT-046-840,PHARM-014,225,40.0,2026-10-05,2025-12-13,AVAILABLE,NONE
INV-004970,MED-007,Telmisartan 40mg,Cardiovascular,BAT-007-277,PHARM-014,278,78.0,2026-08-29,2026-03-27,NEAR_EXPIRY,NONE
INV-004971,MED-023,Vildagliptin 50mg,Antidiabetic,BAT-023-970,PHARM-014,58,175.0,2027-09-11,2026-05-30,AVAILABLE,NONE
INV-004972,MED-004,Metformin 500mg SR,Antidiabetic,BAT-004-248,PHARM-014,122,45.0,2026-09-21,2026-01-07,AVAILABLE,NONE
INV-004973,MED-020,Piperacillin + Tazobactam 4.5g,Antibiotic,BAT-020-475,PHARM-014,161,490.0,2026-12-27,2026-06-22,AVAILABLE,NONE
INV-004974,MED-012,Ciprofloxacin 500mg,Antibiotic,BAT-012-904,PHARM-014,170,65.0,2026-08-17,2026-03-16,NEAR_EXPIRY,NONE
INV-004975,MED-029,Rabeprazole 20mg,Gastrointestinal,BAT-029-487,PHARM-014,78,75.0,2026-08-19,2025-11-19,NEAR_EXPIRY,NONE
INV-004976,MED-019,Meropenem 1g Injection,Antibiotic,BAT-019-704,PHARM-014,86,850.0,2027-08-31,2026-07-03,AVAILABLE,NONE
INV-004977,MED-013,Montelukast + Levocetirizine,Respiratory,BAT-013-187,PHARM-014,185,115.0,2027-01-25,2025-10-22,AVAILABLE,NONE
INV-004978,MED-020,Piperacillin + Tazobactam 4.5g,Antibiotic,BAT-020-354,PHARM-014,77,490.0,2027-04-22,2025-12-04,AVAILABLE,NONE
INV-004979,MED-059,Empagliflozin 25mg,Antidiabetic,BAT-059-914,PHARM-014,239,290.0,2027-09-13,2026-06-02,AVAILABLE,NONE
INV-004980,MED-011,Cefixime 200mg,Antibiotic,BAT-011-780,PHARM-014,193,140.0,2026-09-17,2025-09-19,AVAILABLE,NONE
INV-004981,MED-042,Escitalopram 10mg,Psychiatric,BAT-042-209,PHARM-014,194,85.0,2026-08-04,2026-02-01,EXPIRED,NONE
INV-004982,MED-038,Fexofenadine 120mg,Antihistamine,BAT-038-217,PHARM-014,220,82.0,2026-09-26,2025-11-18,AVAILABLE,NONE
INV-004983,MED-022,Glimepiride 2mg,Antidiabetic,BAT-022-928,PHARM-014,239,52.0,2027-01-31,2026-06-13,AVAILABLE,NONE
INV-004984,MED-011,Cefixime 200mg,Antibiotic,BAT-011-621,PHARM-014,195,140.0,2026-12-25,2026-05-19,AVAILABLE,NONE
INV-004985,MED-040,Spironolactone 25mg,Cardiovascular,BAT-040-185,PHARM-014,78,48.0,2027-06-21,2026-06-18,AVAILABLE,NONE
INV-004986,MED-053,Itraconazole 100mg,Antifungal,BAT-053-733,PHARM-014,301,165.0,2026-08-19,2026-04-27,NEAR_EXPIRY,NONE
INV-004987,MED-058,Sitagliptin 100mg,Antidiabetic,BAT-058-177,PHARM-014,137,240.0,2026-10-05,2026-02-01,AVAILABLE,NONE
INV-004988,MED-028,Ondansetron 4mg,Gastrointestinal,BAT-028-896,PHARM-014,344,42.0,2026-08-15,2025-11-10,NEAR_EXPIRY,NONE
INV-004989,MED-044,Thyroxine Sodium 50mcg,Endocrine,BAT-044-562,PHARM-014,94,125.0,2026-07-03,2025-11-08,EXPIRED,NONE
INV-004990,MED-023,Vildagliptin 50mg,Antidiabetic,BAT-023-970,PHARM-014,115,175.0,2026-11-24,2025-09-14,AVAILABLE,NONE
INV-004991,MED-056,Bisoprolol 2.5mg,Cardiovascular,BAT-056-301,PHARM-014,11,72.0,2026-09-01,2026-06-17,NEAR_EXPIRY,NONE
INV-004992,MED-001,Paracetamol 650mg,Analgesic,BAT-001-234,PHARM-014,342,32.5,2026-09-07,2025-08-19,NEAR_EXPIRY,NONE
INV-004993,MED-003,Azithromycin 500mg,Antibiotic,BAT-003-318,PHARM-014,34,120.0,2026-10-12,2026-02-07,AVAILABLE,NONE
INV-004994,MED-011,Cefixime 200mg,Antibiotic,BAT-011-708,PHARM-014,214,140.0,2026-09-28,2026-02-04,AVAILABLE,NONE
INV-004995,MED-026,Clopidogrel 75mg,Cardiovascular,BAT-026-148,PHARM-014,89,88.0,2026-09-15,2026-03-16,AVAILABLE,NONE
INV-004996,MED-001,Paracetamol 650mg,Analgesic,BAT-001-719,PHARM-014,167,32.5,2026-09-12,2026-04-01,NEAR_EXPIRY,NONE
INV-004997,MED-020,Piperacillin + Tazobactam 4.5g,Antibiotic,BAT-020-740,PHARM-014,57,490.0,2026-10-07,2026-06-10,AVAILABLE,NONE
INV-004998,MED-016,Ibuprofen 400mg,Analgesic,BAT-016-907,PHARM-014,31,28.0,2026-09-17,2025-12-10,AVAILABLE,NONE
INV-004999,MED-005,Human Regular Insulin 100IU,Antidiabetic,BAT-005-349,PHARM-014,64,350.0,2027-05-30,2025-10-07,AVAILABLE,NONE
INV-005000,MED-005,Human Regular Insulin 100IU,Antidiabetic,BAT-005-149,PHARM-014,18,350.0,2026-08-16,2026-02-05,NEAR_EXPIRY,NONE
INV-005001,MED-035,Dexamethasone 4mg Injection,Steroid,BAT-035-417,PHARM-014,17,25.0,2026-08-15,2026-04-25,NEAR_EXPIRY,NONE
INV-005002,MED-012,Ciprofloxacin 500mg,Antibiotic,BAT-012-132,PHARM-014,245,65.0,2026-11-22,2025-10-07,AVAILABLE,NONE
INV-005003,MED-049,Aceclofenac + Paracetamol,Analgesic,BAT-049-788,PHARM-014,219,60.0,2026-10-07,2025-12-29,AVAILABLE,NONE
INV-005004,MED-041,Alprazolam 0.5mg,Psychiatric,BAT-041-520,PHARM-014,80,35.0,2026-09-14,2026-03-24,AVAILABLE,NONE
INV-005005,MED-035,Dexamethasone 4mg Injection,Steroid,BAT-035-678,PHARM-014,142,25.0,2026-10-06,2026-06-01,AVAILABLE,NONE
INV-005006,MED-016,Ibuprofen 400mg,Analgesic,BAT-016-855,PHARM-014,211,28.0,2026-09-28,2026-01-02,AVAILABLE,NONE
INV-005007,MED-033,Vancomycin 500mg Injection,Antibiotic,BAT-033-706,PHARM-014,143,420.0,2026-09-27,2026-02-09,AVAILABLE,NONE
INV-005008,MED-012,Ciprofloxacin 500mg,Antibiotic,BAT-012-147,PHARM-014,40,65.0,2026-08-05,2026-06-24,EXPIRED,NONE
INV-005009,MED-017,Tramadol 50mg,Analgesic,BAT-017-815,PHARM-014,22,90.0,2027-06-13,2026-05-25,AVAILABLE,NONE
INV-005010,MED-030,Doxycycline 100mg,Antibiotic,BAT-030-216,PHARM-014,403,68.0,2026-09-08,2025-12-05,NEAR_EXPIRY,NONE
INV-005011,MED-043,Sertraline 50mg,Psychiatric,BAT-043-645,PHARM-014,201,105.0,2026-08-27,2025-09-08,NEAR_EXPIRY,NONE
INV-005012,MED-024,Dapagliflozin 10mg,Antidiabetic,BAT-024-182,PHARM-014,212,220.0,2027-08-09,2026-05-20,AVAILABLE,NONE
INV-005013,MED-006,Atorvastatin 20mg,Cardiovascular,BAT-006-737,PHARM-014,112,95.0,2027-03-18,2026-03-02,AVAILABLE,NONE
INV-005014,MED-017,Tramadol 50mg,Analgesic,BAT-017-472,PHARM-014,177,90.0,2026-09-18,2025-12-12,AVAILABLE,NONE
INV-005015,MED-026,Clopidogrel 75mg,Cardiovascular,BAT-026-452,PHARM-014,97,88.0,2026-08-25,2026-01-23,NEAR_EXPIRY,NONE
INV-005016,MED-032,Linezolid 600mg,Antibiotic,BAT-032-180,PHARM-014,195,340.0,2026-10-07,2026-03-17,AVAILABLE,NONE
INV-005017,MED-052,Fluconazole 150mg,Antifungal,BAT-052-219,PHARM-014,56,45.0,2026-10-08,2025-11-01,AVAILABLE,NONE
INV-005018,MED-055,Betamethasone 0.5mg,Steroid,BAT-055-535,PHARM-014,47,15.0,2026-09-26,2026-03-14,AVAILABLE,NONE
INV-005019,MED-009,Pantoprazole 40mg,Gastrointestinal,BAT-009-859,PHARM-014,218,85.0,2027-04-27,2025-12-22,AVAILABLE,NONE
INV-005020,MED-029,Rabeprazole 20mg,Gastrointestinal,BAT-029-656,PHARM-014,113,75.0,2027-04-22,2026-03-25,AVAILABLE,NONE
INV-005021,MED-032,Linezolid 600mg,Antibiotic,BAT-032-312,PHARM-014,172,340.0,2026-08-19,2025-11-23,NEAR_EXPIRY,NONE
INV-005022,MED-053,Itraconazole 100mg,Antifungal,BAT-053-147,PHARM-014,195,165.0,2027-02-02,2026-04-22,AVAILABLE,NONE
INV-005023,MED-042,Escitalopram 10mg,Psychiatric,BAT-042-834,PHARM-014,97,85.0,2026-11-18,2026-02-18,AVAILABLE,NONE
INV-005024,MED-020,Piperacillin + Tazobactam 4.5g,Antibiotic,BAT-020-906,PHARM-014,146,490.0,2027-01-12,2025-12-27,AVAILABLE,NONE
INV-005025,MED-028,Ondansetron 4mg,Gastrointestinal,BAT-028-309,PHARM-014,48,42.0,2026-07-01,2026-03-26,EXPIRED,NONE
INV-005026,MED-005,Human Regular Insulin 100IU,Antidiabetic,BAT-005-924,PHARM-014,195,350.0,2026-09-17,2025-11-23,AVAILABLE,NONE
INV-005027,MED-020,Piperacillin + Tazobactam 4.5g,Antibiotic,BAT-020-278,PHARM-014,67,490.0,2027-04-23,2025-08-29,AVAILABLE,NONE
INV-005028,MED-019,Meropenem 1g Injection,Antibiotic,BAT-019-623,PHARM-014,157,850.0,2026-08-18,2026-03-21,NEAR_EXPIRY,NONE
INV-005029,MED-017,Tramadol 50mg,Analgesic,BAT-017-590,PHARM-014,100,90.0,2027-04-30,2026-07-02,AVAILABLE,NONE
INV-005030,MED-025,Rosuvastatin 10mg,Cardiovascular,BAT-025-651,PHARM-014,38,110.0,2026-09-07,2025-09-29,NEAR_EXPIRY,NONE
INV-005031,MED-014,Salbutamol Inhaler 100mcg,Respiratory,BAT-014-486,PHARM-014,20,160.0,2026-09-21,2025-10-06,AVAILABLE,NONE
INV-005032,MED-002,Amoxicillin + Clavulanate 625mg,Antibiotic,BAT-002-384,PHARM-014,302,185.0,2026-09-12,2025-10-11,NEAR_EXPIRY,NONE
INV-005033,MED-015,Budesonide Inhaler 200mcg,Respiratory,BAT-015-806,PHARM-014,66,280.0,2027-08-05,2026-06-05,AVAILABLE,NONE
INV-005034,MED-048,Diclofenac Sodium 50mg,Analgesic,BAT-048-248,PHARM-014,15,30.0,2026-08-20,2025-09-14,NEAR_EXPIRY,NONE
INV-005035,MED-025,Rosuvastatin 10mg,Cardiovascular,BAT-025-437,PHARM-014,117,110.0,2026-08-24,2025-09-12,NEAR_EXPIRY,NONE
INV-005036,MED-048,Diclofenac Sodium 50mg,Analgesic,BAT-048-802,PHARM-014,159,30.0,2026-09-16,2026-05-02,AVAILABLE,NONE
INV-005037,MED-029,Rabeprazole 20mg,Gastrointestinal,BAT-029-274,PHARM-014,142,75.0,2026-09-22,2026-05-11,AVAILABLE,NONE
INV-005038,MED-008,Amlodipine 5mg,Cardiovascular,BAT-008-631,PHARM-014,49,38.0,2026-07-10,2026-04-08,EXPIRED,NONE
INV-005039,MED-029,Rabeprazole 20mg,Gastrointestinal,BAT-029-813,PHARM-014,186,75.0,2027-05-07,2025-09-20,AVAILABLE,NONE
INV-005040,MED-004,Metformin 500mg SR,Antidiabetic,BAT-004-968,PHARM-014,413,45.0,2026-09-05,2025-11-12,NEAR_EXPIRY,NONE
INV-005041,MED-031,Levofloxacin 500mg,Antibiotic,BAT-031-391,PHARM-014,173,95.0,2026-10-03,2025-09-21,AVAILABLE,NONE
INV-005042,MED-004,Metformin 500mg SR,Antidiabetic,BAT-004-423,PHARM-014,47,45.0,2026-12-22,2026-04-24,AVAILABLE,NONE
INV-005043,MED-032,Linezolid 600mg,Antibiotic,BAT-032-227,PHARM-014,135,340.0,2026-09-04,2026-05-20,NEAR_EXPIRY,NONE
INV-005044,MED-034,Methylprednisolone 16mg,Steroid,BAT-034-855,PHARM-014,189,110.0,2026-10-01,2026-05-28,AVAILABLE,NONE
INV-005045,MED-007,Telmisartan 40mg,Cardiovascular,BAT-007-109,PHARM-014,181,78.0,2026-07-31,2025-12-06,EXPIRED,NONE
INV-005046,MED-052,Fluconazole 150mg,Antifungal,BAT-052-801,PHARM-014,44,45.0,2026-09-21,2026-02-05,AVAILABLE,NONE
INV-005047,MED-027,Aspirin 75mg Gastro-resistant,Cardiovascular,BAT-027-304,PHARM-014,143,22.0,2026-08-18,2026-05-28,NEAR_EXPIRY,NONE
INV-005048,MED-029,Rabeprazole 20mg,Gastrointestinal,BAT-029-937,PHARM-014,46,75.0,2027-05-14,2026-04-15,AVAILABLE,NONE
INV-005049,MED-027,Aspirin 75mg Gastro-resistant,Cardiovascular,BAT-027-711,PHARM-014,144,22.0,2026-09-20,2026-02-09,AVAILABLE,NONE
INV-005050,MED-059,Empagliflozin 25mg,Antidiabetic,BAT-059-674,PHARM-014,234,290.0,2026-07-08,2025-10-29,EXPIRED,NONE
INV-005051,MED-058,Sitagliptin 100mg,Antidiabetic,BAT-058-316,PHARM-014,185,240.0,2027-08-12,2025-10-19,AVAILABLE,NONE
INV-005052,MED-038,Fexofenadine 120mg,Antihistamine,BAT-038-699,PHARM-014,32,82.0,2026-08-27,2026-06-18,NEAR_EXPIRY,NONE
INV-005053,MED-042,Escitalopram 10mg,Psychiatric,BAT-042-943,PHARM-014,146,85.0,2026-09-27,2026-07-09,AVAILABLE,NONE
INV-005054,MED-023,Vildagliptin 50mg,Antidiabetic,BAT-023-293,PHARM-014,35,175.0,2026-08-16,2026-04-19,NEAR_EXPIRY,NONE
INV-005055,MED-052,Fluconazole 150mg,Antifungal,BAT-052-957,PHARM-014,240,45.0,2026-07-05,2026-03-14,EXPIRED,NONE
INV-005056,MED-034,Methylprednisolone 16mg,Steroid,BAT-034-437,PHARM-014,237,110.0,2026-10-08,2026-02-28,AVAILABLE,NONE
INV-005057,MED-003,Azithromycin 500mg,Antibiotic,BAT-003-417,PHARM-014,141,120.0,2027-02-15,2025-09-10,AVAILABLE,NONE
INV-005058,MED-044,Thyroxine Sodium 50mcg,Endocrine,BAT-044-267,PHARM-014,21,125.0,2026-08-31,2025-09-11,NEAR_EXPIRY,NONE
INV-005059,MED-022,Glimepiride 2mg,Antidiabetic,BAT-022-811,PHARM-014,194,52.0,2027-02-11,2025-12-12,AVAILABLE,NONE
INV-005060,MED-039,Hydrochlorothiazide 12.5mg,Cardiovascular,BAT-039-700,PHARM-014,59,24.0,2026-12-16,2025-10-08,AVAILABLE,NONE
INV-005061,MED-031,Levofloxacin 500mg,Antibiotic,BAT-031-971,PHARM-014,174,95.0,2027-02-02,2026-02-23,AVAILABLE,NONE
INV-005062,MED-041,Alprazolam 0.5mg,Psychiatric,BAT-041-257,PHARM-014,47,35.0,2027-04-07,2026-05-02,AVAILABLE,NONE
INV-005063,MED-029,Rabeprazole 20mg,Gastrointestinal,BAT-029-928,PHARM-014,199,75.0,2026-07-06,2026-02-26,EXPIRED,NONE
INV-005064,MED-048,Diclofenac Sodium 50mg,Analgesic,BAT-048-288,PHARM-014,37,30.0,2026-10-12,2026-01-31,AVAILABLE,NONE
INV-005065,MED-041,Alprazolam 0.5mg,Psychiatric,BAT-041-856,PHARM-014,249,35.0,2027-05-17,2026-03-07,AVAILABLE,NONE
INV-005066,MED-012,Ciprofloxacin 500mg,Antibiotic,BAT-012-208,PHARM-014,227,65.0,2027-05-09,2026-04-13,AVAILABLE,NONE
INV-005067,MED-003,Azithromycin 500mg,Antibiotic,BAT-003-224,PHARM-014,116,120.0,2026-09-09,2025-10-11,NEAR_EXPIRY,NONE
INV-005068,MED-007,Telmisartan 40mg,Cardiovascular,BAT-007-944,PHARM-014,84,78.0,2027-07-25,2026-03-31,AVAILABLE,NONE
INV-005069,MED-021,Losartan 50mg,Cardiovascular,BAT-021-339,PHARM-014,34,62.0,2026-08-28,2026-05-28,NEAR_EXPIRY,NONE
INV-005070,MED-001,Paracetamol 650mg,Analgesic,BAT-001-890,PHARM-014,189,32.5,2026-09-30,2025-11-17,AVAILABLE,NONE
INV-005071,MED-048,Diclofenac Sodium 50mg,Analgesic,BAT-048-445,PHARM-014,129,30.0,2026-07-07,2025-08-31,EXPIRED,NONE
INV-005072,MED-045,Calcium 500mg + Vitamin D3,Nutritional,BAT-045-777,PHARM-014,234,65.0,2026-09-09,2026-02-09,NEAR_EXPIRY,NONE
INV-005073,MED-018,Enoxaparin 40mg Injection,Cardiovascular,BAT-018-846,PHARM-014,176,450.0,2026-10-07,2026-06-29,AVAILABLE,NONE
INV-005074,MED-039,Hydrochlorothiazide 12.5mg,Cardiovascular,BAT-039-987,PHARM-014,143,24.0,2027-06-06,2026-04-16,AVAILABLE,NONE
INV-005075,MED-041,Alprazolam 0.5mg,Psychiatric,BAT-041-895,PHARM-014,23,35.0,2026-08-24,2026-04-10,NEAR_EXPIRY,NONE
INV-005076,MED-005,Human Regular Insulin 100IU,Antidiabetic,BAT-005-998,PHARM-014,99,350.0,2026-09-10,2026-04-01,NEAR_EXPIRY,NONE
INV-005077,MED-029,Rabeprazole 20mg,Gastrointestinal,BAT-029-129,PHARM-014,142,75.0,2026-12-14,2025-11-13,AVAILABLE,NONE
INV-005078,MED-043,Sertraline 50mg,Psychiatric,BAT-043-331,PHARM-014,98,105.0,2027-01-14,2026-02-15,AVAILABLE,NONE
INV-005079,MED-009,Pantoprazole 40mg,Gastrointestinal,BAT-009-766,PHARM-014,237,85.0,2026-10-07,2026-04-19,AVAILABLE,NONE
INV-005080,MED-018,Enoxaparin 40mg Injection,Cardiovascular,BAT-018-196,PHARM-014,234,450.0,2026-10-09,2025-09-03,AVAILABLE,NONE
INV-005081,MED-047,Iron + Folic Acid Tablets,Nutritional,BAT-047-335,PHARM-014,82,50.0,2026-10-13,2026-06-14,AVAILABLE,NONE
INV-005082,MED-012,Ciprofloxacin 500mg,Antibiotic,BAT-012-851,PHARM-014,250,65.0,2026-09-23,2026-03-17,AVAILABLE,NONE
INV-005083,MED-001,Paracetamol 650mg,Analgesic,BAT-001-196,PHARM-014,19,32.5,2026-08-21,2025-10-10,NEAR_EXPIRY,NONE
INV-005084,MED-019,Meropenem 1g Injection,Antibiotic,BAT-019-879,PHARM-014,59,850.0,2027-03-01,2025-10-05,AVAILABLE,NONE
INV-005085,MED-043,Sertraline 50mg,Psychiatric,BAT-043-784,PHARM-014,201,105.0,2026-08-17,2026-06-30,NEAR_EXPIRY,NONE
INV-005086,MED-039,Hydrochlorothiazide 12.5mg,Cardiovascular,BAT-039-415,PHARM-014,248,24.0,2026-10-06,2025-12-03,AVAILABLE,NONE
INV-005087,MED-006,Atorvastatin 20mg,Cardiovascular,BAT-006-220,PHARM-014,106,95.0,2026-09-16,2025-10-25,AVAILABLE,NONE
INV-005088,MED-027,Aspirin 75mg Gastro-resistant,Cardiovascular,BAT-027-380,PHARM-014,92,22.0,2026-10-02,2026-07-11,AVAILABLE,NONE
INV-005089,MED-007,Telmisartan 40mg,Cardiovascular,BAT-007-416,PHARM-014,27,78.0,2026-09-10,2025-11-04,NEAR_EXPIRY,NONE
INV-005090,MED-030,Doxycycline 100mg,Antibiotic,BAT-030-139,PHARM-014,126,68.0,2026-09-11,2026-02-02,NEAR_EXPIRY,NONE
INV-005091,MED-006,Atorvastatin 20mg,Cardiovascular,BAT-006-800,PHARM-014,231,95.0,2026-09-30,2025-08-25,AVAILABLE,NONE
INV-005092,MED-012,Ciprofloxacin 500mg,Antibiotic,BAT-012-494,PHARM-014,26,65.0,2026-11-19,2026-06-07,AVAILABLE,NONE
INV-005093,MED-042,Escitalopram 10mg,Psychiatric,BAT-042-304,PHARM-014,391,85.0,2026-09-10,2026-02-03,NEAR_EXPIRY,NONE
INV-005094,MED-038,Fexofenadine 120mg,Antihistamine,BAT-038-279,PHARM-014,81,82.0,2026-09-19,2026-06-27,AVAILABLE,NONE
INV-005095,MED-031,Levofloxacin 500mg,Antibiotic,BAT-031-491,PHARM-014,128,95.0,2026-10-05,2026-01-01,AVAILABLE,NONE
INV-005096,MED-039,Hydrochlorothiazide 12.5mg,Cardiovascular,BAT-039-277,PHARM-014,79,24.0,2026-09-21,2026-04-21,AVAILABLE,NONE
INV-005097,MED-035,Dexamethasone 4mg Injection,Steroid,BAT-035-492,PHARM-014,233,25.0,2026-09-16,2026-05-29,AVAILABLE,NONE
INV-005098,MED-005,Human Regular Insulin 100IU,Antidiabetic,BAT-005-740,PHARM-014,175,350.0,2027-01-20,2025-10-11,AVAILABLE,NONE
INV-005099,MED-044,Thyroxine Sodium 50mcg,Endocrine,BAT-044-116,PHARM-014,52,125.0,2027-03-19,2025-08-31,AVAILABLE,NONE
INV-005100,MED-018,Enoxaparin 40mg Injection,Cardiovascular,BAT-018-769,PHARM-014,20,450.0,2027-03-13,2025-08-26,AVAILABLE,NONE
INV-005101,MED-025,Rosuvastatin 10mg,Cardiovascular,BAT-025-534,PHARM-014,89,110.0,2026-09-20,2026-04-16,AVAILABLE,NONE
INV-005102,MED-027,Aspirin 75mg Gastro-resistant,Cardiovascular,BAT-027-295,PHARM-014,157,22.0,2027-07-05,2026-04-03,AVAILABLE,NONE
INV-005103,MED-039,Hydrochlorothiazide 12.5mg,Cardiovascular,BAT-039-335,PHARM-014,440,24.0,2026-09-06,2026-03-16,NEAR_EXPIRY,NONE
INV-005104,MED-034,Methylprednisolone 16mg,Steroid,BAT-034-490,PHARM-014,207,110.0,2027-02-21,2025-12-04,AVAILABLE,NONE
INV-005105,MED-003,Azithromycin 500mg,Antibiotic,BAT-003-619,PHARM-014,227,120.0,2027-04-17,2025-12-05,AVAILABLE,NONE
INV-005106,MED-019,Meropenem 1g Injection,Antibiotic,BAT-019-279,PHARM-014,441,850.0,2026-09-08,2026-02-20,NEAR_EXPIRY,NONE
INV-005107,MED-009,Pantoprazole 40mg,Gastrointestinal,BAT-009-667,PHARM-014,18,85.0,2026-09-05,2026-01-28,NEAR_EXPIRY,NONE
INV-005108,MED-037,Cetirizine 10mg,Antihistamine,BAT-037-982,PHARM-014,145,20.0,2026-08-21,2026-01-19,NEAR_EXPIRY,NONE
INV-005109,MED-057,Carvedilol 6.25mg,Cardiovascular,BAT-057-591,PHARM-014,165,54.0,2027-02-18,2025-08-26,AVAILABLE,NONE
INV-005110,MED-028,Ondansetron 4mg,Gastrointestinal,BAT-028-926,PHARM-014,92,42.0,2027-05-18,2025-09-09,AVAILABLE,NONE
INV-005111,MED-021,Losartan 50mg,Cardiovascular,BAT-021-314,PHARM-014,240,62.0,2026-10-10,2026-01-31,AVAILABLE,NONE
INV-005112,MED-031,Levofloxacin 500mg,Antibiotic,BAT-031-514,PHARM-014,51,95.0,2026-07-15,2026-01-28,EXPIRED,NONE
INV-005113,MED-052,Fluconazole 150mg,Antifungal,BAT-052-662,PHARM-014,34,45.0,2026-08-23,2025-10-21,NEAR_EXPIRY,NONE
INV-005114,MED-036,Prednisolone 10mg,Steroid,BAT-036-620,PHARM-014,152,30.0,2026-08-30,2025-11-24,NEAR_EXPIRY,NONE
INV-005115,MED-034,Methylprednisolone 16mg,Steroid,BAT-034-544,PHARM-014,176,110.0,2026-10-01,2025-12-07,AVAILABLE,NONE
INV-005116,MED-038,Fexofenadine 120mg,Antihistamine,BAT-038-364,PHARM-014,47,82.0,2026-06-30,2025-11-24,EXPIRED,NONE
INV-005117,MED-030,Doxycycline 100mg,Antibiotic,BAT-030-817,PHARM-014,169,68.0,2026-07-17,2025-08-21,EXPIRED,NONE
INV-005118,MED-004,Metformin 500mg SR,Antidiabetic,BAT-004-187,PHARM-014,41,45.0,2026-10-13,2026-03-04,AVAILABLE,NONE
INV-005119,MED-006,Atorvastatin 20mg,Cardiovascular,BAT-006-126,PHARM-014,223,95.0,2027-02-24,2026-03-27,AVAILABLE,NONE
INV-005120,MED-046,Vitamin B-Complex + B12,Nutritional,BAT-046-558,PHARM-014,141,40.0,2026-09-06,2026-05-24,NEAR_EXPIRY,NONE
INV-005121,MED-047,Iron + Folic Acid Tablets,Nutritional,BAT-047-433,PHARM-014,158,50.0,2026-11-22,2026-07-15,AVAILABLE,NONE
INV-005122,MED-047,Iron + Folic Acid Tablets,Nutritional,BAT-047-617,PHARM-014,118,50.0,2026-12-02,2025-12-11,AVAILABLE,NONE
INV-005123,MED-032,Linezolid 600mg,Antibiotic,BAT-032-778,PHARM-014,272,340.0,2026-09-12,2026-02-16,NEAR_EXPIRY,NONE
INV-005124,MED-014,Salbutamol Inhaler 100mcg,Respiratory,BAT-014-476,PHARM-014,167,160.0,2027-05-24,2025-09-06,AVAILABLE,NONE
INV-005125,MED-034,Methylprednisolone 16mg,Steroid,BAT-034-435,PHARM-014,102,110.0,2027-03-05,2026-07-06,AVAILABLE,NONE
INV-005126,MED-049,Aceclofenac + Paracetamol,Analgesic,BAT-049-117,PHARM-014,108,60.0,2026-09-04,2025-08-19,NEAR_EXPIRY,NONE
INV-005127,MED-020,Piperacillin + Tazobactam 4.5g,Antibiotic,BAT-020-146,PHARM-014,250,490.0,2027-02-26,2026-05-07,AVAILABLE,NONE
INV-005128,MED-012,Ciprofloxacin 500mg,Antibiotic,BAT-012-914,PHARM-014,232,65.0,2026-09-29,2025-10-01,AVAILABLE,NONE
INV-005129,MED-045,Calcium 500mg + Vitamin D3,Nutritional,BAT-045-649,PHARM-014,164,65.0,2026-08-17,2025-09-18,NEAR_EXPIRY,NONE
INV-005130,MED-003,Azithromycin 500mg,Antibiotic,BAT-003-964,PHARM-014,111,120.0,2026-09-12,2026-05-10,NEAR_EXPIRY,NONE
INV-005131,MED-056,Bisoprolol 2.5mg,Cardiovascular,BAT-056-822,PHARM-014,213,72.0,2026-09-19,2025-11-06,AVAILABLE,NONE
INV-005132,MED-025,Rosuvastatin 10mg,Cardiovascular,BAT-025-995,PHARM-014,38,110.0,2026-10-09,2026-02-11,AVAILABLE,NONE
INV-005133,MED-041,Alprazolam 0.5mg,Psychiatric,BAT-041-521,PHARM-014,166,35.0,2026-09-23,2026-03-10,AVAILABLE,NONE
INV-005134,MED-016,Ibuprofen 400mg,Analgesic,BAT-016-876,PHARM-014,191,28.0,2026-11-09,2025-12-19,AVAILABLE,NONE
INV-005135,MED-025,Rosuvastatin 10mg,Cardiovascular,BAT-025-300,PHARM-014,24,110.0,2026-09-21,2026-01-31,AVAILABLE,NONE
INV-005136,MED-047,Iron + Folic Acid Tablets,Nutritional,BAT-047-960,PHARM-014,237,50.0,2026-08-08,2026-06-02,EXPIRED,NONE
INV-005137,MED-049,Aceclofenac + Paracetamol,Analgesic,BAT-049-244,PHARM-014,173,60.0,2026-09-26,2025-12-03,AVAILABLE,NONE
INV-005138,MED-022,Glimepiride 2mg,Antidiabetic,BAT-022-186,PHARM-014,214,52.0,2026-09-14,2025-09-06,AVAILABLE,NONE
INV-005139,MED-019,Meropenem 1g Injection,Antibiotic,BAT-019-758,PHARM-014,242,850.0,2026-12-28,2025-10-31,AVAILABLE,NONE
INV-005140,MED-058,Sitagliptin 100mg,Antidiabetic,BAT-058-825,PHARM-014,116,240.0,2026-09-30,2025-11-07,AVAILABLE,NONE
INV-005141,MED-049,Aceclofenac + Paracetamol,Analgesic,BAT-049-586,PHARM-014,103,60.0,2027-04-30,2026-06-21,AVAILABLE,NONE
INV-005142,MED-027,Aspirin 75mg Gastro-resistant,Cardiovascular,BAT-027-250,PHARM-014,75,22.0,2027-05-18,2026-06-19,AVAILABLE,NONE
INV-005143,MED-017,Tramadol 50mg,Analgesic,BAT-017-411,PHARM-014,330,90.0,2026-09-10,2026-02-21,NEAR_EXPIRY,NONE
INV-005144,MED-025,Rosuvastatin 10mg,Cardiovascular,BAT-025-865,PHARM-014,12,110.0,2026-09-08,2026-03-12,NEAR_EXPIRY,NONE
INV-005145,MED-024,Dapagliflozin 10mg,Antidiabetic,BAT-024-550,PHARM-014,36,220.0,2026-08-20,2025-12-12,NEAR_EXPIRY,NONE
INV-005146,MED-054,Ranitidine 150mg,Gastrointestinal,BAT-054-227,PHARM-014,168,25.0,2026-09-02,2025-11-29,NEAR_EXPIRY,NONE
INV-005147,MED-012,Ciprofloxacin 500mg,Antibiotic,BAT-012-791,PHARM-014,82,65.0,2027-04-30,2025-12-16,AVAILABLE,NONE
INV-005148,MED-026,Clopidogrel 75mg,Cardiovascular,BAT-026-555,PHARM-014,175,88.0,2026-08-23,2025-10-13,NEAR_EXPIRY,NONE
INV-005149,MED-017,Tramadol 50mg,Analgesic,BAT-017-902,PHARM-014,176,90.0,2027-04-23,2025-11-04,AVAILABLE,NONE
INV-005150,MED-018,Enoxaparin 40mg Injection,Cardiovascular,BAT-018-800,PHARM-014,234,450.0,2027-03-09,2026-02-19,AVAILABLE,NONE
INV-005151,MED-033,Vancomycin 500mg Injection,Antibiotic,BAT-033-829,PHARM-014,314,420.0,2026-08-17,2026-01-25,NEAR_EXPIRY,NONE
INV-005152,MED-030,Doxycycline 100mg,Antibiotic,BAT-030-906,PHARM-014,212,68.0,2026-10-28,2026-03-08,AVAILABLE,NONE
INV-005153,MED-051,Metronidazole 400mg,Antibiotic,BAT-051-345,PHARM-014,27,32.0,2026-09-04,2025-11-14,NEAR_EXPIRY,NONE
INV-005154,MED-017,Tramadol 50mg,Analgesic,BAT-017-993,PHARM-014,127,90.0,2026-07-14,2026-04-30,EXPIRED,NONE
INV-005155,MED-030,Doxycycline 100mg,Antibiotic,BAT-030-463,PHARM-014,21,68.0,2026-09-05,2026-06-04,NEAR_EXPIRY,NONE
INV-005156,MED-005,Human Regular Insulin 100IU,Antidiabetic,BAT-005-424,PHARM-014,218,350.0,2027-09-12,2025-11-16,AVAILABLE,NONE
INV-005157,MED-014,Salbutamol Inhaler 100mcg,Respiratory,BAT-014-160,PHARM-014,28,160.0,2026-10-09,2025-08-31,AVAILABLE,NONE
INV-005158,MED-042,Escitalopram 10mg,Psychiatric,BAT-042-834,PHARM-014,209,85.0,2026-09-22,2026-06-22,AVAILABLE,NONE
INV-005159,MED-003,Azithromycin 500mg,Antibiotic,BAT-003-915,PHARM-014,33,120.0,2026-09-02,2025-12-18,NEAR_EXPIRY,NONE
INV-005160,MED-048,Diclofenac Sodium 50mg,Analgesic,BAT-048-397,PHARM-014,367,30.0,2026-09-07,2026-03-03,NEAR_EXPIRY,NONE
INV-005161,MED-028,Ondansetron 4mg,Gastrointestinal,BAT-028-474,PHARM-014,421,42.0,2026-08-27,2026-03-12,NEAR_EXPIRY,NONE
INV-005162,MED-009,Pantoprazole 40mg,Gastrointestinal,BAT-009-521,PHARM-014,194,85.0,2027-09-02,2025-12-07,AVAILABLE,NONE
INV-005163,MED-059,Empagliflozin 25mg,Antidiabetic,BAT-059-787,PHARM-014,86,290.0,2026-11-01,2026-07-09,AVAILABLE,NONE
INV-005164,MED-030,Doxycycline 100mg,Antibiotic,BAT-030-129,PHARM-014,35,68.0,2026-11-18,2025-09-26,AVAILABLE,NONE
INV-005165,MED-048,Diclofenac Sodium 50mg,Analgesic,BAT-048-351,PHARM-014,190,30.0,2026-10-08,2026-02-08,AVAILABLE,NONE
INV-005166,MED-024,Dapagliflozin 10mg,Antidiabetic,BAT-024-944,PHARM-014,196,220.0,2026-07-06,2025-12-12,EXPIRED,NONE
INV-005167,MED-049,Aceclofenac + Paracetamol,Analgesic,BAT-049-712,PHARM-014,122,60.0,2026-10-07,2025-11-01,AVAILABLE,NONE
INV-005168,MED-054,Ranitidine 150mg,Gastrointestinal,BAT-054-421,PHARM-014,31,25.0,2026-08-15,2026-06-04,NEAR_EXPIRY,NONE
INV-005169,MED-048,Diclofenac Sodium 50mg,Analgesic,BAT-048-558,PHARM-014,99,30.0,2026-09-16,2026-02-24,AVAILABLE,NONE
INV-005170,MED-047,Iron + Folic Acid Tablets,Nutritional,BAT-047-413,PHARM-014,43,50.0,2026-10-13,2025-11-17,AVAILABLE,NONE
INV-005171,MED-033,Vancomycin 500mg Injection,Antibiotic,BAT-033-758,PHARM-014,20,420.0,2026-10-05,2025-12-18,AVAILABLE,NONE
INV-005172,MED-018,Enoxaparin 40mg Injection,Cardiovascular,BAT-018-837,PHARM-014,122,450.0,2027-05-12,2025-11-21,AVAILABLE,NONE
INV-005173,MED-043,Sertraline 50mg,Psychiatric,BAT-043-766,PHARM-014,201,105.0,2026-09-18,2025-12-31,AVAILABLE,NONE
INV-005174,MED-040,Spironolactone 25mg,Cardiovascular,BAT-040-116,PHARM-014,123,48.0,2027-04-20,2026-01-06,AVAILABLE,NONE
INV-005175,MED-022,Glimepiride 2mg,Antidiabetic,BAT-022-714,PHARM-014,270,52.0,2026-09-07,2025-09-18,NEAR_EXPIRY,NONE
INV-005176,MED-011,Cefixime 200mg,Antibiotic,BAT-011-818,PHARM-014,206,140.0,2026-10-15,2026-03-18,AVAILABLE,NONE
INV-005177,MED-012,Ciprofloxacin 500mg,Antibiotic,BAT-012-688,PHARM-014,93,65.0,2026-10-13,2026-04-11,AVAILABLE,NONE
INV-005178,MED-055,Betamethasone 0.5mg,Steroid,BAT-055-117,PHARM-014,359,15.0,2026-09-06,2026-02-04,NEAR_EXPIRY,NONE
INV-005179,MED-028,Ondansetron 4mg,Gastrointestinal,BAT-028-278,PHARM-014,110,42.0,2026-08-10,2026-04-27,EXPIRED,NONE
INV-005180,MED-005,Human Regular Insulin 100IU,Antidiabetic,BAT-005-321,PHARM-014,28,350.0,2026-09-26,2026-05-31,AVAILABLE,NONE
INV-005181,MED-020,Piperacillin + Tazobactam 4.5g,Antibiotic,BAT-020-596,PHARM-014,74,490.0,2026-09-21,2026-02-08,AVAILABLE,NONE
INV-005182,MED-036,Prednisolone 10mg,Steroid,BAT-036-704,PHARM-014,92,30.0,2026-09-07,2026-05-30,NEAR_EXPIRY,NONE
INV-005183,MED-020,Piperacillin + Tazobactam 4.5g,Antibiotic,BAT-020-985,PHARM-014,68,490.0,2026-10-15,2026-02-11,AVAILABLE,NONE
INV-005184,MED-021,Losartan 50mg,Cardiovascular,BAT-021-720,PHARM-014,434,62.0,2026-08-22,2026-03-03,NEAR_EXPIRY,NONE
INV-005185,MED-015,Budesonide Inhaler 200mcg,Respiratory,BAT-015-901,PHARM-014,234,280.0,2026-09-21,2025-10-30,AVAILABLE,NONE
INV-005186,MED-023,Vildagliptin 50mg,Antidiabetic,BAT-023-184,PHARM-014,125,175.0,2027-05-10,2025-10-13,AVAILABLE,NONE
INV-005187,MED-020,Piperacillin + Tazobactam 4.5g,Antibiotic,BAT-020-987,PHARM-014,72,490.0,2026-09-17,2025-11-03,AVAILABLE,NONE
INV-005188,MED-006,Atorvastatin 20mg,Cardiovascular,BAT-006-308,PHARM-014,68,95.0,2026-07-01,2026-01-09,EXPIRED,NONE
INV-005189,MED-001,Paracetamol 650mg,Analgesic,BAT-001-244,PHARM-014,88,32.5,2026-09-20,2026-01-15,AVAILABLE,NONE
INV-005190,MED-058,Sitagliptin 100mg,Antidiabetic,BAT-058-528,PHARM-014,109,240.0,2026-09-16,2026-02-03,AVAILABLE,NONE
INV-005191,MED-014,Salbutamol Inhaler 100mcg,Respiratory,BAT-014-736,PHARM-014,183,160.0,2027-04-18,2025-10-19,AVAILABLE,NONE
INV-005192,MED-011,Cefixime 200mg,Antibiotic,BAT-011-810,PHARM-014,103,140.0,2026-10-03,2026-05-16,AVAILABLE,NONE
INV-005193,MED-022,Glimepiride 2mg,Antidiabetic,BAT-022-997,PHARM-014,227,52.0,2026-11-12,2025-08-31,AVAILABLE,NONE
INV-005194,MED-037,Cetirizine 10mg,Antihistamine,BAT-037-635,PHARM-014,63,20.0,2026-11-21,2026-02-10,AVAILABLE,NONE
INV-005195,MED-036,Prednisolone 10mg,Steroid,BAT-036-484,PHARM-014,78,30.0,2026-09-07,2026-01-27,NEAR_EXPIRY,NONE
INV-005196,MED-023,Vildagliptin 50mg,Antidiabetic,BAT-023-876,PHARM-014,16,175.0,2026-08-19,2025-09-01,NEAR_EXPIRY,NONE
INV-005197,MED-020,Piperacillin + Tazobactam 4.5g,Antibiotic,BAT-020-645,PHARM-014,34,490.0,2026-08-20,2025-09-26,NEAR_EXPIRY,NONE
INV-005198,MED-013,Montelukast + Levocetirizine,Respiratory,BAT-013-645,PHARM-014,68,115.0,2027-04-29,2026-06-12,AVAILABLE,NONE
INV-005199,MED-017,Tramadol 50mg,Analgesic,BAT-017-230,PHARM-014,99,90.0,2027-01-10,2025-09-08,AVAILABLE,NONE
INV-005200,MED-059,Empagliflozin 25mg,Antidiabetic,BAT-059-260,PHARM-014,167,290.0,2027-04-21,2026-05-24,AVAILABLE,NONE
INV-005201,MED-030,Doxycycline 100mg,Antibiotic,BAT-030-862,PHARM-014,235,68.0,2026-11-09,2026-03-14,AVAILABLE,NONE
INV-005202,MED-038,Fexofenadine 120mg,Antihistamine,BAT-038-853,PHARM-014,20,82.0,2026-08-19,2026-05-24,NEAR_EXPIRY,NONE
INV-005203,MED-019,Meropenem 1g Injection,Antibiotic,BAT-019-192,PHARM-014,12,850.0,2026-09-03,2026-06-01,NEAR_EXPIRY,NONE
INV-005204,MED-022,Glimepiride 2mg,Antidiabetic,BAT-022-756,PHARM-014,40,52.0,2026-08-23,2026-01-14,NEAR_EXPIRY,NONE
INV-005205,MED-003,Azithromycin 500mg,Antibiotic,BAT-003-294,PHARM-014,22,120.0,2027-03-14,2026-06-15,AVAILABLE,NONE
INV-005206,MED-029,Rabeprazole 20mg,Gastrointestinal,BAT-029-551,PHARM-014,357,75.0,2026-08-20,2025-10-16,NEAR_EXPIRY,NONE
INV-005207,MED-027,Aspirin 75mg Gastro-resistant,Cardiovascular,BAT-027-469,PHARM-014,216,22.0,2026-10-05,2025-09-04,AVAILABLE,NONE
INV-005208,MED-021,Losartan 50mg,Cardiovascular,BAT-021-427,PHARM-014,201,62.0,2026-10-10,2025-11-24,AVAILABLE,NONE
INV-005209,MED-028,Ondansetron 4mg,Gastrointestinal,BAT-028-343,PHARM-014,352,42.0,2026-08-31,2026-02-09,NEAR_EXPIRY,NONE
INV-005210,MED-007,Telmisartan 40mg,Cardiovascular,BAT-007-244,PHARM-014,88,78.0,2027-08-16,2025-12-19,AVAILABLE,NONE
INV-005211,MED-022,Glimepiride 2mg,Antidiabetic,BAT-022-256,PHARM-014,41,52.0,2026-10-05,2026-06-17,AVAILABLE,NONE
INV-005212,MED-060,Albumin Human 20% 100ml,Critical Care,BAT-060-732,PHARM-014,197,3200.0,2026-08-07,2026-05-24,EXPIRED,NONE
INV-005213,MED-048,Diclofenac Sodium 50mg,Analgesic,BAT-048-491,PHARM-014,215,30.0,2026-09-10,2025-08-21,NEAR_EXPIRY,NONE
INV-005214,MED-047,Iron + Folic Acid Tablets,Nutritional,BAT-047-639,PHARM-014,404,50.0,2026-08-20,2025-08-24,NEAR_EXPIRY,NONE
INV-005215,MED-008,Amlodipine 5mg,Cardiovascular,BAT-008-514,PHARM-014,238,38.0,2026-08-21,2025-10-14,NEAR_EXPIRY,NONE
INV-005216,MED-006,Atorvastatin 20mg,Cardiovascular,BAT-006-748,PHARM-014,93,95.0,2026-09-11,2025-11-02,NEAR_EXPIRY,NONE
INV-005217,MED-054,Ranitidine 150mg,Gastrointestinal,BAT-054-733,PHARM-014,27,25.0,2026-12-27,2025-09-27,AVAILABLE,NONE
INV-005218,MED-034,Methylprednisolone 16mg,Steroid,BAT-034-298,PHARM-014,35,110.0,2026-09-09,2025-08-26,NEAR_EXPIRY,NONE
INV-005219,MED-001,Paracetamol 650mg,Analgesic,BAT-001-453,PHARM-014,35,32.5,2026-09-12,2025-09-27,NEAR_EXPIRY,NONE
INV-005220,MED-049,Aceclofenac + Paracetamol,Analgesic,BAT-049-235,PHARM-014,200,60.0,2026-09-15,2025-10-06,AVAILABLE,NONE
INV-005221,MED-013,Montelukast + Levocetirizine,Respiratory,BAT-013-261,PHARM-014,189,115.0,2026-07-03,2026-05-02,EXPIRED,NONE
INV-005222,MED-030,Doxycycline 100mg,Antibiotic,BAT-030-965,PHARM-014,146,68.0,2026-10-03,2026-03-01,AVAILABLE,NONE
INV-005223,MED-048,Diclofenac Sodium 50mg,Analgesic,BAT-048-231,PHARM-014,138,30.0,2027-07-25,2026-03-07,AVAILABLE,NONE
INV-005224,MED-008,Amlodipine 5mg,Cardiovascular,BAT-008-248,PHARM-014,430,38.0,2026-08-31,2025-09-06,NEAR_EXPIRY,NONE
INV-005225,MED-052,Fluconazole 150mg,Antifungal,BAT-052-145,PHARM-014,246,45.0,2027-07-03,2026-01-27,AVAILABLE,NONE
INV-005226,MED-060,Albumin Human 20% 100ml,Critical Care,BAT-060-922,PHARM-014,181,3200.0,2026-08-04,2025-08-21,EXPIRED,NONE
INV-005227,MED-034,Methylprednisolone 16mg,Steroid,BAT-034-509,PHARM-014,93,110.0,2026-11-05,2026-07-07,AVAILABLE,NONE
INV-005228,MED-036,Prednisolone 10mg,Steroid,BAT-036-129,PHARM-014,87,30.0,2027-01-15,2026-04-18,AVAILABLE,NONE
INV-005229,MED-001,Paracetamol 650mg,Analgesic,BAT-001-528,PHARM-014,87,32.5,2027-06-15,2026-01-13,AVAILABLE,NONE
INV-005230,MED-029,Rabeprazole 20mg,Gastrointestinal,BAT-029-923,PHARM-014,107,75.0,2027-08-20,2025-12-23,AVAILABLE,NONE
INV-005231,MED-003,Azithromycin 500mg,Antibiotic,BAT-003-835,PHARM-014,182,120.0,2026-08-08,2025-09-22,EXPIRED,NONE
INV-005232,MED-033,Vancomycin 500mg Injection,Antibiotic,BAT-033-846,PHARM-014,120,420.0,2026-09-27,2025-09-19,AVAILABLE,NONE
INV-005233,MED-045,Calcium 500mg + Vitamin D3,Nutritional,BAT-045-365,PHARM-014,104,65.0,2026-07-20,2026-04-02,EXPIRED,NONE
INV-005234,MED-041,Alprazolam 0.5mg,Psychiatric,BAT-041-961,PHARM-014,76,35.0,2026-09-18,2026-01-15,AVAILABLE,NONE
INV-005235,MED-036,Prednisolone 10mg,Steroid,BAT-036-603,PHARM-015,133,30.0,2026-09-30,2025-10-17,AVAILABLE,NONE
INV-005236,MED-047,Iron + Folic Acid Tablets,Nutritional,BAT-047-490,PHARM-015,177,50.0,2026-10-13,2026-01-19,AVAILABLE,NONE
INV-005237,MED-040,Spironolactone 25mg,Cardiovascular,BAT-040-949,PHARM-015,188,48.0,2026-07-20,2026-03-16,EXPIRED,NONE
INV-005238,MED-004,Metformin 500mg SR,Antidiabetic,BAT-004-526,PHARM-015,235,45.0,2026-12-23,2026-05-11,AVAILABLE,NONE
INV-005239,MED-038,Fexofenadine 120mg,Antihistamine,BAT-038-123,PHARM-015,162,82.0,2027-01-21,2026-05-31,AVAILABLE,NONE
INV-005240,MED-025,Rosuvastatin 10mg,Cardiovascular,BAT-025-109,PHARM-015,90,110.0,2026-10-02,2026-02-22,AVAILABLE,NONE
INV-005241,MED-043,Sertraline 50mg,Psychiatric,BAT-043-871,PHARM-015,212,105.0,2026-11-23,2025-11-29,AVAILABLE,NONE
INV-005242,MED-037,Cetirizine 10mg,Antihistamine,BAT-037-730,PHARM-015,231,20.0,2026-08-22,2026-07-08,NEAR_EXPIRY,NONE
INV-005243,MED-047,Iron + Folic Acid Tablets,Nutritional,BAT-047-362,PHARM-015,102,50.0,2026-10-08,2025-10-22,AVAILABLE,NONE
INV-005244,MED-047,Iron + Folic Acid Tablets,Nutritional,BAT-047-351,PHARM-015,28,50.0,2026-08-20,2025-10-02,NEAR_EXPIRY,NONE
INV-005245,MED-038,Fexofenadine 120mg,Antihistamine,BAT-038-828,PHARM-015,62,82.0,2026-09-09,2026-05-14,NEAR_EXPIRY,NONE
INV-005246,MED-015,Budesonide Inhaler 200mcg,Respiratory,BAT-015-415,PHARM-015,28,280.0,2026-08-16,2025-12-02,NEAR_EXPIRY,NONE
INV-005247,MED-048,Diclofenac Sodium 50mg,Analgesic,BAT-048-518,PHARM-015,36,30.0,2026-08-23,2025-11-15,NEAR_EXPIRY,NONE
INV-005248,MED-009,Pantoprazole 40mg,Gastrointestinal,BAT-009-773,PHARM-015,162,85.0,2026-10-09,2025-12-26,AVAILABLE,NONE
INV-005249,MED-017,Tramadol 50mg,Analgesic,BAT-017-985,PHARM-015,228,90.0,2027-05-08,2025-10-27,AVAILABLE,NONE
INV-005250,MED-041,Alprazolam 0.5mg,Psychiatric,BAT-041-641,PHARM-015,117,35.0,2027-04-01,2025-12-16,AVAILABLE,NONE
INV-005251,MED-045,Calcium 500mg + Vitamin D3,Nutritional,BAT-045-776,PHARM-015,114,65.0,2026-09-19,2026-04-30,AVAILABLE,NONE
INV-005252,MED-050,Loperamide 2mg,Gastrointestinal,BAT-050-779,PHARM-015,154,18.0,2027-01-03,2025-10-15,AVAILABLE,NONE
INV-005253,MED-058,Sitagliptin 100mg,Antidiabetic,BAT-058-268,PHARM-015,154,240.0,2026-12-09,2025-10-14,AVAILABLE,NONE
INV-005254,MED-014,Salbutamol Inhaler 100mcg,Respiratory,BAT-014-257,PHARM-015,180,160.0,2026-08-23,2026-03-12,NEAR_EXPIRY,NONE
INV-005255,MED-028,Ondansetron 4mg,Gastrointestinal,BAT-028-648,PHARM-015,144,42.0,2027-05-18,2026-02-13,AVAILABLE,NONE
INV-005256,MED-059,Empagliflozin 25mg,Antidiabetic,BAT-059-519,PHARM-015,176,290.0,2026-09-14,2025-08-22,AVAILABLE,NONE
INV-005257,MED-026,Clopidogrel 75mg,Cardiovascular,BAT-026-385,PHARM-015,142,88.0,2027-02-03,2026-01-31,AVAILABLE,NONE
INV-005258,MED-018,Enoxaparin 40mg Injection,Cardiovascular,BAT-018-851,PHARM-015,167,450.0,2026-10-10,2026-02-22,AVAILABLE,NONE
INV-005259,MED-031,Levofloxacin 500mg,Antibiotic,BAT-031-442,PHARM-015,182,95.0,2026-07-22,2026-05-01,EXPIRED,NONE
INV-005260,MED-013,Montelukast + Levocetirizine,Respiratory,BAT-013-183,PHARM-015,353,115.0,2026-09-02,2025-11-13,NEAR_EXPIRY,NONE
INV-005261,MED-011,Cefixime 200mg,Antibiotic,BAT-011-615,PHARM-015,201,140.0,2026-10-01,2025-08-31,AVAILABLE,NONE
INV-005262,MED-030,Doxycycline 100mg,Antibiotic,BAT-030-383,PHARM-015,200,68.0,2026-11-15,2026-06-01,AVAILABLE,NONE
INV-005263,MED-041,Alprazolam 0.5mg,Psychiatric,BAT-041-398,PHARM-015,23,35.0,2026-08-27,2025-10-19,NEAR_EXPIRY,NONE
INV-005264,MED-054,Ranitidine 150mg,Gastrointestinal,BAT-054-866,PHARM-015,146,25.0,2027-08-26,2026-05-16,AVAILABLE,NONE
INV-005265,MED-028,Ondansetron 4mg,Gastrointestinal,BAT-028-363,PHARM-015,141,42.0,2026-09-10,2026-01-25,NEAR_EXPIRY,NONE
INV-005266,MED-005,Human Regular Insulin 100IU,Antidiabetic,BAT-005-885,PHARM-015,99,350.0,2027-05-25,2026-01-13,AVAILABLE,NONE
INV-005267,MED-057,Carvedilol 6.25mg,Cardiovascular,BAT-057-214,PHARM-015,173,54.0,2026-09-30,2025-09-05,AVAILABLE,NONE
INV-005268,MED-028,Ondansetron 4mg,Gastrointestinal,BAT-028-343,PHARM-015,164,42.0,2026-11-08,2026-07-11,AVAILABLE,NONE
INV-005269,MED-014,Salbutamol Inhaler 100mcg,Respiratory,BAT-014-459,PHARM-015,233,160.0,2026-11-14,2025-10-30,AVAILABLE,NONE
INV-005270,MED-008,Amlodipine 5mg,Cardiovascular,BAT-008-505,PHARM-015,214,38.0,2026-11-26,2026-04-08,AVAILABLE,NONE
INV-005271,MED-048,Diclofenac Sodium 50mg,Analgesic,BAT-048-435,PHARM-015,59,30.0,2026-10-04,2025-09-24,AVAILABLE,NONE
INV-005272,MED-012,Ciprofloxacin 500mg,Antibiotic,BAT-012-387,PHARM-015,278,65.0,2026-08-17,2026-05-02,NEAR_EXPIRY,NONE
INV-005273,MED-039,Hydrochlorothiazide 12.5mg,Cardiovascular,BAT-039-271,PHARM-015,311,24.0,2026-09-08,2025-11-12,NEAR_EXPIRY,NONE
INV-005274,MED-045,Calcium 500mg + Vitamin D3,Nutritional,BAT-045-150,PHARM-015,28,65.0,2027-06-30,2026-06-03,AVAILABLE,NONE
INV-005275,MED-018,Enoxaparin 40mg Injection,Cardiovascular,BAT-018-108,PHARM-015,51,450.0,2026-08-17,2026-04-02,NEAR_EXPIRY,NONE
INV-005276,MED-056,Bisoprolol 2.5mg,Cardiovascular,BAT-056-324,PHARM-015,223,72.0,2027-04-23,2025-12-03,AVAILABLE,NONE
INV-005277,MED-057,Carvedilol 6.25mg,Cardiovascular,BAT-057-639,PHARM-015,144,54.0,2026-10-07,2025-12-23,AVAILABLE,NONE
INV-005278,MED-007,Telmisartan 40mg,Cardiovascular,BAT-007-454,PHARM-015,38,78.0,2026-09-04,2026-01-29,NEAR_EXPIRY,NONE
INV-005279,MED-038,Fexofenadine 120mg,Antihistamine,BAT-038-257,PHARM-015,144,82.0,2026-07-17,2025-12-26,EXPIRED,NONE
INV-005280,MED-055,Betamethasone 0.5mg,Steroid,BAT-055-373,PHARM-015,146,15.0,2026-09-18,2025-12-21,AVAILABLE,NONE
INV-005281,MED-009,Pantoprazole 40mg,Gastrointestinal,BAT-009-149,PHARM-015,359,85.0,2026-08-28,2025-08-27,NEAR_EXPIRY,NONE
INV-005282,MED-005,Human Regular Insulin 100IU,Antidiabetic,BAT-005-209,PHARM-015,230,350.0,2027-07-12,2025-09-12,AVAILABLE,NONE
INV-005283,MED-023,Vildagliptin 50mg,Antidiabetic,BAT-023-518,PHARM-015,225,175.0,2026-12-31,2025-11-30,AVAILABLE,NONE
INV-005284,MED-033,Vancomycin 500mg Injection,Antibiotic,BAT-033-473,PHARM-015,141,420.0,2026-08-15,2026-06-24,NEAR_EXPIRY,NONE
INV-005285,MED-047,Iron + Folic Acid Tablets,Nutritional,BAT-047-970,PHARM-015,25,50.0,2026-10-11,2026-03-26,AVAILABLE,NONE
INV-005286,MED-044,Thyroxine Sodium 50mcg,Endocrine,BAT-044-609,PHARM-015,27,125.0,2026-09-01,2025-11-25,NEAR_EXPIRY,NONE
INV-005287,MED-025,Rosuvastatin 10mg,Cardiovascular,BAT-025-286,PHARM-015,322,110.0,2026-09-10,2025-12-14,NEAR_EXPIRY,NONE
INV-005288,MED-033,Vancomycin 500mg Injection,Antibiotic,BAT-033-373,PHARM-015,134,420.0,2026-10-15,2026-02-18,AVAILABLE,NONE
INV-005289,MED-036,Prednisolone 10mg,Steroid,BAT-036-724,PHARM-015,41,30.0,2027-04-07,2026-07-04,AVAILABLE,NONE
INV-005290,MED-043,Sertraline 50mg,Psychiatric,BAT-043-900,PHARM-015,175,105.0,2026-12-04,2025-09-30,AVAILABLE,NONE
INV-005291,MED-033,Vancomycin 500mg Injection,Antibiotic,BAT-033-166,PHARM-015,37,420.0,2026-09-25,2025-11-24,AVAILABLE,NONE
INV-005292,MED-010,Omeprazole 20mg,Gastrointestinal,BAT-010-686,PHARM-015,29,55.0,2026-08-31,2026-02-24,NEAR_EXPIRY,NONE
INV-005293,MED-044,Thyroxine Sodium 50mcg,Endocrine,BAT-044-202,PHARM-015,158,125.0,2027-08-27,2025-12-08,AVAILABLE,NONE
INV-005294,MED-012,Ciprofloxacin 500mg,Antibiotic,BAT-012-632,PHARM-015,106,65.0,2026-10-04,2026-03-12,AVAILABLE,NONE
INV-005295,MED-043,Sertraline 50mg,Psychiatric,BAT-043-684,PHARM-015,139,105.0,2026-09-05,2025-11-14,NEAR_EXPIRY,NONE
INV-005296,MED-038,Fexofenadine 120mg,Antihistamine,BAT-038-137,PHARM-015,97,82.0,2026-07-24,2025-11-11,EXPIRED,NONE
INV-005297,MED-047,Iron + Folic Acid Tablets,Nutritional,BAT-047-727,PHARM-015,73,50.0,2026-10-06,2026-03-03,AVAILABLE,NONE
INV-005298,MED-041,Alprazolam 0.5mg,Psychiatric,BAT-041-955,PHARM-015,170,35.0,2026-09-04,2026-02-09,NEAR_EXPIRY,NONE
INV-005299,MED-007,Telmisartan 40mg,Cardiovascular,BAT-007-444,PHARM-015,56,78.0,2027-01-11,2025-12-17,AVAILABLE,NONE
INV-005300,MED-047,Iron + Folic Acid Tablets,Nutritional,BAT-047-102,PHARM-015,63,50.0,2026-09-10,2025-09-20,NEAR_EXPIRY,NONE
INV-005301,MED-045,Calcium 500mg + Vitamin D3,Nutritional,BAT-045-346,PHARM-015,73,65.0,2027-04-09,2026-02-13,AVAILABLE,NONE
INV-005302,MED-024,Dapagliflozin 10mg,Antidiabetic,BAT-024-707,PHARM-015,189,220.0,2026-09-15,2025-11-20,AVAILABLE,NONE
INV-005303,MED-004,Metformin 500mg SR,Antidiabetic,BAT-004-212,PHARM-015,84,45.0,2027-09-08,2026-05-13,AVAILABLE,NONE
INV-005304,MED-030,Doxycycline 100mg,Antibiotic,BAT-030-565,PHARM-015,87,68.0,2027-08-24,2026-03-20,AVAILABLE,NONE
INV-005305,MED-016,Ibuprofen 400mg,Analgesic,BAT-016-779,PHARM-015,87,28.0,2027-09-16,2026-06-09,AVAILABLE,NONE
INV-005306,MED-045,Calcium 500mg + Vitamin D3,Nutritional,BAT-045-649,PHARM-015,319,65.0,2026-08-17,2025-11-10,NEAR_EXPIRY,NONE
INV-005307,MED-022,Glimepiride 2mg,Antidiabetic,BAT-022-510,PHARM-015,18,52.0,2026-08-17,2026-03-07,NEAR_EXPIRY,NONE
INV-005308,MED-026,Clopidogrel 75mg,Cardiovascular,BAT-026-646,PHARM-015,139,88.0,2027-04-23,2026-01-28,AVAILABLE,NONE
INV-005309,MED-014,Salbutamol Inhaler 100mcg,Respiratory,BAT-014-734,PHARM-015,143,160.0,2026-08-21,2026-02-05,NEAR_EXPIRY,NONE
INV-005310,MED-023,Vildagliptin 50mg,Antidiabetic,BAT-023-665,PHARM-015,221,175.0,2027-08-08,2026-07-06,AVAILABLE,NONE
INV-005311,MED-054,Ranitidine 150mg,Gastrointestinal,BAT-054-452,PHARM-015,233,25.0,2027-03-17,2025-11-09,AVAILABLE,NONE
INV-005312,MED-032,Linezolid 600mg,Antibiotic,BAT-032-470,PHARM-015,239,340.0,2026-08-18,2025-11-01,NEAR_EXPIRY,NONE
INV-005313,MED-050,Loperamide 2mg,Gastrointestinal,BAT-050-368,PHARM-015,69,18.0,2026-10-08,2025-08-28,AVAILABLE,NONE
INV-005314,MED-027,Aspirin 75mg Gastro-resistant,Cardiovascular,BAT-027-271,PHARM-015,35,22.0,2026-09-11,2026-03-15,NEAR_EXPIRY,NONE
INV-005315,MED-020,Piperacillin + Tazobactam 4.5g,Antibiotic,BAT-020-118,PHARM-015,362,490.0,2026-08-18,2025-11-19,NEAR_EXPIRY,NONE
INV-005316,MED-007,Telmisartan 40mg,Cardiovascular,BAT-007-360,PHARM-015,204,78.0,2027-06-21,2025-11-05,AVAILABLE,NONE
INV-005317,MED-052,Fluconazole 150mg,Antifungal,BAT-052-925,PHARM-015,162,45.0,2026-12-16,2026-03-12,AVAILABLE,NONE
INV-005318,MED-023,Vildagliptin 50mg,Antidiabetic,BAT-023-830,PHARM-015,152,175.0,2026-09-15,2026-02-02,AVAILABLE,NONE
INV-005319,MED-046,Vitamin B-Complex + B12,Nutritional,BAT-046-321,PHARM-015,202,40.0,2027-04-22,2025-11-02,AVAILABLE,NONE
INV-005320,MED-050,Loperamide 2mg,Gastrointestinal,BAT-050-512,PHARM-015,16,18.0,2026-08-15,2026-06-27,NEAR_EXPIRY,NONE
INV-005321,MED-005,Human Regular Insulin 100IU,Antidiabetic,BAT-005-571,PHARM-015,188,350.0,2026-09-14,2026-01-18,AVAILABLE,NONE
INV-005322,MED-055,Betamethasone 0.5mg,Steroid,BAT-055-140,PHARM-015,118,15.0,2026-09-15,2026-05-23,AVAILABLE,NONE
INV-005323,MED-030,Doxycycline 100mg,Antibiotic,BAT-030-686,PHARM-015,379,68.0,2026-08-23,2025-08-19,NEAR_EXPIRY,NONE
INV-005324,MED-012,Ciprofloxacin 500mg,Antibiotic,BAT-012-641,PHARM-015,228,65.0,2026-08-25,2026-02-05,NEAR_EXPIRY,NONE
INV-005325,MED-052,Fluconazole 150mg,Antifungal,BAT-052-473,PHARM-015,190,45.0,2027-02-12,2025-09-22,AVAILABLE,NONE
INV-005326,MED-036,Prednisolone 10mg,Steroid,BAT-036-889,PHARM-015,193,30.0,2026-09-26,2025-09-19,AVAILABLE,NONE
INV-005327,MED-016,Ibuprofen 400mg,Analgesic,BAT-016-461,PHARM-015,81,28.0,2027-06-20,2026-04-05,AVAILABLE,NONE
INV-005328,MED-024,Dapagliflozin 10mg,Antidiabetic,BAT-024-789,PHARM-015,124,220.0,2027-08-14,2026-01-14,AVAILABLE,NONE
INV-005329,MED-003,Azithromycin 500mg,Antibiotic,BAT-003-600,PHARM-015,156,120.0,2026-09-18,2026-06-16,AVAILABLE,NONE
INV-005330,MED-035,Dexamethasone 4mg Injection,Steroid,BAT-035-319,PHARM-015,79,25.0,2027-01-31,2026-02-27,AVAILABLE,NONE
INV-005331,MED-052,Fluconazole 150mg,Antifungal,BAT-052-453,PHARM-015,21,45.0,2027-08-23,2026-05-22,AVAILABLE,NONE
INV-005332,MED-005,Human Regular Insulin 100IU,Antidiabetic,BAT-005-378,PHARM-015,239,350.0,2026-07-15,2026-04-09,EXPIRED,NONE
INV-005333,MED-020,Piperacillin + Tazobactam 4.5g,Antibiotic,BAT-020-268,PHARM-015,78,490.0,2026-10-03,2025-11-05,AVAILABLE,NONE
INV-005334,MED-028,Ondansetron 4mg,Gastrointestinal,BAT-028-514,PHARM-015,34,42.0,2026-09-13,2026-03-22,NEAR_EXPIRY,NONE
INV-005335,MED-045,Calcium 500mg + Vitamin D3,Nutritional,BAT-045-374,PHARM-015,200,65.0,2027-01-22,2025-10-22,AVAILABLE,NONE
INV-005336,MED-050,Loperamide 2mg,Gastrointestinal,BAT-050-974,PHARM-015,192,18.0,2027-06-04,2026-07-10,AVAILABLE,NONE
INV-005337,MED-047,Iron + Folic Acid Tablets,Nutritional,BAT-047-333,PHARM-015,235,50.0,2027-05-25,2026-01-10,AVAILABLE,NONE
INV-005338,MED-024,Dapagliflozin 10mg,Antidiabetic,BAT-024-674,PHARM-015,94,220.0,2026-08-22,2026-04-28,NEAR_EXPIRY,NONE
INV-005339,MED-012,Ciprofloxacin 500mg,Antibiotic,BAT-012-785,PHARM-015,35,65.0,2026-09-06,2025-12-15,NEAR_EXPIRY,NONE
INV-005340,MED-010,Omeprazole 20mg,Gastrointestinal,BAT-010-618,PHARM-015,13,55.0,2026-09-09,2025-10-21,NEAR_EXPIRY,NONE
INV-005341,MED-044,Thyroxine Sodium 50mcg,Endocrine,BAT-044-231,PHARM-015,39,125.0,2027-01-07,2026-04-06,AVAILABLE,NONE
INV-005342,MED-017,Tramadol 50mg,Analgesic,BAT-017-741,PHARM-015,35,90.0,2026-08-27,2026-04-21,NEAR_EXPIRY,NONE
INV-005343,MED-038,Fexofenadine 120mg,Antihistamine,BAT-038-600,PHARM-015,57,82.0,2026-10-09,2025-08-21,AVAILABLE,NONE
INV-005344,MED-054,Ranitidine 150mg,Gastrointestinal,BAT-054-441,PHARM-015,214,25.0,2027-05-03,2025-09-02,AVAILABLE,NONE
INV-005345,MED-049,Aceclofenac + Paracetamol,Analgesic,BAT-049-426,PHARM-015,181,60.0,2027-09-01,2025-11-26,AVAILABLE,NONE
INV-005346,MED-018,Enoxaparin 40mg Injection,Cardiovascular,BAT-018-486,PHARM-015,115,450.0,2027-01-14,2026-01-06,AVAILABLE,NONE
INV-005347,MED-044,Thyroxine Sodium 50mcg,Endocrine,BAT-044-938,PHARM-015,404,125.0,2026-08-24,2026-02-03,NEAR_EXPIRY,NONE
INV-005348,MED-035,Dexamethasone 4mg Injection,Steroid,BAT-035-781,PHARM-015,248,25.0,2026-08-18,2026-01-21,NEAR_EXPIRY,NONE
INV-005349,MED-002,Amoxicillin + Clavulanate 625mg,Antibiotic,BAT-002-803,PHARM-015,376,185.0,2026-08-16,2026-01-23,NEAR_EXPIRY,NONE
INV-005350,MED-014,Salbutamol Inhaler 100mcg,Respiratory,BAT-014-555,PHARM-015,45,160.0,2026-10-08,2025-12-08,AVAILABLE,NONE
INV-005351,MED-035,Dexamethasone 4mg Injection,Steroid,BAT-035-897,PHARM-015,86,25.0,2026-11-24,2026-02-22,AVAILABLE,NONE
INV-005352,MED-025,Rosuvastatin 10mg,Cardiovascular,BAT-025-786,PHARM-015,18,110.0,2026-08-15,2026-05-08,NEAR_EXPIRY,NONE
INV-005353,MED-021,Losartan 50mg,Cardiovascular,BAT-021-373,PHARM-015,67,62.0,2026-12-09,2026-06-15,AVAILABLE,NONE
INV-005354,MED-029,Rabeprazole 20mg,Gastrointestinal,BAT-029-273,PHARM-015,200,75.0,2026-09-03,2025-10-11,NEAR_EXPIRY,NONE
INV-005355,MED-031,Levofloxacin 500mg,Antibiotic,BAT-031-999,PHARM-015,143,95.0,2027-06-10,2025-12-25,AVAILABLE,NONE
INV-005356,MED-003,Azithromycin 500mg,Antibiotic,BAT-003-849,PHARM-015,189,120.0,2026-07-18,2025-09-25,EXPIRED,NONE
INV-005357,MED-043,Sertraline 50mg,Psychiatric,BAT-043-594,PHARM-015,17,105.0,2026-08-19,2025-12-05,NEAR_EXPIRY,NONE
INV-005358,MED-048,Diclofenac Sodium 50mg,Analgesic,BAT-048-718,PHARM-015,187,30.0,2026-07-18,2026-01-05,EXPIRED,NONE
INV-005359,MED-031,Levofloxacin 500mg,Antibiotic,BAT-031-805,PHARM-015,44,95.0,2026-09-19,2026-06-12,AVAILABLE,NONE
INV-005360,MED-032,Linezolid 600mg,Antibiotic,BAT-032-250,PHARM-015,37,340.0,2026-09-07,2026-06-24,NEAR_EXPIRY,NONE
INV-005361,MED-043,Sertraline 50mg,Psychiatric,BAT-043-406,PHARM-015,167,105.0,2026-10-10,2026-05-24,AVAILABLE,NONE
INV-005362,MED-015,Budesonide Inhaler 200mcg,Respiratory,BAT-015-145,PHARM-015,119,280.0,2027-01-04,2026-03-22,AVAILABLE,NONE
INV-005363,MED-055,Betamethasone 0.5mg,Steroid,BAT-055-404,PHARM-015,177,15.0,2027-02-22,2026-01-28,AVAILABLE,NONE
INV-005364,MED-028,Ondansetron 4mg,Gastrointestinal,BAT-028-578,PHARM-015,152,42.0,2026-08-19,2026-02-13,NEAR_EXPIRY,NONE
INV-005365,MED-046,Vitamin B-Complex + B12,Nutritional,BAT-046-801,PHARM-015,119,40.0,2026-09-14,2026-03-19,AVAILABLE,NONE
INV-005366,MED-051,Metronidazole 400mg,Antibiotic,BAT-051-356,PHARM-015,204,32.0,2026-07-08,2025-09-27,EXPIRED,NONE
INV-005367,MED-046,Vitamin B-Complex + B12,Nutritional,BAT-046-868,PHARM-015,96,40.0,2026-09-21,2025-11-08,AVAILABLE,NONE
INV-005368,MED-009,Pantoprazole 40mg,Gastrointestinal,BAT-009-444,PHARM-015,135,85.0,2027-08-15,2026-05-18,AVAILABLE,NONE
INV-005369,MED-044,Thyroxine Sodium 50mcg,Endocrine,BAT-044-154,PHARM-015,241,125.0,2026-10-07,2026-05-13,AVAILABLE,NONE
INV-005370,MED-024,Dapagliflozin 10mg,Antidiabetic,BAT-024-672,PHARM-015,86,220.0,2026-08-18,2025-09-25,NEAR_EXPIRY,NONE
INV-005371,MED-030,Doxycycline 100mg,Antibiotic,BAT-030-111,PHARM-015,40,68.0,2026-08-25,2025-11-21,NEAR_EXPIRY,NONE
INV-005372,MED-005,Human Regular Insulin 100IU,Antidiabetic,BAT-005-712,PHARM-015,206,350.0,2026-09-26,2026-03-10,AVAILABLE,NONE
INV-005373,MED-009,Pantoprazole 40mg,Gastrointestinal,BAT-009-899,PHARM-015,223,85.0,2027-05-07,2026-01-22,AVAILABLE,NONE
INV-005374,MED-001,Paracetamol 650mg,Analgesic,BAT-001-243,PHARM-015,340,32.5,2026-08-19,2026-04-17,NEAR_EXPIRY,NONE
INV-005375,MED-033,Vancomycin 500mg Injection,Antibiotic,BAT-033-566,PHARM-015,22,420.0,2027-07-04,2026-01-09,AVAILABLE,NONE
INV-005376,MED-010,Omeprazole 20mg,Gastrointestinal,BAT-010-985,PHARM-015,393,55.0,2026-09-02,2025-09-10,NEAR_EXPIRY,NONE
INV-005377,MED-053,Itraconazole 100mg,Antifungal,BAT-053-405,PHARM-015,183,165.0,2027-08-28,2026-04-08,AVAILABLE,NONE
INV-005378,MED-006,Atorvastatin 20mg,Cardiovascular,BAT-006-104,PHARM-015,38,95.0,2026-08-29,2025-12-18,NEAR_EXPIRY,NONE
INV-005379,MED-031,Levofloxacin 500mg,Antibiotic,BAT-031-418,PHARM-015,166,95.0,2027-04-25,2026-01-23,AVAILABLE,NONE
INV-005380,MED-014,Salbutamol Inhaler 100mcg,Respiratory,BAT-014-890,PHARM-015,33,160.0,2026-08-16,2026-01-20,NEAR_EXPIRY,NONE
INV-005381,MED-059,Empagliflozin 25mg,Antidiabetic,BAT-059-927,PHARM-015,222,290.0,2026-08-19,2026-05-31,NEAR_EXPIRY,NONE
INV-005382,MED-022,Glimepiride 2mg,Antidiabetic,BAT-022-476,PHARM-015,200,52.0,2027-08-08,2025-10-26,AVAILABLE,NONE
INV-005383,MED-031,Levofloxacin 500mg,Antibiotic,BAT-031-679,PHARM-015,106,95.0,2026-07-30,2025-09-22,EXPIRED,NONE
INV-005384,MED-052,Fluconazole 150mg,Antifungal,BAT-052-876,PHARM-015,146,45.0,2026-09-29,2025-09-10,AVAILABLE,NONE
INV-005385,MED-006,Atorvastatin 20mg,Cardiovascular,BAT-006-977,PHARM-015,28,95.0,2027-01-20,2025-11-09,AVAILABLE,NONE
INV-005386,MED-023,Vildagliptin 50mg,Antidiabetic,BAT-023-520,PHARM-015,248,175.0,2026-09-15,2025-11-01,AVAILABLE,NONE
INV-005387,MED-037,Cetirizine 10mg,Antihistamine,BAT-037-410,PHARM-015,22,20.0,2026-08-20,2026-06-08,NEAR_EXPIRY,NONE
INV-005388,MED-026,Clopidogrel 75mg,Cardiovascular,BAT-026-359,PHARM-015,181,88.0,2027-09-03,2025-10-12,AVAILABLE,NONE
INV-005389,MED-036,Prednisolone 10mg,Steroid,BAT-036-704,PHARM-015,229,30.0,2026-09-05,2026-02-01,NEAR_EXPIRY,NONE
INV-005390,MED-030,Doxycycline 100mg,Antibiotic,BAT-030-882,PHARM-015,190,68.0,2026-10-11,2025-12-21,AVAILABLE,NONE
INV-005391,MED-028,Ondansetron 4mg,Gastrointestinal,BAT-028-978,PHARM-015,77,42.0,2026-07-27,2026-06-14,EXPIRED,NONE
INV-005392,MED-020,Piperacillin + Tazobactam 4.5g,Antibiotic,BAT-020-432,PHARM-015,193,490.0,2027-06-03,2025-09-18,AVAILABLE,NONE
INV-005393,MED-041,Alprazolam 0.5mg,Psychiatric,BAT-041-784,PHARM-015,215,35.0,2027-09-06,2026-03-18,AVAILABLE,NONE
INV-005394,MED-031,Levofloxacin 500mg,Antibiotic,BAT-031-878,PHARM-015,65,95.0,2026-07-30,2026-03-16,EXPIRED,NONE
INV-005395,MED-017,Tramadol 50mg,Analgesic,BAT-017-694,PHARM-015,105,90.0,2027-06-02,2025-12-12,AVAILABLE,NONE
INV-005396,MED-059,Empagliflozin 25mg,Antidiabetic,BAT-059-873,PHARM-015,242,290.0,2027-02-26,2025-11-02,AVAILABLE,NONE
INV-005397,MED-022,Glimepiride 2mg,Antidiabetic,BAT-022-219,PHARM-015,61,52.0,2026-08-30,2026-07-15,NEAR_EXPIRY,NONE
INV-005398,MED-045,Calcium 500mg + Vitamin D3,Nutritional,BAT-045-994,PHARM-015,235,65.0,2027-02-02,2025-12-03,AVAILABLE,NONE
INV-005399,MED-008,Amlodipine 5mg,Cardiovascular,BAT-008-654,PHARM-015,25,38.0,2027-04-30,2026-05-29,AVAILABLE,NONE
INV-005400,MED-055,Betamethasone 0.5mg,Steroid,BAT-055-449,PHARM-015,409,15.0,2026-08-15,2026-02-17,NEAR_EXPIRY,NONE
INV-005401,MED-046,Vitamin B-Complex + B12,Nutritional,BAT-046-406,PHARM-015,46,40.0,2026-09-17,2025-11-13,AVAILABLE,NONE
INV-005402,MED-007,Telmisartan 40mg,Cardiovascular,BAT-007-152,PHARM-015,141,78.0,2027-08-04,2025-11-10,AVAILABLE,NONE
INV-005403,MED-026,Clopidogrel 75mg,Cardiovascular,BAT-026-414,PHARM-015,139,88.0,2026-09-12,2025-11-27,NEAR_EXPIRY,NONE
INV-005404,MED-030,Doxycycline 100mg,Antibiotic,BAT-030-253,PHARM-015,58,68.0,2026-09-28,2025-10-26,AVAILABLE,NONE
INV-005405,MED-011,Cefixime 200mg,Antibiotic,BAT-011-496,PHARM-015,441,140.0,2026-09-07,2025-09-23,NEAR_EXPIRY,NONE
INV-005406,MED-002,Amoxicillin + Clavulanate 625mg,Antibiotic,BAT-002-876,PHARM-015,149,185.0,2026-10-03,2026-04-02,AVAILABLE,NONE
INV-005407,MED-017,Tramadol 50mg,Analgesic,BAT-017-801,PHARM-015,209,90.0,2026-09-25,2026-01-02,AVAILABLE,NONE
INV-005408,MED-027,Aspirin 75mg Gastro-resistant,Cardiovascular,BAT-027-111,PHARM-015,436,22.0,2026-09-09,2025-12-05,NEAR_EXPIRY,NONE
INV-005409,MED-046,Vitamin B-Complex + B12,Nutritional,BAT-046-983,PHARM-015,53,40.0,2026-07-11,2025-12-19,EXPIRED,NONE
INV-005410,MED-060,Albumin Human 20% 100ml,Critical Care,BAT-060-519,PHARM-015,216,3200.0,2026-10-03,2025-10-08,AVAILABLE,NONE
INV-005411,MED-056,Bisoprolol 2.5mg,Cardiovascular,BAT-056-553,PHARM-015,172,72.0,2027-05-26,2025-12-02,AVAILABLE,NONE
INV-005412,MED-024,Dapagliflozin 10mg,Antidiabetic,BAT-024-579,PHARM-015,165,220.0,2027-01-27,2026-06-25,AVAILABLE,NONE
INV-005413,MED-037,Cetirizine 10mg,Antihistamine,BAT-037-945,PHARM-015,25,20.0,2026-08-16,2025-12-19,NEAR_EXPIRY,NONE
INV-005414,MED-057,Carvedilol 6.25mg,Cardiovascular,BAT-057-863,PHARM-015,34,54.0,2026-08-08,2025-11-30,EXPIRED,NONE
INV-005415,MED-029,Rabeprazole 20mg,Gastrointestinal,BAT-029-877,PHARM-015,53,75.0,2026-12-16,2026-03-15,AVAILABLE,NONE
INV-005416,MED-036,Prednisolone 10mg,Steroid,BAT-036-711,PHARM-015,304,30.0,2026-08-20,2025-12-13,NEAR_EXPIRY,NONE
INV-005417,MED-058,Sitagliptin 100mg,Antidiabetic,BAT-058-768,PHARM-015,17,240.0,2026-08-27,2026-04-21,NEAR_EXPIRY,NONE
INV-005418,MED-004,Metformin 500mg SR,Antidiabetic,BAT-004-906,PHARM-015,108,45.0,2026-09-09,2026-05-03,NEAR_EXPIRY,NONE
INV-005419,MED-025,Rosuvastatin 10mg,Cardiovascular,BAT-025-123,PHARM-015,233,110.0,2026-10-28,2025-12-22,AVAILABLE,NONE
INV-005420,MED-055,Betamethasone 0.5mg,Steroid,BAT-055-486,PHARM-015,201,15.0,2027-02-23,2025-09-29,AVAILABLE,NONE
INV-005421,MED-015,Budesonide Inhaler 200mcg,Respiratory,BAT-015-796,PHARM-015,83,280.0,2026-09-02,2026-07-14,NEAR_EXPIRY,NONE
INV-005422,MED-029,Rabeprazole 20mg,Gastrointestinal,BAT-029-650,PHARM-015,29,75.0,2026-08-26,2025-12-27,NEAR_EXPIRY,NONE
INV-005423,MED-033,Vancomycin 500mg Injection,Antibiotic,BAT-033-451,PHARM-015,32,420.0,2026-10-10,2026-03-13,AVAILABLE,NONE
INV-005424,MED-003,Azithromycin 500mg,Antibiotic,BAT-003-904,PHARM-015,84,120.0,2027-02-26,2026-01-01,AVAILABLE,NONE
INV-005425,MED-034,Methylprednisolone 16mg,Steroid,BAT-034-947,PHARM-015,25,110.0,2026-09-08,2025-10-04,NEAR_EXPIRY,NONE
INV-005426,MED-008,Amlodipine 5mg,Cardiovascular,BAT-008-692,PHARM-015,220,38.0,2027-07-07,2025-08-26,AVAILABLE,NONE
INV-005427,MED-001,Paracetamol 650mg,Analgesic,BAT-001-362,PHARM-015,38,32.5,2026-08-31,2026-04-21,NEAR_EXPIRY,NONE
INV-005428,MED-021,Losartan 50mg,Cardiovascular,BAT-021-353,PHARM-015,53,62.0,2026-09-23,2025-11-30,AVAILABLE,NONE
INV-005429,MED-024,Dapagliflozin 10mg,Antidiabetic,BAT-024-441,PHARM-015,128,220.0,2026-10-11,2026-06-30,AVAILABLE,NONE
INV-005430,MED-036,Prednisolone 10mg,Steroid,BAT-036-642,PHARM-015,121,30.0,2027-07-19,2025-08-23,AVAILABLE,NONE
INV-005431,MED-002,Amoxicillin + Clavulanate 625mg,Antibiotic,BAT-002-795,PHARM-015,53,185.0,2026-07-07,2026-04-14,EXPIRED,NONE
INV-005432,MED-011,Cefixime 200mg,Antibiotic,BAT-011-225,PHARM-015,28,140.0,2027-06-17,2026-03-10,AVAILABLE,NONE
INV-005433,MED-058,Sitagliptin 100mg,Antidiabetic,BAT-058-195,PHARM-015,163,240.0,2027-03-29,2025-08-31,AVAILABLE,NONE
INV-005434,MED-026,Clopidogrel 75mg,Cardiovascular,BAT-026-524,PHARM-015,189,88.0,2027-08-05,2026-03-31,AVAILABLE,NONE
INV-005435,MED-009,Pantoprazole 40mg,Gastrointestinal,BAT-009-652,PHARM-015,143,85.0,2026-10-08,2025-11-16,AVAILABLE,NONE
INV-005436,MED-011,Cefixime 200mg,Antibiotic,BAT-011-631,PHARM-015,12,140.0,2026-09-13,2025-11-03,NEAR_EXPIRY,NONE
INV-005437,MED-052,Fluconazole 150mg,Antifungal,BAT-052-417,PHARM-015,321,45.0,2026-09-04,2025-09-28,NEAR_EXPIRY,NONE
INV-005438,MED-037,Cetirizine 10mg,Antihistamine,BAT-037-501,PHARM-015,10,20.0,2026-09-04,2026-02-07,NEAR_EXPIRY,NONE
INV-005439,MED-035,Dexamethasone 4mg Injection,Steroid,BAT-035-670,PHARM-015,24,25.0,2026-08-13,2025-10-29,EXPIRED,NONE
INV-005440,MED-021,Losartan 50mg,Cardiovascular,BAT-021-180,PHARM-015,19,62.0,2026-08-18,2026-06-24,NEAR_EXPIRY,NONE
INV-005441,MED-010,Omeprazole 20mg,Gastrointestinal,BAT-010-121,PHARM-015,212,55.0,2027-09-14,2026-05-01,AVAILABLE,NONE
INV-005442,MED-001,Paracetamol 650mg,Analgesic,BAT-001-184,PHARM-015,119,32.5,2026-09-02,2025-11-07,NEAR_EXPIRY,NONE
INV-005443,MED-018,Enoxaparin 40mg Injection,Cardiovascular,BAT-018-642,PHARM-015,241,450.0,2026-10-05,2025-11-02,AVAILABLE,NONE
INV-005444,MED-045,Calcium 500mg + Vitamin D3,Nutritional,BAT-045-169,PHARM-015,123,65.0,2027-02-28,2026-06-17,AVAILABLE,NONE
INV-005445,MED-027,Aspirin 75mg Gastro-resistant,Cardiovascular,BAT-027-234,PHARM-015,34,22.0,2026-08-22,2025-11-19,NEAR_EXPIRY,NONE
INV-005446,MED-026,Clopidogrel 75mg,Cardiovascular,BAT-026-797,PHARM-015,63,88.0,2026-09-22,2025-09-26,AVAILABLE,NONE
INV-005447,MED-053,Itraconazole 100mg,Antifungal,BAT-053-152,PHARM-015,34,165.0,2027-05-05,2026-03-20,AVAILABLE,NONE
INV-005448,MED-031,Levofloxacin 500mg,Antibiotic,BAT-031-647,PHARM-015,39,95.0,2026-09-08,2026-01-22,NEAR_EXPIRY,NONE
INV-005449,MED-037,Cetirizine 10mg,Antihistamine,BAT-037-481,PHARM-015,250,20.0,2026-12-25,2025-10-29,AVAILABLE,NONE
INV-005450,MED-016,Ibuprofen 400mg,Analgesic,BAT-016-805,PHARM-015,32,28.0,2026-09-08,2025-10-04,NEAR_EXPIRY,NONE
INV-005451,MED-051,Metronidazole 400mg,Antibiotic,BAT-051-190,PHARM-015,108,32.0,2026-09-10,2026-03-05,NEAR_EXPIRY,NONE
INV-005452,MED-032,Linezolid 600mg,Antibiotic,BAT-032-177,PHARM-015,107,340.0,2027-07-13,2026-02-28,AVAILABLE,NONE
INV-005453,MED-033,Vancomycin 500mg Injection,Antibiotic,BAT-033-820,PHARM-015,21,420.0,2026-09-28,2026-05-25,AVAILABLE,NONE
INV-005454,MED-007,Telmisartan 40mg,Cardiovascular,BAT-007-473,PHARM-015,130,78.0,2027-07-30,2026-06-23,AVAILABLE,NONE
INV-005455,MED-032,Linezolid 600mg,Antibiotic,BAT-032-723,PHARM-015,178,340.0,2026-10-28,2025-11-10,AVAILABLE,NONE
INV-005456,MED-009,Pantoprazole 40mg,Gastrointestinal,BAT-009-458,PHARM-015,50,85.0,2026-09-15,2026-06-08,AVAILABLE,NONE
INV-005457,MED-055,Betamethasone 0.5mg,Steroid,BAT-055-675,PHARM-015,110,15.0,2026-10-07,2026-04-27,AVAILABLE,NONE
INV-005458,MED-009,Pantoprazole 40mg,Gastrointestinal,BAT-009-343,PHARM-015,135,85.0,2027-07-30,2026-03-21,AVAILABLE,NONE
INV-005459,MED-054,Ranitidine 150mg,Gastrointestinal,BAT-054-103,PHARM-015,70,25.0,2026-10-11,2026-02-28,AVAILABLE,NONE
INV-005460,MED-049,Aceclofenac + Paracetamol,Analgesic,BAT-049-588,PHARM-015,287,60.0,2026-08-27,2025-09-19,NEAR_EXPIRY,NONE
INV-005461,MED-041,Alprazolam 0.5mg,Psychiatric,BAT-041-480,PHARM-015,129,35.0,2026-11-22,2026-01-31,AVAILABLE,NONE
INV-005462,MED-054,Ranitidine 150mg,Gastrointestinal,BAT-054-316,PHARM-015,92,25.0,2026-09-16,2025-09-09,AVAILABLE,NONE
INV-005463,MED-039,Hydrochlorothiazide 12.5mg,Cardiovascular,BAT-039-268,PHARM-015,105,24.0,2027-06-09,2026-07-06,AVAILABLE,NONE
INV-005464,MED-054,Ranitidine 150mg,Gastrointestinal,BAT-054-570,PHARM-015,222,25.0,2026-12-09,2026-02-11,AVAILABLE,NONE
INV-005465,MED-020,Piperacillin + Tazobactam 4.5g,Antibiotic,BAT-020-287,PHARM-015,231,490.0,2026-09-28,2026-02-12,AVAILABLE,NONE
INV-005466,MED-016,Ibuprofen 400mg,Analgesic,BAT-016-696,PHARM-015,332,28.0,2026-08-16,2025-12-17,NEAR_EXPIRY,NONE
INV-005467,MED-016,Ibuprofen 400mg,Analgesic,BAT-016-809,PHARM-015,170,28.0,2026-08-20,2026-06-10,NEAR_EXPIRY,NONE
INV-005468,MED-016,Ibuprofen 400mg,Analgesic,BAT-016-877,PHARM-015,138,28.0,2026-10-09,2025-08-19,AVAILABLE,NONE
INV-005469,MED-031,Levofloxacin 500mg,Antibiotic,BAT-031-275,PHARM-015,100,95.0,2026-09-11,2026-03-05,NEAR_EXPIRY,NONE
INV-005470,MED-056,Bisoprolol 2.5mg,Cardiovascular,BAT-056-411,PHARM-015,146,72.0,2027-07-06,2025-08-31,AVAILABLE,NONE
INV-005471,MED-011,Cefixime 200mg,Antibiotic,BAT-011-718,PHARM-015,392,140.0,2026-08-25,2026-01-04,NEAR_EXPIRY,NONE
INV-005472,MED-055,Betamethasone 0.5mg,Steroid,BAT-055-414,PHARM-015,31,15.0,2027-09-10,2026-03-23,AVAILABLE,NONE
INV-005473,MED-054,Ranitidine 150mg,Gastrointestinal,BAT-054-260,PHARM-015,215,25.0,2026-11-07,2025-09-04,AVAILABLE,NONE
INV-005474,MED-052,Fluconazole 150mg,Antifungal,BAT-052-331,PHARM-015,24,45.0,2027-09-10,2026-02-27,AVAILABLE,NONE
INV-005475,MED-042,Escitalopram 10mg,Psychiatric,BAT-042-403,PHARM-015,37,85.0,2026-09-09,2026-05-12,NEAR_EXPIRY,NONE
INV-005476,MED-041,Alprazolam 0.5mg,Psychiatric,BAT-041-131,PHARM-015,173,35.0,2026-09-14,2026-06-20,AVAILABLE,NONE
INV-005477,MED-005,Human Regular Insulin 100IU,Antidiabetic,BAT-005-529,PHARM-015,126,350.0,2026-09-29,2026-01-15,AVAILABLE,NONE
INV-005478,MED-009,Pantoprazole 40mg,Gastrointestinal,BAT-009-394,PHARM-015,219,85.0,2026-10-06,2026-04-21,AVAILABLE,NONE
INV-005479,MED-045,Calcium 500mg + Vitamin D3,Nutritional,BAT-045-953,PHARM-015,29,65.0,2026-08-17,2026-05-06,NEAR_EXPIRY,NONE
INV-005480,MED-015,Budesonide Inhaler 200mcg,Respiratory,BAT-015-522,PHARM-015,71,280.0,2026-09-10,2025-09-12,NEAR_EXPIRY,NONE
INV-005481,MED-060,Albumin Human 20% 100ml,Critical Care,BAT-060-950,PHARM-015,193,3200.0,2026-12-04,2025-08-27,AVAILABLE,NONE
INV-005482,MED-022,Glimepiride 2mg,Antidiabetic,BAT-022-251,PHARM-015,13,52.0,2026-09-13,2025-11-19,NEAR_EXPIRY,NONE
INV-005483,MED-026,Clopidogrel 75mg,Cardiovascular,BAT-026-418,PHARM-015,23,88.0,2026-09-01,2026-06-12,NEAR_EXPIRY,NONE
INV-005484,MED-041,Alprazolam 0.5mg,Psychiatric,BAT-041-167,PHARM-015,107,35.0,2026-09-10,2025-10-21,NEAR_EXPIRY,NONE
INV-005485,MED-040,Spironolactone 25mg,Cardiovascular,BAT-040-640,PHARM-015,61,48.0,2026-09-23,2026-02-26,AVAILABLE,NONE
INV-005486,MED-011,Cefixime 200mg,Antibiotic,BAT-011-689,PHARM-015,223,140.0,2026-10-10,2025-10-13,AVAILABLE,NONE
INV-005487,MED-049,Aceclofenac + Paracetamol,Analgesic,BAT-049-762,PHARM-015,126,60.0,2026-10-05,2026-01-31,AVAILABLE,NONE
INV-005488,MED-059,Empagliflozin 25mg,Antidiabetic,BAT-059-810,PHARM-015,110,290.0,2026-11-25,2025-11-11,AVAILABLE,NONE
INV-005489,MED-016,Ibuprofen 400mg,Analgesic,BAT-016-983,PHARM-015,62,28.0,2026-08-03,2025-09-14,EXPIRED,NONE
INV-005490,MED-028,Ondansetron 4mg,Gastrointestinal,BAT-028-887,PHARM-015,206,42.0,2027-06-09,2026-04-23,AVAILABLE,NONE
INV-005491,MED-050,Loperamide 2mg,Gastrointestinal,BAT-050-341,PHARM-015,236,18.0,2026-08-23,2025-12-21,NEAR_EXPIRY,NONE
INV-005492,MED-037,Cetirizine 10mg,Antihistamine,BAT-037-116,PHARM-015,34,20.0,2026-07-04,2025-09-24,EXPIRED,NONE
INV-005493,MED-028,Ondansetron 4mg,Gastrointestinal,BAT-028-407,PHARM-015,235,42.0,2026-10-11,2025-11-25,AVAILABLE,NONE
INV-005494,MED-042,Escitalopram 10mg,Psychiatric,BAT-042-419,PHARM-015,415,85.0,2026-08-19,2026-02-11,NEAR_EXPIRY,NONE
INV-005495,MED-046,Vitamin B-Complex + B12,Nutritional,BAT-046-432,PHARM-015,245,40.0,2026-08-23,2026-02-03,NEAR_EXPIRY,NONE
INV-005496,MED-016,Ibuprofen 400mg,Analgesic,BAT-016-227,PHARM-015,56,28.0,2026-10-03,2025-12-22,AVAILABLE,NONE
INV-005497,MED-047,Iron + Folic Acid Tablets,Nutritional,BAT-047-822,PHARM-015,113,50.0,2027-05-28,2026-06-14,AVAILABLE,NONE
INV-005498,MED-052,Fluconazole 150mg,Antifungal,BAT-052-983,PHARM-015,179,45.0,2027-02-06,2026-02-28,AVAILABLE,NONE
INV-005499,MED-013,Montelukast + Levocetirizine,Respiratory,BAT-013-413,PHARM-015,170,115.0,2027-05-06,2026-03-19,AVAILABLE,NONE
INV-005500,MED-002,Amoxicillin + Clavulanate 625mg,Antibiotic,BAT-002-383,PHARM-015,241,185.0,2027-08-12,2026-02-02,AVAILABLE,NONE
INV-005501,MED-012,Ciprofloxacin 500mg,Antibiotic,BAT-012-910,PHARM-015,106,65.0,2026-08-18,2026-01-19,NEAR_EXPIRY,NONE
INV-005502,MED-013,Montelukast + Levocetirizine,Respiratory,BAT-013-354,PHARM-015,55,115.0,2026-08-16,2025-10-27,NEAR_EXPIRY,NONE
INV-005503,MED-015,Budesonide Inhaler 200mcg,Respiratory,BAT-015-383,PHARM-015,16,280.0,2026-09-12,2026-01-22,NEAR_EXPIRY,NONE
INV-005504,MED-028,Ondansetron 4mg,Gastrointestinal,BAT-028-417,PHARM-015,95,42.0,2026-12-31,2026-05-25,AVAILABLE,NONE
INV-005505,MED-049,Aceclofenac + Paracetamol,Analgesic,BAT-049-587,PHARM-015,157,60.0,2026-07-08,2026-03-08,EXPIRED,NONE
INV-005506,MED-024,Dapagliflozin 10mg,Antidiabetic,BAT-024-295,PHARM-015,138,220.0,2026-08-16,2025-11-23,NEAR_EXPIRY,NONE
INV-005507,MED-059,Empagliflozin 25mg,Antidiabetic,BAT-059-174,PHARM-015,230,290.0,2026-07-29,2025-12-23,EXPIRED,NONE
INV-005508,MED-009,Pantoprazole 40mg,Gastrointestinal,BAT-009-434,PHARM-015,201,85.0,2027-06-20,2026-05-27,AVAILABLE,NONE
INV-005509,MED-006,Atorvastatin 20mg,Cardiovascular,BAT-006-474,PHARM-015,362,95.0,2026-09-06,2026-01-14,NEAR_EXPIRY,NONE
INV-005510,MED-004,Metformin 500mg SR,Antidiabetic,BAT-004-379,PHARM-015,126,45.0,2026-08-20,2026-04-29,NEAR_EXPIRY,NONE
INV-005511,MED-026,Clopidogrel 75mg,Cardiovascular,BAT-026-412,PHARM-015,60,88.0,2026-07-05,2026-06-09,EXPIRED,NONE
INV-005512,MED-024,Dapagliflozin 10mg,Antidiabetic,BAT-024-932,PHARM-015,102,220.0,2026-12-20,2026-01-06,AVAILABLE,NONE
INV-005513,MED-015,Budesonide Inhaler 200mcg,Respiratory,BAT-015-622,PHARM-015,39,280.0,2027-07-05,2026-06-27,AVAILABLE,NONE
INV-005514,MED-038,Fexofenadine 120mg,Antihistamine,BAT-038-193,PHARM-015,25,82.0,2027-04-08,2026-03-10,AVAILABLE,NONE
INV-005515,MED-023,Vildagliptin 50mg,Antidiabetic,BAT-023-832,PHARM-015,176,175.0,2027-03-21,2026-03-23,AVAILABLE,NONE
INV-005516,MED-017,Tramadol 50mg,Analgesic,BAT-017-880,PHARM-015,140,90.0,2026-10-11,2026-06-10,AVAILABLE,NONE
INV-005517,MED-008,Amlodipine 5mg,Cardiovascular,BAT-008-441,PHARM-015,111,38.0,2027-03-23,2025-11-03,AVAILABLE,NONE
INV-005518,MED-032,Linezolid 600mg,Antibiotic,BAT-032-224,PHARM-015,64,340.0,2026-09-21,2025-12-27,AVAILABLE,NONE
INV-005519,MED-033,Vancomycin 500mg Injection,Antibiotic,BAT-033-746,PHARM-015,82,420.0,2027-05-11,2026-05-09,AVAILABLE,NONE
INV-005520,MED-002,Amoxicillin + Clavulanate 625mg,Antibiotic,BAT-002-960,PHARM-015,371,185.0,2026-08-18,2025-12-07,NEAR_EXPIRY,NONE
INV-005521,MED-056,Bisoprolol 2.5mg,Cardiovascular,BAT-056-649,PHARM-015,80,72.0,2027-05-23,2026-01-10,AVAILABLE,NONE
INV-005522,MED-021,Losartan 50mg,Cardiovascular,BAT-021-234,PHARM-015,137,62.0,2026-10-14,2026-07-11,AVAILABLE,NONE
INV-005523,MED-028,Ondansetron 4mg,Gastrointestinal,BAT-028-174,PHARM-015,34,42.0,2026-08-04,2026-02-05,EXPIRED,NONE
INV-005524,MED-021,Losartan 50mg,Cardiovascular,BAT-021-721,PHARM-015,227,62.0,2027-06-27,2025-10-01,AVAILABLE,NONE
INV-005525,MED-023,Vildagliptin 50mg,Antidiabetic,BAT-023-783,PHARM-015,244,175.0,2026-09-28,2025-12-12,AVAILABLE,NONE
INV-005526,MED-005,Human Regular Insulin 100IU,Antidiabetic,BAT-005-413,PHARM-015,26,350.0,2027-05-18,2026-04-09,AVAILABLE,NONE
INV-005527,MED-059,Empagliflozin 25mg,Antidiabetic,BAT-059-617,PHARM-015,29,290.0,2027-08-13,2026-06-24,AVAILABLE,NONE
INV-005528,MED-007,Telmisartan 40mg,Cardiovascular,BAT-007-145,PHARM-015,207,78.0,2027-05-15,2026-06-05,AVAILABLE,NONE
INV-005529,MED-007,Telmisartan 40mg,Cardiovascular,BAT-007-969,PHARM-015,58,78.0,2027-08-17,2026-06-20,AVAILABLE,NONE
INV-005530,MED-032,Linezolid 600mg,Antibiotic,BAT-032-951,PHARM-015,45,340.0,2026-10-01,2025-10-26,AVAILABLE,NONE
INV-005531,MED-035,Dexamethasone 4mg Injection,Steroid,BAT-035-708,PHARM-015,188,25.0,2026-07-19,2026-03-31,EXPIRED,NONE
INV-005532,MED-008,Amlodipine 5mg,Cardiovascular,BAT-008-495,PHARM-015,124,38.0,2026-09-17,2026-03-13,AVAILABLE,NONE
INV-005533,MED-033,Vancomycin 500mg Injection,Antibiotic,BAT-033-584,PHARM-015,155,420.0,2026-11-28,2025-10-14,AVAILABLE,NONE
INV-005534,MED-053,Itraconazole 100mg,Antifungal,BAT-053-801,PHARM-015,31,165.0,2027-08-15,2026-01-16,AVAILABLE,NONE
INV-005535,MED-023,Vildagliptin 50mg,Antidiabetic,BAT-023-742,PHARM-015,105,175.0,2027-04-27,2026-06-27,AVAILABLE,NONE
INV-005536,MED-026,Clopidogrel 75mg,Cardiovascular,BAT-026-876,PHARM-015,117,88.0,2026-09-19,2025-10-03,AVAILABLE,NONE
INV-005537,MED-031,Levofloxacin 500mg,Antibiotic,BAT-031-280,PHARM-015,59,95.0,2026-07-14,2025-10-20,EXPIRED,NONE
INV-005538,MED-046,Vitamin B-Complex + B12,Nutritional,BAT-046-599,PHARM-015,161,40.0,2027-09-05,2026-04-26,AVAILABLE,NONE
INV-005539,MED-008,Amlodipine 5mg,Cardiovascular,BAT-008-789,PHARM-015,69,38.0,2026-10-04,2026-02-17,AVAILABLE,NONE
INV-005540,MED-030,Doxycycline 100mg,Antibiotic,BAT-030-315,PHARM-015,139,68.0,2026-09-14,2026-01-16,AVAILABLE,NONE
INV-005541,MED-015,Budesonide Inhaler 200mcg,Respiratory,BAT-015-844,PHARM-016,32,280.0,2027-02-04,2026-07-01,AVAILABLE,NONE
INV-005542,MED-050,Loperamide 2mg,Gastrointestinal,BAT-050-509,PHARM-016,153,18.0,2026-10-12,2025-09-09,AVAILABLE,NONE
INV-005543,MED-049,Aceclofenac + Paracetamol,Analgesic,BAT-049-712,PHARM-016,115,60.0,2026-10-02,2025-09-19,AVAILABLE,NONE
INV-005544,MED-007,Telmisartan 40mg,Cardiovascular,BAT-007-756,PHARM-016,102,78.0,2026-08-31,2026-03-07,NEAR_EXPIRY,NONE
INV-005545,MED-058,Sitagliptin 100mg,Antidiabetic,BAT-058-181,PHARM-016,59,240.0,2026-08-30,2026-03-04,NEAR_EXPIRY,NONE
INV-005546,MED-025,Rosuvastatin 10mg,Cardiovascular,BAT-025-639,PHARM-016,115,110.0,2027-06-01,2025-10-25,AVAILABLE,NONE
INV-005547,MED-005,Human Regular Insulin 100IU,Antidiabetic,BAT-005-989,PHARM-016,75,350.0,2026-09-06,2025-10-01,NEAR_EXPIRY,NONE
INV-005548,MED-020,Piperacillin + Tazobactam 4.5g,Antibiotic,BAT-020-462,PHARM-016,175,490.0,2026-07-02,2025-12-07,EXPIRED,NONE
INV-005549,MED-051,Metronidazole 400mg,Antibiotic,BAT-051-474,PHARM-016,17,32.0,2026-08-31,2025-12-22,NEAR_EXPIRY,NONE
INV-005550,MED-059,Empagliflozin 25mg,Antidiabetic,BAT-059-740,PHARM-016,58,290.0,2026-08-26,2025-12-03,NEAR_EXPIRY,NONE
INV-005551,MED-034,Methylprednisolone 16mg,Steroid,BAT-034-954,PHARM-016,222,110.0,2026-10-08,2026-01-19,AVAILABLE,NONE
INV-005552,MED-014,Salbutamol Inhaler 100mcg,Respiratory,BAT-014-345,PHARM-016,223,160.0,2027-06-17,2025-11-17,AVAILABLE,NONE
INV-005553,MED-016,Ibuprofen 400mg,Analgesic,BAT-016-118,PHARM-016,227,28.0,2026-08-18,2026-04-04,NEAR_EXPIRY,NONE
INV-005554,MED-051,Metronidazole 400mg,Antibiotic,BAT-051-264,PHARM-016,27,32.0,2026-08-17,2025-12-15,NEAR_EXPIRY,NONE
INV-005555,MED-001,Paracetamol 650mg,Analgesic,BAT-001-972,PHARM-016,85,32.5,2026-08-20,2026-05-24,NEAR_EXPIRY,NONE
INV-005556,MED-053,Itraconazole 100mg,Antifungal,BAT-053-397,PHARM-016,275,165.0,2026-09-12,2026-01-24,NEAR_EXPIRY,NONE
INV-005557,MED-003,Azithromycin 500mg,Antibiotic,BAT-003-619,PHARM-016,160,120.0,2027-08-10,2026-06-27,AVAILABLE,NONE
INV-005558,MED-054,Ranitidine 150mg,Gastrointestinal,BAT-054-313,PHARM-016,181,25.0,2027-05-07,2025-09-28,AVAILABLE,NONE
INV-005559,MED-030,Doxycycline 100mg,Antibiotic,BAT-030-342,PHARM-016,99,68.0,2026-09-18,2025-10-22,AVAILABLE,NONE
INV-005560,MED-025,Rosuvastatin 10mg,Cardiovascular,BAT-025-199,PHARM-016,263,110.0,2026-08-28,2025-12-27,NEAR_EXPIRY,NONE
INV-005561,MED-015,Budesonide Inhaler 200mcg,Respiratory,BAT-015-890,PHARM-016,40,280.0,2026-07-07,2026-06-15,EXPIRED,NONE
INV-005562,MED-019,Meropenem 1g Injection,Antibiotic,BAT-019-328,PHARM-016,107,850.0,2026-08-17,2026-02-05,NEAR_EXPIRY,NONE
INV-005563,MED-045,Calcium 500mg + Vitamin D3,Nutritional,BAT-045-831,PHARM-016,155,65.0,2026-08-19,2026-02-23,NEAR_EXPIRY,NONE
INV-005564,MED-027,Aspirin 75mg Gastro-resistant,Cardiovascular,BAT-027-872,PHARM-016,25,22.0,2026-08-19,2025-12-29,NEAR_EXPIRY,NONE
INV-005565,MED-034,Methylprednisolone 16mg,Steroid,BAT-034-720,PHARM-016,165,110.0,2026-08-17,2026-01-03,NEAR_EXPIRY,NONE
INV-005566,MED-041,Alprazolam 0.5mg,Psychiatric,BAT-041-513,PHARM-016,83,35.0,2026-08-05,2026-06-17,EXPIRED,NONE
INV-005567,MED-003,Azithromycin 500mg,Antibiotic,BAT-003-232,PHARM-016,29,120.0,2027-03-09,2026-03-23,AVAILABLE,NONE
INV-005568,MED-024,Dapagliflozin 10mg,Antidiabetic,BAT-024-491,PHARM-016,46,220.0,2026-10-11,2025-11-18,AVAILABLE,NONE
INV-005569,MED-012,Ciprofloxacin 500mg,Antibiotic,BAT-012-468,PHARM-016,164,65.0,2027-07-06,2026-06-05,AVAILABLE,NONE
INV-005570,MED-048,Diclofenac Sodium 50mg,Analgesic,BAT-048-144,PHARM-016,397,30.0,2026-08-19,2026-03-03,NEAR_EXPIRY,NONE
INV-005571,MED-057,Carvedilol 6.25mg,Cardiovascular,BAT-057-112,PHARM-016,130,54.0,2026-07-19,2026-01-24,EXPIRED,NONE
INV-005572,MED-003,Azithromycin 500mg,Antibiotic,BAT-003-826,PHARM-016,75,120.0,2027-01-14,2025-10-11,AVAILABLE,NONE
INV-005573,MED-038,Fexofenadine 120mg,Antihistamine,BAT-038-230,PHARM-016,217,82.0,2026-09-23,2025-11-08,AVAILABLE,NONE
INV-005574,MED-018,Enoxaparin 40mg Injection,Cardiovascular,BAT-018-597,PHARM-016,162,450.0,2026-10-02,2025-08-24,AVAILABLE,NONE
INV-005575,MED-025,Rosuvastatin 10mg,Cardiovascular,BAT-025-918,PHARM-016,55,110.0,2026-09-24,2026-04-07,AVAILABLE,NONE
INV-005576,MED-031,Levofloxacin 500mg,Antibiotic,BAT-031-500,PHARM-016,122,95.0,2026-09-08,2025-09-05,NEAR_EXPIRY,NONE
INV-005577,MED-010,Omeprazole 20mg,Gastrointestinal,BAT-010-115,PHARM-016,264,55.0,2026-08-17,2026-05-02,NEAR_EXPIRY,NONE
INV-005578,MED-035,Dexamethasone 4mg Injection,Steroid,BAT-035-956,PHARM-016,168,25.0,2026-08-15,2025-12-26,NEAR_EXPIRY,NONE
INV-005579,MED-005,Human Regular Insulin 100IU,Antidiabetic,BAT-005-407,PHARM-016,234,350.0,2026-08-09,2026-01-09,EXPIRED,NONE
INV-005580,MED-054,Ranitidine 150mg,Gastrointestinal,BAT-054-992,PHARM-016,198,25.0,2026-10-30,2026-05-20,AVAILABLE,NONE
INV-005581,MED-010,Omeprazole 20mg,Gastrointestinal,BAT-010-489,PHARM-016,51,55.0,2026-10-09,2026-01-02,AVAILABLE,NONE
INV-005582,MED-059,Empagliflozin 25mg,Antidiabetic,BAT-059-369,PHARM-016,191,290.0,2026-09-21,2026-05-14,AVAILABLE,NONE
INV-005583,MED-037,Cetirizine 10mg,Antihistamine,BAT-037-518,PHARM-016,18,20.0,2026-08-22,2026-07-12,NEAR_EXPIRY,NONE
INV-005584,MED-056,Bisoprolol 2.5mg,Cardiovascular,BAT-056-613,PHARM-016,232,72.0,2026-12-16,2025-09-28,AVAILABLE,NONE
INV-005585,MED-007,Telmisartan 40mg,Cardiovascular,BAT-007-934,PHARM-016,52,78.0,2027-08-25,2025-09-21,AVAILABLE,NONE
INV-005586,MED-047,Iron + Folic Acid Tablets,Nutritional,BAT-047-422,PHARM-016,56,50.0,2027-08-16,2026-01-03,AVAILABLE,NONE
INV-005587,MED-057,Carvedilol 6.25mg,Cardiovascular,BAT-057-411,PHARM-016,191,54.0,2026-10-01,2025-11-09,AVAILABLE,NONE
INV-005588,MED-050,Loperamide 2mg,Gastrointestinal,BAT-050-316,PHARM-016,76,18.0,2026-08-11,2026-02-17,EXPIRED,NONE
INV-005589,MED-017,Tramadol 50mg,Analgesic,BAT-017-180,PHARM-016,228,90.0,2026-08-21,2026-02-22,NEAR_EXPIRY,NONE
INV-005590,MED-041,Alprazolam 0.5mg,Psychiatric,BAT-041-206,PHARM-016,41,35.0,2026-07-23,2026-02-06,EXPIRED,NONE
INV-005591,MED-045,Calcium 500mg + Vitamin D3,Nutritional,BAT-045-820,PHARM-016,423,65.0,2026-08-20,2026-03-19,NEAR_EXPIRY,NONE
INV-005592,MED-043,Sertraline 50mg,Psychiatric,BAT-043-102,PHARM-016,26,105.0,2026-08-23,2026-02-07,NEAR_EXPIRY,NONE
INV-005593,MED-037,Cetirizine 10mg,Antihistamine,BAT-037-862,PHARM-016,136,20.0,2027-04-29,2026-02-25,AVAILABLE,NONE
INV-005594,MED-007,Telmisartan 40mg,Cardiovascular,BAT-007-403,PHARM-016,37,78.0,2026-09-20,2025-10-31,AVAILABLE,NONE
INV-005595,MED-002,Amoxicillin + Clavulanate 625mg,Antibiotic,BAT-002-302,PHARM-016,149,185.0,2026-09-02,2026-05-23,NEAR_EXPIRY,NONE
INV-005596,MED-031,Levofloxacin 500mg,Antibiotic,BAT-031-228,PHARM-016,140,95.0,2026-10-05,2026-04-28,AVAILABLE,NONE
INV-005597,MED-039,Hydrochlorothiazide 12.5mg,Cardiovascular,BAT-039-375,PHARM-016,26,24.0,2026-09-22,2026-06-18,AVAILABLE,NONE
INV-005598,MED-015,Budesonide Inhaler 200mcg,Respiratory,BAT-015-319,PHARM-016,200,280.0,2026-09-10,2025-11-27,NEAR_EXPIRY,NONE
INV-005599,MED-015,Budesonide Inhaler 200mcg,Respiratory,BAT-015-352,PHARM-016,22,280.0,2026-08-16,2025-09-07,NEAR_EXPIRY,NONE
INV-005600,MED-053,Itraconazole 100mg,Antifungal,BAT-053-745,PHARM-016,21,165.0,2026-11-19,2025-12-20,AVAILABLE,NONE
INV-005601,MED-054,Ranitidine 150mg,Gastrointestinal,BAT-054-494,PHARM-016,34,25.0,2026-09-04,2026-07-07,NEAR_EXPIRY,NONE
INV-005602,MED-005,Human Regular Insulin 100IU,Antidiabetic,BAT-005-819,PHARM-016,145,350.0,2026-09-25,2025-08-19,AVAILABLE,NONE
INV-005603,MED-060,Albumin Human 20% 100ml,Critical Care,BAT-060-506,PHARM-016,206,3200.0,2026-08-21,2026-03-14,NEAR_EXPIRY,NONE
INV-005604,MED-039,Hydrochlorothiazide 12.5mg,Cardiovascular,BAT-039-515,PHARM-016,74,24.0,2026-09-04,2025-08-20,NEAR_EXPIRY,NONE
INV-005605,MED-015,Budesonide Inhaler 200mcg,Respiratory,BAT-015-505,PHARM-016,65,280.0,2026-08-31,2026-06-26,NEAR_EXPIRY,NONE
INV-005606,MED-019,Meropenem 1g Injection,Antibiotic,BAT-019-633,PHARM-016,244,850.0,2026-09-23,2025-12-23,AVAILABLE,NONE
INV-005607,MED-036,Prednisolone 10mg,Steroid,BAT-036-487,PHARM-016,152,30.0,2026-10-10,2025-08-24,AVAILABLE,NONE
INV-005608,MED-038,Fexofenadine 120mg,Antihistamine,BAT-038-378,PHARM-016,429,82.0,2026-08-24,2025-10-28,NEAR_EXPIRY,NONE
INV-005609,MED-016,Ibuprofen 400mg,Analgesic,BAT-016-515,PHARM-016,248,28.0,2026-08-10,2026-05-22,EXPIRED,NONE
INV-005610,MED-030,Doxycycline 100mg,Antibiotic,BAT-030-917,PHARM-016,133,68.0,2026-08-09,2025-11-18,EXPIRED,NONE
INV-005611,MED-032,Linezolid 600mg,Antibiotic,BAT-032-883,PHARM-016,166,340.0,2027-03-23,2026-03-24,AVAILABLE,NONE
INV-005612,MED-059,Empagliflozin 25mg,Antidiabetic,BAT-059-417,PHARM-016,313,290.0,2026-08-16,2025-09-14,NEAR_EXPIRY,NONE
INV-005613,MED-007,Telmisartan 40mg,Cardiovascular,BAT-007-213,PHARM-016,200,78.0,2026-10-02,2026-06-08,AVAILABLE,NONE
INV-005614,MED-049,Aceclofenac + Paracetamol,Analgesic,BAT-049-533,PHARM-016,177,60.0,2027-03-05,2026-06-19,AVAILABLE,NONE
INV-005615,MED-002,Amoxicillin + Clavulanate 625mg,Antibiotic,BAT-002-274,PHARM-016,285,185.0,2026-08-31,2026-05-29,NEAR_EXPIRY,NONE
INV-005616,MED-028,Ondansetron 4mg,Gastrointestinal,BAT-028-558,PHARM-016,369,42.0,2026-08-29,2026-02-22,NEAR_EXPIRY,NONE
INV-005617,MED-047,Iron + Folic Acid Tablets,Nutritional,BAT-047-516,PHARM-016,322,50.0,2026-08-27,2026-01-21,NEAR_EXPIRY,NONE
INV-005618,MED-002,Amoxicillin + Clavulanate 625mg,Antibiotic,BAT-002-938,PHARM-016,82,185.0,2027-04-16,2026-03-29,AVAILABLE,NONE
INV-005619,MED-059,Empagliflozin 25mg,Antidiabetic,BAT-059-101,PHARM-016,298,290.0,2026-09-13,2026-06-17,NEAR_EXPIRY,NONE
INV-005620,MED-026,Clopidogrel 75mg,Cardiovascular,BAT-026-456,PHARM-016,209,88.0,2026-12-10,2026-03-28,AVAILABLE,NONE
INV-005621,MED-040,Spironolactone 25mg,Cardiovascular,BAT-040-589,PHARM-016,127,48.0,2026-09-05,2025-11-24,NEAR_EXPIRY,NONE
INV-005622,MED-045,Calcium 500mg + Vitamin D3,Nutritional,BAT-045-258,PHARM-016,205,65.0,2026-10-06,2026-02-26,AVAILABLE,NONE
INV-005623,MED-010,Omeprazole 20mg,Gastrointestinal,BAT-010-300,PHARM-016,116,55.0,2027-07-10,2025-10-02,AVAILABLE,NONE
INV-005624,MED-055,Betamethasone 0.5mg,Steroid,BAT-055-437,PHARM-016,241,15.0,2026-12-31,2026-03-13,AVAILABLE,NONE
INV-005625,MED-031,Levofloxacin 500mg,Antibiotic,BAT-031-774,PHARM-016,43,95.0,2026-10-05,2025-12-29,AVAILABLE,NONE
INV-005626,MED-017,Tramadol 50mg,Analgesic,BAT-017-818,PHARM-016,90,90.0,2027-02-14,2026-06-05,AVAILABLE,NONE
INV-005627,MED-037,Cetirizine 10mg,Antihistamine,BAT-037-305,PHARM-016,175,20.0,2027-06-17,2026-05-13,AVAILABLE,NONE
INV-005628,MED-025,Rosuvastatin 10mg,Cardiovascular,BAT-025-550,PHARM-016,113,110.0,2026-09-25,2026-06-28,AVAILABLE,NONE
INV-005629,MED-036,Prednisolone 10mg,Steroid,BAT-036-756,PHARM-016,231,30.0,2026-09-21,2026-05-25,AVAILABLE,NONE
INV-005630,MED-021,Losartan 50mg,Cardiovascular,BAT-021-573,PHARM-016,149,62.0,2026-08-20,2025-09-07,NEAR_EXPIRY,NONE
INV-005631,MED-002,Amoxicillin + Clavulanate 625mg,Antibiotic,BAT-002-502,PHARM-016,244,185.0,2026-09-20,2025-09-18,AVAILABLE,NONE
INV-005632,MED-024,Dapagliflozin 10mg,Antidiabetic,BAT-024-868,PHARM-016,16,220.0,2026-09-03,2026-03-03,NEAR_EXPIRY,NONE
INV-005633,MED-019,Meropenem 1g Injection,Antibiotic,BAT-019-778,PHARM-016,144,850.0,2026-09-25,2025-08-28,AVAILABLE,NONE
INV-005634,MED-001,Paracetamol 650mg,Analgesic,BAT-001-967,PHARM-016,84,32.5,2026-09-21,2026-03-19,AVAILABLE,NONE
INV-005635,MED-043,Sertraline 50mg,Psychiatric,BAT-043-235,PHARM-016,205,105.0,2026-12-03,2025-11-14,AVAILABLE,NONE
INV-005636,MED-035,Dexamethasone 4mg Injection,Steroid,BAT-035-504,PHARM-016,58,25.0,2027-08-08,2025-12-24,AVAILABLE,NONE
INV-005637,MED-024,Dapagliflozin 10mg,Antidiabetic,BAT-024-429,PHARM-016,186,220.0,2026-10-11,2026-05-12,AVAILABLE,NONE
INV-005638,MED-004,Metformin 500mg SR,Antidiabetic,BAT-004-437,PHARM-016,119,45.0,2026-09-19,2026-07-03,AVAILABLE,NONE
INV-005639,MED-004,Metformin 500mg SR,Antidiabetic,BAT-004-107,PHARM-016,190,45.0,2026-12-09,2026-06-21,AVAILABLE,NONE
INV-005640,MED-050,Loperamide 2mg,Gastrointestinal,BAT-050-867,PHARM-016,23,18.0,2026-08-17,2026-06-17,NEAR_EXPIRY,NONE
INV-005641,MED-055,Betamethasone 0.5mg,Steroid,BAT-055-699,PHARM-016,447,15.0,2026-08-17,2025-11-22,NEAR_EXPIRY,NONE
INV-005642,MED-040,Spironolactone 25mg,Cardiovascular,BAT-040-741,PHARM-016,37,48.0,2026-08-15,2025-10-25,NEAR_EXPIRY,NONE
INV-005643,MED-044,Thyroxine Sodium 50mcg,Endocrine,BAT-044-857,PHARM-016,215,125.0,2026-10-04,2025-10-04,AVAILABLE,NONE
INV-005644,MED-013,Montelukast + Levocetirizine,Respiratory,BAT-013-643,PHARM-016,233,115.0,2027-04-24,2026-02-10,AVAILABLE,NONE
INV-005645,MED-037,Cetirizine 10mg,Antihistamine,BAT-037-739,PHARM-016,238,20.0,2027-07-28,2026-06-19,AVAILABLE,NONE
INV-005646,MED-026,Clopidogrel 75mg,Cardiovascular,BAT-026-589,PHARM-016,267,88.0,2026-08-16,2026-05-11,NEAR_EXPIRY,NONE
INV-005647,MED-017,Tramadol 50mg,Analgesic,BAT-017-641,PHARM-016,139,90.0,2026-10-12,2026-05-13,AVAILABLE,NONE
INV-005648,MED-041,Alprazolam 0.5mg,Psychiatric,BAT-041-350,PHARM-016,101,35.0,2027-04-17,2025-08-28,AVAILABLE,NONE
INV-005649,MED-047,Iron + Folic Acid Tablets,Nutritional,BAT-047-529,PHARM-016,38,50.0,2026-09-18,2026-06-10,AVAILABLE,NONE
INV-005650,MED-050,Loperamide 2mg,Gastrointestinal,BAT-050-643,PHARM-016,10,18.0,2026-08-16,2025-10-08,NEAR_EXPIRY,NONE
INV-005651,MED-034,Methylprednisolone 16mg,Steroid,BAT-034-844,PHARM-016,143,110.0,2026-12-15,2025-12-24,AVAILABLE,NONE
INV-005652,MED-025,Rosuvastatin 10mg,Cardiovascular,BAT-025-164,PHARM-016,77,110.0,2026-10-06,2025-08-23,AVAILABLE,NONE
INV-005653,MED-054,Ranitidine 150mg,Gastrointestinal,BAT-054-129,PHARM-016,376,25.0,2026-08-17,2026-04-27,NEAR_EXPIRY,NONE
INV-005654,MED-028,Ondansetron 4mg,Gastrointestinal,BAT-028-722,PHARM-016,101,42.0,2026-09-20,2026-03-15,AVAILABLE,NONE
INV-005655,MED-059,Empagliflozin 25mg,Antidiabetic,BAT-059-740,PHARM-016,236,290.0,2026-09-27,2025-09-06,AVAILABLE,NONE
INV-005656,MED-030,Doxycycline 100mg,Antibiotic,BAT-030-544,PHARM-016,57,68.0,2026-07-29,2026-02-25,EXPIRED,NONE
INV-005657,MED-015,Budesonide Inhaler 200mcg,Respiratory,BAT-015-900,PHARM-016,207,280.0,2027-08-02,2025-09-23,AVAILABLE,NONE
INV-005658,MED-015,Budesonide Inhaler 200mcg,Respiratory,BAT-015-774,PHARM-016,221,280.0,2026-12-24,2026-04-15,AVAILABLE,NONE
INV-005659,MED-058,Sitagliptin 100mg,Antidiabetic,BAT-058-646,PHARM-016,226,240.0,2027-09-04,2026-04-30,AVAILABLE,NONE
INV-005660,MED-026,Clopidogrel 75mg,Cardiovascular,BAT-026-924,PHARM-016,117,88.0,2027-01-11,2025-11-25,AVAILABLE,NONE
INV-005661,MED-057,Carvedilol 6.25mg,Cardiovascular,BAT-057-716,PHARM-016,174,54.0,2026-09-22,2026-03-14,AVAILABLE,NONE
INV-005662,MED-055,Betamethasone 0.5mg,Steroid,BAT-055-739,PHARM-016,39,15.0,2026-08-27,2025-09-28,NEAR_EXPIRY,NONE
INV-005663,MED-059,Empagliflozin 25mg,Antidiabetic,BAT-059-729,PHARM-016,97,290.0,2027-02-23,2025-12-15,AVAILABLE,NONE
INV-005664,MED-044,Thyroxine Sodium 50mcg,Endocrine,BAT-044-632,PHARM-016,225,125.0,2027-02-18,2026-02-23,AVAILABLE,NONE
INV-005665,MED-059,Empagliflozin 25mg,Antidiabetic,BAT-059-864,PHARM-016,206,290.0,2026-10-06,2025-08-27,AVAILABLE,NONE
INV-005666,MED-035,Dexamethasone 4mg Injection,Steroid,BAT-035-545,PHARM-016,12,25.0,2026-08-15,2025-10-29,NEAR_EXPIRY,NONE
INV-005667,MED-015,Budesonide Inhaler 200mcg,Respiratory,BAT-015-147,PHARM-016,282,280.0,2026-09-10,2025-12-09,NEAR_EXPIRY,NONE
INV-005668,MED-032,Linezolid 600mg,Antibiotic,BAT-032-590,PHARM-016,199,340.0,2027-03-25,2026-06-02,AVAILABLE,NONE
INV-005669,MED-023,Vildagliptin 50mg,Antidiabetic,BAT-023-708,PHARM-016,198,175.0,2027-04-30,2026-06-17,AVAILABLE,NONE
INV-005670,MED-057,Carvedilol 6.25mg,Cardiovascular,BAT-057-270,PHARM-016,176,54.0,2026-10-13,2025-11-11,AVAILABLE,NONE
INV-005671,MED-004,Metformin 500mg SR,Antidiabetic,BAT-004-275,PHARM-016,58,45.0,2026-10-06,2026-01-14,AVAILABLE,NONE
INV-005672,MED-002,Amoxicillin + Clavulanate 625mg,Antibiotic,BAT-002-830,PHARM-016,139,185.0,2027-02-11,2026-03-01,AVAILABLE,NONE
INV-005673,MED-011,Cefixime 200mg,Antibiotic,BAT-011-219,PHARM-016,301,140.0,2026-08-20,2025-12-16,NEAR_EXPIRY,NONE
INV-005674,MED-002,Amoxicillin + Clavulanate 625mg,Antibiotic,BAT-002-321,PHARM-016,19,185.0,2026-08-19,2026-05-02,NEAR_EXPIRY,NONE
INV-005675,MED-012,Ciprofloxacin 500mg,Antibiotic,BAT-012-737,PHARM-016,28,65.0,2026-09-10,2026-02-02,NEAR_EXPIRY,NONE
INV-005676,MED-047,Iron + Folic Acid Tablets,Nutritional,BAT-047-566,PHARM-016,418,50.0,2026-08-21,2025-09-26,NEAR_EXPIRY,NONE
INV-005677,MED-021,Losartan 50mg,Cardiovascular,BAT-021-881,PHARM-016,228,62.0,2026-07-03,2026-01-19,EXPIRED,NONE
INV-005678,MED-010,Omeprazole 20mg,Gastrointestinal,BAT-010-360,PHARM-016,322,55.0,2026-08-24,2025-11-26,NEAR_EXPIRY,NONE
INV-005679,MED-014,Salbutamol Inhaler 100mcg,Respiratory,BAT-014-500,PHARM-016,128,160.0,2026-07-11,2025-11-24,EXPIRED,NONE
INV-005680,MED-010,Omeprazole 20mg,Gastrointestinal,BAT-010-463,PHARM-016,240,55.0,2027-06-08,2025-12-26,AVAILABLE,NONE
INV-005681,MED-028,Ondansetron 4mg,Gastrointestinal,BAT-028-206,PHARM-016,19,42.0,2026-08-19,2026-05-24,NEAR_EXPIRY,NONE
INV-005682,MED-002,Amoxicillin + Clavulanate 625mg,Antibiotic,BAT-002-915,PHARM-016,121,185.0,2026-09-25,2026-07-08,AVAILABLE,NONE
INV-005683,MED-016,Ibuprofen 400mg,Analgesic,BAT-016-132,PHARM-016,62,28.0,2027-08-05,2025-10-28,AVAILABLE,NONE
INV-005684,MED-041,Alprazolam 0.5mg,Psychiatric,BAT-041-358,PHARM-016,139,35.0,2026-09-30,2025-08-23,AVAILABLE,NONE
INV-005685,MED-015,Budesonide Inhaler 200mcg,Respiratory,BAT-015-958,PHARM-016,247,280.0,2026-11-03,2026-04-19,AVAILABLE,NONE
INV-005686,MED-031,Levofloxacin 500mg,Antibiotic,BAT-031-799,PHARM-016,63,95.0,2026-09-16,2025-10-21,AVAILABLE,NONE
INV-005687,MED-041,Alprazolam 0.5mg,Psychiatric,BAT-041-551,PHARM-016,215,35.0,2027-04-12,2026-03-20,AVAILABLE,NONE
INV-005688,MED-059,Empagliflozin 25mg,Antidiabetic,BAT-059-397,PHARM-016,10,290.0,2026-08-27,2025-10-10,NEAR_EXPIRY,NONE
INV-005689,MED-005,Human Regular Insulin 100IU,Antidiabetic,BAT-005-731,PHARM-016,95,350.0,2027-07-22,2025-11-28,AVAILABLE,NONE
INV-005690,MED-009,Pantoprazole 40mg,Gastrointestinal,BAT-009-657,PHARM-016,374,85.0,2026-09-12,2025-11-17,NEAR_EXPIRY,NONE
INV-005691,MED-011,Cefixime 200mg,Antibiotic,BAT-011-601,PHARM-016,181,140.0,2027-01-29,2025-09-05,AVAILABLE,NONE
INV-005692,MED-026,Clopidogrel 75mg,Cardiovascular,BAT-026-434,PHARM-016,133,88.0,2026-08-20,2026-06-12,NEAR_EXPIRY,NONE
INV-005693,MED-006,Atorvastatin 20mg,Cardiovascular,BAT-006-800,PHARM-016,246,95.0,2026-07-21,2026-07-06,EXPIRED,NONE
INV-005694,MED-006,Atorvastatin 20mg,Cardiovascular,BAT-006-133,PHARM-016,32,95.0,2026-08-17,2025-10-26,NEAR_EXPIRY,NONE
INV-005695,MED-009,Pantoprazole 40mg,Gastrointestinal,BAT-009-539,PHARM-016,10,85.0,2026-08-23,2026-04-18,NEAR_EXPIRY,NONE
INV-005696,MED-029,Rabeprazole 20mg,Gastrointestinal,BAT-029-237,PHARM-016,200,75.0,2026-08-23,2026-05-10,NEAR_EXPIRY,NONE
INV-005697,MED-058,Sitagliptin 100mg,Antidiabetic,BAT-058-294,PHARM-016,90,240.0,2027-09-06,2026-02-26,AVAILABLE,NONE
INV-005698,MED-013,Montelukast + Levocetirizine,Respiratory,BAT-013-567,PHARM-016,49,115.0,2027-08-04,2026-01-27,AVAILABLE,NONE
INV-005699,MED-028,Ondansetron 4mg,Gastrointestinal,BAT-028-885,PHARM-016,78,42.0,2026-08-19,2025-09-25,NEAR_EXPIRY,NONE
INV-005700,MED-046,Vitamin B-Complex + B12,Nutritional,BAT-046-505,PHARM-016,159,40.0,2026-08-21,2026-03-24,NEAR_EXPIRY,NONE
INV-005701,MED-054,Ranitidine 150mg,Gastrointestinal,BAT-054-671,PHARM-016,22,25.0,2027-03-19,2025-11-16,AVAILABLE,NONE
INV-005702,MED-016,Ibuprofen 400mg,Analgesic,BAT-016-311,PHARM-016,39,28.0,2026-08-30,2026-07-15,NEAR_EXPIRY,NONE
INV-005703,MED-025,Rosuvastatin 10mg,Cardiovascular,BAT-025-201,PHARM-016,207,110.0,2026-09-09,2025-12-04,NEAR_EXPIRY,NONE
INV-005704,MED-035,Dexamethasone 4mg Injection,Steroid,BAT-035-394,PHARM-016,161,25.0,2027-04-01,2026-02-17,AVAILABLE,NONE
INV-005705,MED-002,Amoxicillin + Clavulanate 625mg,Antibiotic,BAT-002-202,PHARM-016,145,185.0,2026-12-01,2026-01-28,AVAILABLE,NONE
INV-005706,MED-027,Aspirin 75mg Gastro-resistant,Cardiovascular,BAT-027-406,PHARM-016,232,22.0,2026-09-27,2026-05-03,AVAILABLE,NONE
INV-005707,MED-045,Calcium 500mg + Vitamin D3,Nutritional,BAT-045-274,PHARM-016,95,65.0,2026-08-05,2025-10-24,EXPIRED,NONE
INV-005708,MED-007,Telmisartan 40mg,Cardiovascular,BAT-007-221,PHARM-016,187,78.0,2026-08-12,2026-01-13,EXPIRED,NONE
INV-005709,MED-040,Spironolactone 25mg,Cardiovascular,BAT-040-925,PHARM-016,126,48.0,2026-10-06,2025-12-19,AVAILABLE,NONE
INV-005710,MED-007,Telmisartan 40mg,Cardiovascular,BAT-007-848,PHARM-016,15,78.0,2026-08-21,2026-04-07,NEAR_EXPIRY,NONE
INV-005711,MED-045,Calcium 500mg + Vitamin D3,Nutritional,BAT-045-350,PHARM-016,283,65.0,2026-08-21,2026-04-23,NEAR_EXPIRY,NONE
INV-005712,MED-054,Ranitidine 150mg,Gastrointestinal,BAT-054-661,PHARM-016,133,25.0,2027-09-10,2026-04-08,AVAILABLE,NONE
INV-005713,MED-041,Alprazolam 0.5mg,Psychiatric,BAT-041-411,PHARM-016,444,35.0,2026-08-30,2026-03-17,NEAR_EXPIRY,NONE
INV-005714,MED-055,Betamethasone 0.5mg,Steroid,BAT-055-830,PHARM-016,64,15.0,2026-09-26,2026-02-09,AVAILABLE,NONE
INV-005715,MED-022,Glimepiride 2mg,Antidiabetic,BAT-022-864,PHARM-016,217,52.0,2026-09-15,2026-04-05,AVAILABLE,NONE
INV-005716,MED-007,Telmisartan 40mg,Cardiovascular,BAT-007-189,PHARM-016,229,78.0,2027-01-03,2026-05-17,AVAILABLE,NONE
INV-005717,MED-021,Losartan 50mg,Cardiovascular,BAT-021-427,PHARM-016,138,62.0,2027-01-14,2025-10-29,AVAILABLE,NONE
INV-005718,MED-029,Rabeprazole 20mg,Gastrointestinal,BAT-029-821,PHARM-016,122,75.0,2026-09-19,2025-10-10,AVAILABLE,NONE
INV-005719,MED-003,Azithromycin 500mg,Antibiotic,BAT-003-326,PHARM-016,156,120.0,2027-03-04,2026-06-03,AVAILABLE,NONE
INV-005720,MED-038,Fexofenadine 120mg,Antihistamine,BAT-038-119,PHARM-016,225,82.0,2026-07-22,2026-03-16,EXPIRED,NONE
INV-005721,MED-058,Sitagliptin 100mg,Antidiabetic,BAT-058-646,PHARM-016,140,240.0,2026-07-07,2025-10-29,EXPIRED,NONE
INV-005722,MED-008,Amlodipine 5mg,Cardiovascular,BAT-008-956,PHARM-016,247,38.0,2026-10-09,2025-10-10,AVAILABLE,NONE
INV-005723,MED-055,Betamethasone 0.5mg,Steroid,BAT-055-963,PHARM-016,65,15.0,2026-12-20,2026-02-07,AVAILABLE,NONE
INV-005724,MED-039,Hydrochlorothiazide 12.5mg,Cardiovascular,BAT-039-325,PHARM-016,197,24.0,2027-03-31,2026-01-08,AVAILABLE,NONE
INV-005725,MED-050,Loperamide 2mg,Gastrointestinal,BAT-050-402,PHARM-016,31,18.0,2026-09-19,2026-01-10,AVAILABLE,NONE
INV-005726,MED-021,Losartan 50mg,Cardiovascular,BAT-021-854,PHARM-016,102,62.0,2026-09-28,2026-01-16,AVAILABLE,NONE
INV-005727,MED-029,Rabeprazole 20mg,Gastrointestinal,BAT-029-607,PHARM-016,42,75.0,2026-10-11,2025-09-12,AVAILABLE,NONE
INV-005728,MED-007,Telmisartan 40mg,Cardiovascular,BAT-007-796,PHARM-016,224,78.0,2027-08-13,2026-04-10,AVAILABLE,NONE
INV-005729,MED-036,Prednisolone 10mg,Steroid,BAT-036-328,PHARM-016,139,30.0,2027-04-01,2026-07-06,AVAILABLE,NONE
INV-005730,MED-027,Aspirin 75mg Gastro-resistant,Cardiovascular,BAT-027-246,PHARM-016,216,22.0,2027-03-29,2025-12-01,AVAILABLE,NONE
INV-005731,MED-056,Bisoprolol 2.5mg,Cardiovascular,BAT-056-799,PHARM-016,447,72.0,2026-08-18,2026-05-23,NEAR_EXPIRY,NONE
INV-005732,MED-037,Cetirizine 10mg,Antihistamine,BAT-037-575,PHARM-016,244,20.0,2026-12-08,2026-06-26,AVAILABLE,NONE
INV-005733,MED-023,Vildagliptin 50mg,Antidiabetic,BAT-023-775,PHARM-016,297,175.0,2026-08-21,2026-04-21,NEAR_EXPIRY,NONE
INV-005734,MED-034,Methylprednisolone 16mg,Steroid,BAT-034-709,PHARM-016,70,110.0,2026-07-12,2026-01-04,EXPIRED,NONE
INV-005735,MED-018,Enoxaparin 40mg Injection,Cardiovascular,BAT-018-569,PHARM-016,53,450.0,2026-11-19,2025-12-06,AVAILABLE,NONE
INV-005736,MED-043,Sertraline 50mg,Psychiatric,BAT-043-619,PHARM-016,170,105.0,2026-09-30,2025-08-24,AVAILABLE,NONE
INV-005737,MED-040,Spironolactone 25mg,Cardiovascular,BAT-040-838,PHARM-016,91,48.0,2026-07-13,2026-03-21,EXPIRED,NONE
INV-005738,MED-025,Rosuvastatin 10mg,Cardiovascular,BAT-025-208,PHARM-016,174,110.0,2027-08-02,2026-05-17,AVAILABLE,NONE
INV-005739,MED-049,Aceclofenac + Paracetamol,Analgesic,BAT-049-754,PHARM-016,236,60.0,2026-10-11,2025-11-12,AVAILABLE,NONE
INV-005740,MED-039,Hydrochlorothiazide 12.5mg,Cardiovascular,BAT-039-229,PHARM-016,32,24.0,2026-08-17,2025-11-19,NEAR_EXPIRY,NONE
INV-005741,MED-059,Empagliflozin 25mg,Antidiabetic,BAT-059-901,PHARM-016,25,290.0,2026-09-12,2026-03-25,NEAR_EXPIRY,NONE
INV-005742,MED-033,Vancomycin 500mg Injection,Antibiotic,BAT-033-474,PHARM-016,240,420.0,2027-07-28,2025-08-20,AVAILABLE,NONE
INV-005743,MED-040,Spironolactone 25mg,Cardiovascular,BAT-040-624,PHARM-016,159,48.0,2026-09-17,2025-12-24,AVAILABLE,NONE
INV-005744,MED-050,Loperamide 2mg,Gastrointestinal,BAT-050-885,PHARM-016,139,18.0,2027-08-04,2026-03-05,AVAILABLE,NONE
INV-005745,MED-026,Clopidogrel 75mg,Cardiovascular,BAT-026-813,PHARM-016,22,88.0,2026-07-08,2026-03-13,EXPIRED,NONE
INV-005746,MED-042,Escitalopram 10mg,Psychiatric,BAT-042-104,PHARM-016,126,85.0,2026-09-09,2025-11-17,NEAR_EXPIRY,NONE
INV-005747,MED-021,Losartan 50mg,Cardiovascular,BAT-021-573,PHARM-016,90,62.0,2027-03-21,2025-08-21,AVAILABLE,NONE
INV-005748,MED-008,Amlodipine 5mg,Cardiovascular,BAT-008-970,PHARM-016,232,38.0,2026-10-02,2026-06-23,AVAILABLE,NONE
INV-005749,MED-011,Cefixime 200mg,Antibiotic,BAT-011-861,PHARM-016,272,140.0,2026-08-20,2025-12-09,NEAR_EXPIRY,NONE
INV-005750,MED-015,Budesonide Inhaler 200mcg,Respiratory,BAT-015-404,PHARM-016,47,280.0,2027-07-31,2025-11-26,AVAILABLE,NONE
INV-005751,MED-045,Calcium 500mg + Vitamin D3,Nutritional,BAT-045-500,PHARM-016,83,65.0,2027-02-23,2026-06-30,AVAILABLE,NONE
INV-005752,MED-022,Glimepiride 2mg,Antidiabetic,BAT-022-693,PHARM-016,444,52.0,2026-09-10,2025-10-25,NEAR_EXPIRY,NONE
INV-005753,MED-041,Alprazolam 0.5mg,Psychiatric,BAT-041-827,PHARM-016,227,35.0,2027-06-07,2025-09-28,AVAILABLE,NONE
INV-005754,MED-039,Hydrochlorothiazide 12.5mg,Cardiovascular,BAT-039-820,PHARM-016,149,24.0,2027-04-18,2025-09-25,AVAILABLE,NONE
INV-005755,MED-055,Betamethasone 0.5mg,Steroid,BAT-055-421,PHARM-016,192,15.0,2026-09-21,2025-11-27,AVAILABLE,NONE
INV-005756,MED-032,Linezolid 600mg,Antibiotic,BAT-032-437,PHARM-016,38,340.0,2027-07-23,2025-12-14,AVAILABLE,NONE
INV-005757,MED-025,Rosuvastatin 10mg,Cardiovascular,BAT-025-588,PHARM-016,325,110.0,2026-08-28,2025-10-19,NEAR_EXPIRY,NONE
INV-005758,MED-014,Salbutamol Inhaler 100mcg,Respiratory,BAT-014-158,PHARM-016,226,160.0,2026-12-03,2025-12-01,AVAILABLE,NONE
INV-005759,MED-044,Thyroxine Sodium 50mcg,Endocrine,BAT-044-960,PHARM-016,44,125.0,2026-09-26,2025-11-19,AVAILABLE,NONE
INV-005760,MED-057,Carvedilol 6.25mg,Cardiovascular,BAT-057-802,PHARM-016,188,54.0,2027-03-24,2025-08-23,AVAILABLE,NONE
INV-005761,MED-002,Amoxicillin + Clavulanate 625mg,Antibiotic,BAT-002-757,PHARM-016,156,185.0,2026-07-12,2025-08-29,EXPIRED,NONE
INV-005762,MED-014,Salbutamol Inhaler 100mcg,Respiratory,BAT-014-497,PHARM-016,178,160.0,2026-08-16,2025-09-20,NEAR_EXPIRY,NONE
INV-005763,MED-001,Paracetamol 650mg,Analgesic,BAT-001-341,PHARM-016,174,32.5,2026-10-02,2026-04-10,AVAILABLE,NONE
INV-005764,MED-022,Glimepiride 2mg,Antidiabetic,BAT-022-233,PHARM-016,33,52.0,2026-08-23,2025-10-05,NEAR_EXPIRY,NONE
INV-005765,MED-049,Aceclofenac + Paracetamol,Analgesic,BAT-049-241,PHARM-016,280,60.0,2026-08-27,2025-12-26,NEAR_EXPIRY,NONE
INV-005766,MED-043,Sertraline 50mg,Psychiatric,BAT-043-827,PHARM-016,179,105.0,2027-03-08,2026-01-27,AVAILABLE,NONE
INV-005767,MED-029,Rabeprazole 20mg,Gastrointestinal,BAT-029-259,PHARM-016,68,75.0,2026-09-15,2026-03-03,AVAILABLE,NONE
INV-005768,MED-009,Pantoprazole 40mg,Gastrointestinal,BAT-009-231,PHARM-016,308,85.0,2026-09-06,2026-03-12,NEAR_EXPIRY,NONE
INV-005769,MED-022,Glimepiride 2mg,Antidiabetic,BAT-022-134,PHARM-016,288,52.0,2026-09-02,2025-09-19,NEAR_EXPIRY,NONE
INV-005770,MED-029,Rabeprazole 20mg,Gastrointestinal,BAT-029-142,PHARM-016,49,75.0,2026-07-18,2026-04-30,EXPIRED,NONE
INV-005771,MED-031,Levofloxacin 500mg,Antibiotic,BAT-031-357,PHARM-016,142,95.0,2026-08-17,2026-06-08,NEAR_EXPIRY,NONE
INV-005772,MED-052,Fluconazole 150mg,Antifungal,BAT-052-581,PHARM-016,437,45.0,2026-08-16,2025-12-27,NEAR_EXPIRY,NONE
INV-005773,MED-039,Hydrochlorothiazide 12.5mg,Cardiovascular,BAT-039-195,PHARM-016,53,24.0,2026-08-20,2025-08-24,NEAR_EXPIRY,NONE
INV-005774,MED-021,Losartan 50mg,Cardiovascular,BAT-021-130,PHARM-016,59,62.0,2026-12-05,2025-12-03,AVAILABLE,NONE
INV-005775,MED-011,Cefixime 200mg,Antibiotic,BAT-011-990,PHARM-016,186,140.0,2027-07-18,2026-04-30,AVAILABLE,NONE
INV-005776,MED-016,Ibuprofen 400mg,Analgesic,BAT-016-771,PHARM-016,95,28.0,2026-07-20,2025-08-26,EXPIRED,NONE
INV-005777,MED-019,Meropenem 1g Injection,Antibiotic,BAT-019-529,PHARM-016,191,850.0,2027-02-18,2025-10-03,AVAILABLE,NONE
INV-005778,MED-001,Paracetamol 650mg,Analgesic,BAT-001-362,PHARM-016,28,32.5,2026-09-01,2026-01-07,NEAR_EXPIRY,NONE
INV-005779,MED-027,Aspirin 75mg Gastro-resistant,Cardiovascular,BAT-027-317,PHARM-016,147,22.0,2026-09-29,2026-01-26,AVAILABLE,NONE
INV-005780,MED-032,Linezolid 600mg,Antibiotic,BAT-032-886,PHARM-016,99,340.0,2026-10-05,2025-10-13,AVAILABLE,NONE
INV-005781,MED-060,Albumin Human 20% 100ml,Critical Care,BAT-060-912,PHARM-016,25,3200.0,2026-08-26,2026-03-27,NEAR_EXPIRY,NONE
INV-005782,MED-037,Cetirizine 10mg,Antihistamine,BAT-037-840,PHARM-016,230,20.0,2026-07-01,2025-09-11,EXPIRED,NONE
INV-005783,MED-027,Aspirin 75mg Gastro-resistant,Cardiovascular,BAT-027-136,PHARM-016,209,22.0,2026-10-06,2026-07-01,AVAILABLE,NONE
INV-005784,MED-053,Itraconazole 100mg,Antifungal,BAT-053-350,PHARM-016,189,165.0,2026-10-07,2025-12-23,AVAILABLE,NONE
INV-005785,MED-053,Itraconazole 100mg,Antifungal,BAT-053-955,PHARM-016,247,165.0,2027-05-19,2026-05-04,AVAILABLE,NONE
INV-005786,MED-060,Albumin Human 20% 100ml,Critical Care,BAT-060-676,PHARM-016,215,3200.0,2026-08-20,2026-07-07,NEAR_EXPIRY,NONE
INV-005787,MED-029,Rabeprazole 20mg,Gastrointestinal,BAT-029-483,PHARM-016,46,75.0,2027-05-07,2026-01-24,AVAILABLE,NONE
INV-005788,MED-030,Doxycycline 100mg,Antibiotic,BAT-030-891,PHARM-016,138,68.0,2026-07-03,2025-09-08,EXPIRED,NONE
INV-005789,MED-002,Amoxicillin + Clavulanate 625mg,Antibiotic,BAT-002-838,PHARM-016,64,185.0,2026-12-08,2026-06-11,AVAILABLE,NONE
INV-005790,MED-003,Azithromycin 500mg,Antibiotic,BAT-003-157,PHARM-016,84,120.0,2026-09-20,2026-03-31,AVAILABLE,NONE
INV-005791,MED-020,Piperacillin + Tazobactam 4.5g,Antibiotic,BAT-020-726,PHARM-016,141,490.0,2026-10-03,2026-06-29,AVAILABLE,NONE
INV-005792,MED-058,Sitagliptin 100mg,Antidiabetic,BAT-058-267,PHARM-016,27,240.0,2026-08-24,2026-05-18,NEAR_EXPIRY,NONE
INV-005793,MED-049,Aceclofenac + Paracetamol,Analgesic,BAT-049-802,PHARM-016,238,60.0,2026-10-04,2026-03-19,AVAILABLE,NONE
INV-005794,MED-054,Ranitidine 150mg,Gastrointestinal,BAT-054-174,PHARM-016,35,25.0,2026-08-18,2025-09-13,NEAR_EXPIRY,NONE
INV-005795,MED-055,Betamethasone 0.5mg,Steroid,BAT-055-445,PHARM-016,60,15.0,2026-08-08,2026-03-23,EXPIRED,NONE
INV-005796,MED-012,Ciprofloxacin 500mg,Antibiotic,BAT-012-527,PHARM-016,52,65.0,2027-07-27,2026-06-24,AVAILABLE,NONE
INV-005797,MED-057,Carvedilol 6.25mg,Cardiovascular,BAT-057-248,PHARM-016,121,54.0,2026-09-05,2025-10-27,NEAR_EXPIRY,NONE
INV-005798,MED-050,Loperamide 2mg,Gastrointestinal,BAT-050-155,PHARM-016,388,18.0,2026-09-08,2026-02-04,NEAR_EXPIRY,NONE
INV-005799,MED-035,Dexamethasone 4mg Injection,Steroid,BAT-035-555,PHARM-016,35,25.0,2026-12-27,2026-04-21,AVAILABLE,NONE
INV-005800,MED-026,Clopidogrel 75mg,Cardiovascular,BAT-026-298,PHARM-016,26,88.0,2026-08-20,2026-04-29,NEAR_EXPIRY,NONE
INV-005801,MED-011,Cefixime 200mg,Antibiotic,BAT-011-531,PHARM-016,94,140.0,2026-10-12,2025-09-23,AVAILABLE,NONE
INV-005802,MED-017,Tramadol 50mg,Analgesic,BAT-017-525,PHARM-016,85,90.0,2026-09-09,2025-12-13,NEAR_EXPIRY,NONE
INV-005803,MED-032,Linezolid 600mg,Antibiotic,BAT-032-518,PHARM-016,229,340.0,2027-05-15,2026-07-09,AVAILABLE,NONE
INV-005804,MED-045,Calcium 500mg + Vitamin D3,Nutritional,BAT-045-941,PHARM-016,232,65.0,2026-10-12,2026-07-06,AVAILABLE,NONE
INV-005805,MED-017,Tramadol 50mg,Analgesic,BAT-017-550,PHARM-016,229,90.0,2027-02-22,2026-04-27,AVAILABLE,NONE
INV-005806,MED-022,Glimepiride 2mg,Antidiabetic,BAT-022-281,PHARM-016,160,52.0,2026-09-28,2026-01-11,AVAILABLE,NONE
INV-005807,MED-030,Doxycycline 100mg,Antibiotic,BAT-030-811,PHARM-016,157,68.0,2026-10-01,2026-03-09,AVAILABLE,NONE
INV-005808,MED-017,Tramadol 50mg,Analgesic,BAT-017-114,PHARM-016,198,90.0,2026-06-30,2025-12-01,EXPIRED,NONE
INV-005809,MED-039,Hydrochlorothiazide 12.5mg,Cardiovascular,BAT-039-379,PHARM-016,24,24.0,2026-09-05,2025-12-14,NEAR_EXPIRY,NONE
INV-005810,MED-010,Omeprazole 20mg,Gastrointestinal,BAT-010-729,PHARM-016,59,55.0,2026-09-28,2025-10-25,AVAILABLE,NONE
INV-005811,MED-035,Dexamethasone 4mg Injection,Steroid,BAT-035-413,PHARM-016,35,25.0,2026-08-23,2026-04-27,NEAR_EXPIRY,NONE
INV-005812,MED-058,Sitagliptin 100mg,Antidiabetic,BAT-058-510,PHARM-016,85,240.0,2027-04-25,2026-06-09,AVAILABLE,NONE
INV-005813,MED-008,Amlodipine 5mg,Cardiovascular,BAT-008-548,PHARM-016,241,38.0,2026-08-01,2026-07-02,EXPIRED,NONE
INV-005814,MED-032,Linezolid 600mg,Antibiotic,BAT-032-176,PHARM-016,28,340.0,2026-09-27,2025-08-19,AVAILABLE,NONE
INV-005815,MED-022,Glimepiride 2mg,Antidiabetic,BAT-022-496,PHARM-016,223,52.0,2026-09-14,2025-12-24,AVAILABLE,NONE
INV-005816,MED-013,Montelukast + Levocetirizine,Respiratory,BAT-013-176,PHARM-016,140,115.0,2026-09-23,2025-08-21,AVAILABLE,NONE
INV-005817,MED-056,Bisoprolol 2.5mg,Cardiovascular,BAT-056-691,PHARM-016,139,72.0,2026-09-18,2026-01-08,AVAILABLE,NONE
INV-005818,MED-038,Fexofenadine 120mg,Antihistamine,BAT-038-636,PHARM-016,214,82.0,2027-01-11,2026-04-09,AVAILABLE,NONE
INV-005819,MED-049,Aceclofenac + Paracetamol,Analgesic,BAT-049-368,PHARM-016,80,60.0,2026-09-25,2026-05-08,AVAILABLE,NONE
INV-005820,MED-024,Dapagliflozin 10mg,Antidiabetic,BAT-024-788,PHARM-016,221,220.0,2026-08-18,2026-02-27,NEAR_EXPIRY,NONE
INV-005821,MED-039,Hydrochlorothiazide 12.5mg,Cardiovascular,BAT-039-187,PHARM-016,162,24.0,2026-09-22,2025-09-03,AVAILABLE,NONE
INV-005822,MED-002,Amoxicillin + Clavulanate 625mg,Antibiotic,BAT-002-634,PHARM-016,50,185.0,2026-06-30,2025-12-02,EXPIRED,NONE
INV-005823,MED-031,Levofloxacin 500mg,Antibiotic,BAT-031-101,PHARM-016,144,95.0,2027-05-06,2025-10-25,AVAILABLE,NONE
INV-005824,MED-056,Bisoprolol 2.5mg,Cardiovascular,BAT-056-205,PHARM-016,24,72.0,2026-08-18,2026-01-09,NEAR_EXPIRY,NONE
INV-005825,MED-031,Levofloxacin 500mg,Antibiotic,BAT-031-946,PHARM-016,77,95.0,2026-07-30,2026-02-19,EXPIRED,NONE
INV-005826,MED-028,Ondansetron 4mg,Gastrointestinal,BAT-028-661,PHARM-016,315,42.0,2026-09-05,2025-09-22,NEAR_EXPIRY,NONE
INV-005827,MED-010,Omeprazole 20mg,Gastrointestinal,BAT-010-763,PHARM-016,33,55.0,2026-10-05,2026-02-15,AVAILABLE,NONE
INV-005828,MED-021,Losartan 50mg,Cardiovascular,BAT-021-168,PHARM-016,20,62.0,2026-07-08,2026-05-30,EXPIRED,NONE
INV-005829,MED-004,Metformin 500mg SR,Antidiabetic,BAT-004-792,PHARM-016,147,45.0,2026-08-07,2025-11-17,EXPIRED,NONE
INV-005830,MED-036,Prednisolone 10mg,Steroid,BAT-036-854,PHARM-016,23,30.0,2026-08-02,2026-01-11,EXPIRED,NONE
INV-005831,MED-024,Dapagliflozin 10mg,Antidiabetic,BAT-024-149,PHARM-016,241,220.0,2026-08-31,2026-04-30,NEAR_EXPIRY,NONE
INV-005832,MED-049,Aceclofenac + Paracetamol,Analgesic,BAT-049-741,PHARM-016,64,60.0,2027-08-26,2026-03-20,AVAILABLE,NONE
INV-005833,MED-003,Azithromycin 500mg,Antibiotic,BAT-003-183,PHARM-016,178,120.0,2027-01-10,2026-07-09,AVAILABLE,NONE
INV-005834,MED-058,Sitagliptin 100mg,Antidiabetic,BAT-058-581,PHARM-016,141,240.0,2027-08-18,2026-01-10,AVAILABLE,NONE
INV-005835,MED-018,Enoxaparin 40mg Injection,Cardiovascular,BAT-018-763,PHARM-016,189,450.0,2027-09-13,2025-11-22,AVAILABLE,NONE
INV-005836,MED-056,Bisoprolol 2.5mg,Cardiovascular,BAT-056-441,PHARM-016,352,72.0,2026-09-10,2025-08-22,NEAR_EXPIRY,NONE
INV-005837,MED-029,Rabeprazole 20mg,Gastrointestinal,BAT-029-866,PHARM-016,298,75.0,2026-08-27,2026-02-07,NEAR_EXPIRY,NONE
INV-005838,MED-044,Thyroxine Sodium 50mcg,Endocrine,BAT-044-796,PHARM-016,191,125.0,2027-02-23,2025-09-03,AVAILABLE,NONE
INV-005839,MED-042,Escitalopram 10mg,Psychiatric,BAT-042-269,PHARM-016,289,85.0,2026-09-03,2026-06-17,NEAR_EXPIRY,NONE
INV-005840,MED-014,Salbutamol Inhaler 100mcg,Respiratory,BAT-014-551,PHARM-016,237,160.0,2026-07-01,2026-02-16,EXPIRED,NONE
INV-005841,MED-024,Dapagliflozin 10mg,Antidiabetic,BAT-024-195,PHARM-016,108,220.0,2026-09-10,2026-04-10,NEAR_EXPIRY,NONE
INV-005842,MED-051,Metronidazole 400mg,Antibiotic,BAT-051-533,PHARM-016,134,32.0,2027-08-21,2025-12-25,AVAILABLE,NONE
INV-005843,MED-025,Rosuvastatin 10mg,Cardiovascular,BAT-025-646,PHARM-016,216,110.0,2027-04-24,2026-05-18,AVAILABLE,NONE
INV-005844,MED-059,Empagliflozin 25mg,Antidiabetic,BAT-059-104,PHARM-016,72,290.0,2026-09-06,2025-10-17,NEAR_EXPIRY,NONE
INV-005845,MED-020,Piperacillin + Tazobactam 4.5g,Antibiotic,BAT-020-713,PHARM-016,96,490.0,2027-07-07,2026-06-22,AVAILABLE,NONE
INV-005846,MED-040,Spironolactone 25mg,Cardiovascular,BAT-040-840,PHARM-016,90,48.0,2026-09-16,2025-12-27,AVAILABLE,NONE
INV-005847,MED-038,Fexofenadine 120mg,Antihistamine,BAT-038-726,PHARM-017,229,82.0,2026-09-20,2026-06-28,AVAILABLE,NONE
INV-005848,MED-052,Fluconazole 150mg,Antifungal,BAT-052-445,PHARM-017,208,45.0,2026-09-23,2025-10-31,AVAILABLE,NONE
INV-005849,MED-003,Azithromycin 500mg,Antibiotic,BAT-003-790,PHARM-017,104,120.0,2026-09-22,2026-01-14,AVAILABLE,NONE
INV-005850,MED-002,Amoxicillin + Clavulanate 625mg,Antibiotic,BAT-002-678,PHARM-017,73,185.0,2026-09-27,2025-09-02,AVAILABLE,NONE
INV-005851,MED-012,Ciprofloxacin 500mg,Antibiotic,BAT-012-364,PHARM-017,57,65.0,2027-03-25,2026-01-05,AVAILABLE,NONE
INV-005852,MED-029,Rabeprazole 20mg,Gastrointestinal,BAT-029-854,PHARM-017,433,75.0,2026-08-15,2025-09-16,NEAR_EXPIRY,NONE
INV-005853,MED-034,Methylprednisolone 16mg,Steroid,BAT-034-480,PHARM-017,125,110.0,2027-02-19,2026-06-09,AVAILABLE,NONE
INV-005854,MED-044,Thyroxine Sodium 50mcg,Endocrine,BAT-044-534,PHARM-017,206,125.0,2026-10-05,2025-10-27,AVAILABLE,NONE
INV-005855,MED-021,Losartan 50mg,Cardiovascular,BAT-021-710,PHARM-017,82,62.0,2026-11-22,2026-03-24,AVAILABLE,NONE
INV-005856,MED-023,Vildagliptin 50mg,Antidiabetic,BAT-023-946,PHARM-017,190,175.0,2026-09-30,2025-09-23,AVAILABLE,NONE
INV-005857,MED-014,Salbutamol Inhaler 100mcg,Respiratory,BAT-014-153,PHARM-017,186,160.0,2027-01-23,2025-11-25,AVAILABLE,NONE
INV-005858,MED-018,Enoxaparin 40mg Injection,Cardiovascular,BAT-018-809,PHARM-017,246,450.0,2026-08-11,2025-10-16,EXPIRED,NONE
INV-005859,MED-010,Omeprazole 20mg,Gastrointestinal,BAT-010-251,PHARM-017,29,55.0,2026-09-02,2025-12-13,NEAR_EXPIRY,NONE
INV-005860,MED-001,Paracetamol 650mg,Analgesic,BAT-001-442,PHARM-017,435,32.5,2026-08-27,2026-01-27,NEAR_EXPIRY,NONE
INV-005861,MED-056,Bisoprolol 2.5mg,Cardiovascular,BAT-056-204,PHARM-017,320,72.0,2026-08-15,2025-09-06,NEAR_EXPIRY,NONE
INV-005862,MED-017,Tramadol 50mg,Analgesic,BAT-017-723,PHARM-017,22,90.0,2026-08-31,2025-10-12,NEAR_EXPIRY,NONE
INV-005863,MED-038,Fexofenadine 120mg,Antihistamine,BAT-038-353,PHARM-017,204,82.0,2027-06-17,2025-11-24,AVAILABLE,NONE
INV-005864,MED-036,Prednisolone 10mg,Steroid,BAT-036-358,PHARM-017,40,30.0,2027-01-14,2025-11-15,AVAILABLE,NONE
INV-005865,MED-017,Tramadol 50mg,Analgesic,BAT-017-540,PHARM-017,106,90.0,2026-09-29,2026-06-05,AVAILABLE,NONE
INV-005866,MED-035,Dexamethasone 4mg Injection,Steroid,BAT-035-148,PHARM-017,96,25.0,2026-08-26,2026-02-27,NEAR_EXPIRY,NONE
INV-005867,MED-056,Bisoprolol 2.5mg,Cardiovascular,BAT-056-959,PHARM-017,152,72.0,2026-09-30,2025-12-08,AVAILABLE,NONE
INV-005868,MED-042,Escitalopram 10mg,Psychiatric,BAT-042-733,PHARM-017,154,85.0,2026-10-01,2025-11-25,AVAILABLE,NONE
INV-005869,MED-030,Doxycycline 100mg,Antibiotic,BAT-030-581,PHARM-017,116,68.0,2026-09-01,2026-01-27,NEAR_EXPIRY,NONE
INV-005870,MED-049,Aceclofenac + Paracetamol,Analgesic,BAT-049-401,PHARM-017,384,60.0,2026-08-22,2026-06-10,NEAR_EXPIRY,NONE
INV-005871,MED-045,Calcium 500mg + Vitamin D3,Nutritional,BAT-045-318,PHARM-017,196,65.0,2026-10-15,2025-12-15,AVAILABLE,NONE
INV-005872,MED-022,Glimepiride 2mg,Antidiabetic,BAT-022-716,PHARM-017,378,52.0,2026-08-18,2025-12-05,NEAR_EXPIRY,NONE
INV-005873,MED-014,Salbutamol Inhaler 100mcg,Respiratory,BAT-014-357,PHARM-017,174,160.0,2027-07-05,2026-01-04,AVAILABLE,NONE
INV-005874,MED-002,Amoxicillin + Clavulanate 625mg,Antibiotic,BAT-002-213,PHARM-017,93,185.0,2027-07-11,2026-04-28,AVAILABLE,NONE
INV-005875,MED-051,Metronidazole 400mg,Antibiotic,BAT-051-401,PHARM-017,204,32.0,2026-09-27,2025-11-12,AVAILABLE,NONE
INV-005876,MED-051,Metronidazole 400mg,Antibiotic,BAT-051-785,PHARM-017,247,32.0,2026-10-13,2026-01-18,AVAILABLE,NONE
INV-005877,MED-005,Human Regular Insulin 100IU,Antidiabetic,BAT-005-468,PHARM-017,54,350.0,2026-09-26,2025-12-18,AVAILABLE,NONE
INV-005878,MED-046,Vitamin B-Complex + B12,Nutritional,BAT-046-235,PHARM-017,227,40.0,2026-11-14,2026-03-15,AVAILABLE,NONE
INV-005879,MED-030,Doxycycline 100mg,Antibiotic,BAT-030-128,PHARM-017,57,68.0,2026-08-30,2025-12-13,NEAR_EXPIRY,NONE
INV-005880,MED-015,Budesonide Inhaler 200mcg,Respiratory,BAT-015-204,PHARM-017,135,280.0,2026-08-05,2026-01-03,EXPIRED,NONE
INV-005881,MED-041,Alprazolam 0.5mg,Psychiatric,BAT-041-406,PHARM-017,445,35.0,2026-08-28,2026-03-14,NEAR_EXPIRY,NONE
INV-005882,MED-012,Ciprofloxacin 500mg,Antibiotic,BAT-012-927,PHARM-017,182,65.0,2026-07-18,2025-11-06,EXPIRED,NONE
INV-005883,MED-042,Escitalopram 10mg,Psychiatric,BAT-042-265,PHARM-017,23,85.0,2026-09-02,2026-02-20,NEAR_EXPIRY,NONE
INV-005884,MED-052,Fluconazole 150mg,Antifungal,BAT-052-925,PHARM-017,325,45.0,2026-08-15,2026-05-23,NEAR_EXPIRY,NONE
INV-005885,MED-055,Betamethasone 0.5mg,Steroid,BAT-055-290,PHARM-017,214,15.0,2027-07-17,2025-10-03,AVAILABLE,NONE
INV-005886,MED-052,Fluconazole 150mg,Antifungal,BAT-052-148,PHARM-017,198,45.0,2026-09-24,2025-12-25,AVAILABLE,NONE
INV-005887,MED-057,Carvedilol 6.25mg,Cardiovascular,BAT-057-405,PHARM-017,104,54.0,2026-09-30,2026-01-19,AVAILABLE,NONE
INV-005888,MED-033,Vancomycin 500mg Injection,Antibiotic,BAT-033-510,PHARM-017,220,420.0,2026-09-04,2026-01-04,NEAR_EXPIRY,NONE
INV-005889,MED-060,Albumin Human 20% 100ml,Critical Care,BAT-060-129,PHARM-017,194,3200.0,2026-10-01,2026-04-22,AVAILABLE,NONE
INV-005890,MED-034,Methylprednisolone 16mg,Steroid,BAT-034-280,PHARM-017,310,110.0,2026-08-16,2026-01-23,NEAR_EXPIRY,NONE
INV-005891,MED-003,Azithromycin 500mg,Antibiotic,BAT-003-423,PHARM-017,244,120.0,2026-09-09,2025-09-04,NEAR_EXPIRY,NONE
INV-005892,MED-033,Vancomycin 500mg Injection,Antibiotic,BAT-033-260,PHARM-017,246,420.0,2027-05-31,2025-10-16,AVAILABLE,NONE
INV-005893,MED-003,Azithromycin 500mg,Antibiotic,BAT-003-436,PHARM-017,191,120.0,2026-08-08,2026-04-28,EXPIRED,NONE
INV-005894,MED-015,Budesonide Inhaler 200mcg,Respiratory,BAT-015-959,PHARM-017,162,280.0,2027-07-17,2026-04-21,AVAILABLE,NONE
INV-005895,MED-056,Bisoprolol 2.5mg,Cardiovascular,BAT-056-571,PHARM-017,73,72.0,2027-01-07,2026-05-30,AVAILABLE,NONE
INV-005896,MED-048,Diclofenac Sodium 50mg,Analgesic,BAT-048-263,PHARM-017,147,30.0,2026-09-04,2026-07-07,NEAR_EXPIRY,NONE
INV-005897,MED-019,Meropenem 1g Injection,Antibiotic,BAT-019-229,PHARM-017,159,850.0,2027-06-17,2025-12-01,AVAILABLE,NONE
INV-005898,MED-025,Rosuvastatin 10mg,Cardiovascular,BAT-025-239,PHARM-017,219,110.0,2027-09-18,2025-12-09,AVAILABLE,NONE
INV-005899,MED-022,Glimepiride 2mg,Antidiabetic,BAT-022-290,PHARM-017,207,52.0,2026-08-18,2025-11-16,NEAR_EXPIRY,NONE
INV-005900,MED-016,Ibuprofen 400mg,Analgesic,BAT-016-253,PHARM-017,143,28.0,2026-10-13,2026-07-12,AVAILABLE,NONE
INV-005901,MED-029,Rabeprazole 20mg,Gastrointestinal,BAT-029-674,PHARM-017,40,75.0,2027-05-26,2026-03-22,AVAILABLE,NONE
INV-005902,MED-048,Diclofenac Sodium 50mg,Analgesic,BAT-048-107,PHARM-017,268,30.0,2026-08-19,2025-12-19,NEAR_EXPIRY,NONE
INV-005903,MED-041,Alprazolam 0.5mg,Psychiatric,BAT-041-455,PHARM-017,82,35.0,2027-06-16,2025-08-24,AVAILABLE,NONE
INV-005904,MED-022,Glimepiride 2mg,Antidiabetic,BAT-022-535,PHARM-017,327,52.0,2026-08-20,2026-04-18,NEAR_EXPIRY,NONE
INV-005905,MED-046,Vitamin B-Complex + B12,Nutritional,BAT-046-885,PHARM-017,74,40.0,2026-07-23,2026-06-27,EXPIRED,NONE
INV-005906,MED-022,Glimepiride 2mg,Antidiabetic,BAT-022-643,PHARM-017,75,52.0,2027-06-11,2026-01-14,AVAILABLE,NONE
INV-005907,MED-004,Metformin 500mg SR,Antidiabetic,BAT-004-228,PHARM-017,243,45.0,2026-09-11,2025-11-21,NEAR_EXPIRY,NONE
INV-005908,MED-023,Vildagliptin 50mg,Antidiabetic,BAT-023-935,PHARM-017,99,175.0,2026-10-25,2025-11-28,AVAILABLE,NONE
INV-005909,MED-046,Vitamin B-Complex + B12,Nutritional,BAT-046-267,PHARM-017,104,40.0,2026-08-04,2026-03-07,EXPIRED,NONE
INV-005910,MED-022,Glimepiride 2mg,Antidiabetic,BAT-022-445,PHARM-017,174,52.0,2027-07-07,2026-02-17,AVAILABLE,NONE
INV-005911,MED-047,Iron + Folic Acid Tablets,Nutritional,BAT-047-908,PHARM-017,248,50.0,2027-06-01,2026-03-23,AVAILABLE,NONE
INV-005912,MED-059,Empagliflozin 25mg,Antidiabetic,BAT-059-569,PHARM-017,448,290.0,2026-08-25,2026-06-26,NEAR_EXPIRY,NONE
INV-005913,MED-035,Dexamethasone 4mg Injection,Steroid,BAT-035-974,PHARM-017,302,25.0,2026-09-09,2026-06-10,NEAR_EXPIRY,NONE
INV-005914,MED-030,Doxycycline 100mg,Antibiotic,BAT-030-338,PHARM-017,52,68.0,2026-09-01,2025-10-18,NEAR_EXPIRY,NONE
INV-005915,MED-033,Vancomycin 500mg Injection,Antibiotic,BAT-033-787,PHARM-017,147,420.0,2027-05-22,2026-03-02,AVAILABLE,NONE
INV-005916,MED-048,Diclofenac Sodium 50mg,Analgesic,BAT-048-333,PHARM-017,446,30.0,2026-08-16,2026-03-31,NEAR_EXPIRY,NONE
INV-005917,MED-011,Cefixime 200mg,Antibiotic,BAT-011-390,PHARM-017,156,140.0,2026-09-25,2025-10-10,AVAILABLE,NONE
INV-005918,MED-030,Doxycycline 100mg,Antibiotic,BAT-030-806,PHARM-017,237,68.0,2026-07-02,2025-12-03,EXPIRED,NONE
INV-005919,MED-028,Ondansetron 4mg,Gastrointestinal,BAT-028-265,PHARM-017,100,42.0,2027-02-25,2026-03-15,AVAILABLE,NONE
INV-005920,MED-038,Fexofenadine 120mg,Antihistamine,BAT-038-960,PHARM-017,60,82.0,2027-03-05,2025-09-15,AVAILABLE,NONE
INV-005921,MED-027,Aspirin 75mg Gastro-resistant,Cardiovascular,BAT-027-381,PHARM-017,182,22.0,2026-09-14,2026-06-29,AVAILABLE,NONE
INV-005922,MED-036,Prednisolone 10mg,Steroid,BAT-036-708,PHARM-017,14,30.0,2026-08-24,2026-01-31,NEAR_EXPIRY,NONE
INV-005923,MED-037,Cetirizine 10mg,Antihistamine,BAT-037-623,PHARM-017,204,20.0,2027-02-14,2026-07-01,AVAILABLE,NONE
INV-005924,MED-033,Vancomycin 500mg Injection,Antibiotic,BAT-033-610,PHARM-017,56,420.0,2027-04-24,2026-05-30,AVAILABLE,NONE
INV-005925,MED-035,Dexamethasone 4mg Injection,Steroid,BAT-035-329,PHARM-017,282,25.0,2026-09-08,2026-03-11,NEAR_EXPIRY,NONE
INV-005926,MED-050,Loperamide 2mg,Gastrointestinal,BAT-050-177,PHARM-017,49,18.0,2026-09-14,2026-06-26,AVAILABLE,NONE
INV-005927,MED-024,Dapagliflozin 10mg,Antidiabetic,BAT-024-938,PHARM-017,100,220.0,2026-08-30,2026-03-26,NEAR_EXPIRY,NONE
INV-005928,MED-030,Doxycycline 100mg,Antibiotic,BAT-030-121,PHARM-017,145,68.0,2026-09-28,2026-05-10,AVAILABLE,NONE
INV-005929,MED-011,Cefixime 200mg,Antibiotic,BAT-011-623,PHARM-017,117,140.0,2026-07-24,2025-11-22,EXPIRED,NONE
INV-005930,MED-024,Dapagliflozin 10mg,Antidiabetic,BAT-024-722,PHARM-017,138,220.0,2027-04-20,2025-12-07,AVAILABLE,NONE
INV-005931,MED-045,Calcium 500mg + Vitamin D3,Nutritional,BAT-045-695,PHARM-017,356,65.0,2026-09-06,2026-02-14,NEAR_EXPIRY,NONE
INV-005932,MED-024,Dapagliflozin 10mg,Antidiabetic,BAT-024-476,PHARM-017,249,220.0,2027-03-28,2026-07-02,AVAILABLE,NONE
INV-005933,MED-042,Escitalopram 10mg,Psychiatric,BAT-042-345,PHARM-017,32,85.0,2026-09-09,2025-08-27,NEAR_EXPIRY,NONE
INV-005934,MED-020,Piperacillin + Tazobactam 4.5g,Antibiotic,BAT-020-626,PHARM-017,249,490.0,2027-03-09,2026-01-10,AVAILABLE,NONE
INV-005935,MED-005,Human Regular Insulin 100IU,Antidiabetic,BAT-005-672,PHARM-017,196,350.0,2026-09-19,2026-03-23,AVAILABLE,NONE
INV-005936,MED-021,Losartan 50mg,Cardiovascular,BAT-021-234,PHARM-017,428,62.0,2026-08-15,2026-01-09,NEAR_EXPIRY,NONE
INV-005937,MED-050,Loperamide 2mg,Gastrointestinal,BAT-050-642,PHARM-017,218,18.0,2027-01-05,2025-08-19,AVAILABLE,NONE
INV-005938,MED-049,Aceclofenac + Paracetamol,Analgesic,BAT-049-176,PHARM-017,243,60.0,2026-12-02,2025-12-26,AVAILABLE,NONE
INV-005939,MED-005,Human Regular Insulin 100IU,Antidiabetic,BAT-005-724,PHARM-017,96,350.0,2026-11-30,2025-08-27,AVAILABLE,NONE
INV-005940,MED-054,Ranitidine 150mg,Gastrointestinal,BAT-054-483,PHARM-017,20,25.0,2026-08-31,2025-11-06,NEAR_EXPIRY,NONE
INV-005941,MED-003,Azithromycin 500mg,Antibiotic,BAT-003-908,PHARM-017,215,120.0,2026-09-26,2026-05-07,AVAILABLE,NONE
INV-005942,MED-040,Spironolactone 25mg,Cardiovascular,BAT-040-368,PHARM-017,33,48.0,2026-09-07,2025-11-20,NEAR_EXPIRY,NONE
INV-005943,MED-013,Montelukast + Levocetirizine,Respiratory,BAT-013-942,PHARM-017,64,115.0,2027-02-14,2026-01-11,AVAILABLE,NONE
INV-005944,MED-047,Iron + Folic Acid Tablets,Nutritional,BAT-047-193,PHARM-017,244,50.0,2027-03-08,2026-04-20,AVAILABLE,NONE
INV-005945,MED-019,Meropenem 1g Injection,Antibiotic,BAT-019-109,PHARM-017,131,850.0,2026-10-08,2026-04-18,AVAILABLE,NONE
INV-005946,MED-015,Budesonide Inhaler 200mcg,Respiratory,BAT-015-396,PHARM-017,167,280.0,2026-10-25,2025-08-20,AVAILABLE,NONE
INV-005947,MED-017,Tramadol 50mg,Analgesic,BAT-017-192,PHARM-017,230,90.0,2026-11-28,2026-04-16,AVAILABLE,NONE
INV-005948,MED-036,Prednisolone 10mg,Steroid,BAT-036-139,PHARM-017,62,30.0,2027-09-16,2026-01-11,AVAILABLE,NONE
INV-005949,MED-023,Vildagliptin 50mg,Antidiabetic,BAT-023-589,PHARM-017,56,175.0,2026-09-09,2025-09-26,NEAR_EXPIRY,NONE
INV-005950,MED-039,Hydrochlorothiazide 12.5mg,Cardiovascular,BAT-039-358,PHARM-017,89,24.0,2026-08-20,2026-05-31,NEAR_EXPIRY,NONE
INV-005951,MED-027,Aspirin 75mg Gastro-resistant,Cardiovascular,BAT-027-108,PHARM-017,42,22.0,2026-10-03,2026-06-01,AVAILABLE,NONE
INV-005952,MED-051,Metronidazole 400mg,Antibiotic,BAT-051-216,PHARM-017,87,32.0,2027-02-10,2026-04-02,AVAILABLE,NONE
INV-005953,MED-052,Fluconazole 150mg,Antifungal,BAT-052-614,PHARM-017,74,45.0,2026-09-20,2026-01-09,AVAILABLE,NONE
INV-005954,MED-039,Hydrochlorothiazide 12.5mg,Cardiovascular,BAT-039-885,PHARM-017,248,24.0,2026-09-19,2025-08-30,AVAILABLE,NONE
INV-005955,MED-030,Doxycycline 100mg,Antibiotic,BAT-030-537,PHARM-017,146,68.0,2026-09-19,2025-10-09,AVAILABLE,NONE
INV-005956,MED-016,Ibuprofen 400mg,Analgesic,BAT-016-397,PHARM-017,14,28.0,2026-08-15,2026-05-11,NEAR_EXPIRY,NONE
INV-005957,MED-040,Spironolactone 25mg,Cardiovascular,BAT-040-188,PHARM-017,30,48.0,2026-09-21,2026-04-02,AVAILABLE,NONE
INV-005958,MED-006,Atorvastatin 20mg,Cardiovascular,BAT-006-396,PHARM-017,28,95.0,2027-07-27,2025-09-15,AVAILABLE,NONE
INV-005959,MED-011,Cefixime 200mg,Antibiotic,BAT-011-732,PHARM-017,162,140.0,2026-11-08,2025-10-19,AVAILABLE,NONE
INV-005960,MED-035,Dexamethasone 4mg Injection,Steroid,BAT-035-760,PHARM-017,117,25.0,2027-08-06,2025-10-18,AVAILABLE,NONE
INV-005961,MED-044,Thyroxine Sodium 50mcg,Endocrine,BAT-044-522,PHARM-017,68,125.0,2027-01-02,2026-02-11,AVAILABLE,NONE
INV-005962,MED-008,Amlodipine 5mg,Cardiovascular,BAT-008-944,PHARM-017,37,38.0,2026-08-19,2025-09-25,NEAR_EXPIRY,NONE
INV-005963,MED-005,Human Regular Insulin 100IU,Antidiabetic,BAT-005-786,PHARM-017,102,350.0,2026-08-18,2026-03-26,NEAR_EXPIRY,NONE
INV-005964,MED-010,Omeprazole 20mg,Gastrointestinal,BAT-010-339,PHARM-017,122,55.0,2027-08-30,2025-12-07,AVAILABLE,NONE
INV-005965,MED-032,Linezolid 600mg,Antibiotic,BAT-032-155,PHARM-017,143,340.0,2026-11-18,2026-02-12,AVAILABLE,NONE
INV-005966,MED-006,Atorvastatin 20mg,Cardiovascular,BAT-006-111,PHARM-017,43,95.0,2027-07-29,2026-03-26,AVAILABLE,NONE
INV-005967,MED-040,Spironolactone 25mg,Cardiovascular,BAT-040-217,PHARM-017,94,48.0,2027-06-16,2025-10-29,AVAILABLE,NONE
INV-005968,MED-003,Azithromycin 500mg,Antibiotic,BAT-003-428,PHARM-017,16,120.0,2026-08-20,2026-06-30,NEAR_EXPIRY,NONE
INV-005969,MED-018,Enoxaparin 40mg Injection,Cardiovascular,BAT-018-918,PHARM-017,27,450.0,2026-09-27,2026-03-03,AVAILABLE,NONE
INV-005970,MED-032,Linezolid 600mg,Antibiotic,BAT-032-178,PHARM-017,217,340.0,2027-06-14,2026-03-06,AVAILABLE,NONE
INV-005971,MED-026,Clopidogrel 75mg,Cardiovascular,BAT-026-453,PHARM-017,136,88.0,2027-06-24,2026-06-16,AVAILABLE,NONE
INV-005972,MED-023,Vildagliptin 50mg,Antidiabetic,BAT-023-869,PHARM-017,24,175.0,2026-09-11,2026-04-28,NEAR_EXPIRY,NONE
INV-005973,MED-053,Itraconazole 100mg,Antifungal,BAT-053-486,PHARM-017,100,165.0,2026-08-15,2026-03-31,NEAR_EXPIRY,NONE
INV-005974,MED-042,Escitalopram 10mg,Psychiatric,BAT-042-615,PHARM-017,280,85.0,2026-08-21,2026-06-06,NEAR_EXPIRY,NONE
INV-005975,MED-049,Aceclofenac + Paracetamol,Analgesic,BAT-049-550,PHARM-017,176,60.0,2027-08-03,2026-06-30,AVAILABLE,NONE
INV-005976,MED-025,Rosuvastatin 10mg,Cardiovascular,BAT-025-980,PHARM-017,242,110.0,2026-07-19,2026-04-01,EXPIRED,NONE
INV-005977,MED-030,Doxycycline 100mg,Antibiotic,BAT-030-123,PHARM-017,433,68.0,2026-09-10,2026-07-09,NEAR_EXPIRY,NONE
INV-005978,MED-056,Bisoprolol 2.5mg,Cardiovascular,BAT-056-957,PHARM-017,17,72.0,2026-09-10,2025-12-24,NEAR_EXPIRY,NONE
INV-005979,MED-014,Salbutamol Inhaler 100mcg,Respiratory,BAT-014-806,PHARM-017,47,160.0,2026-07-13,2025-11-21,EXPIRED,NONE
INV-005980,MED-048,Diclofenac Sodium 50mg,Analgesic,BAT-048-797,PHARM-017,220,30.0,2026-09-14,2026-02-03,AVAILABLE,NONE
INV-005981,MED-002,Amoxicillin + Clavulanate 625mg,Antibiotic,BAT-002-693,PHARM-017,90,185.0,2026-11-16,2025-11-04,AVAILABLE,NONE
INV-005982,MED-042,Escitalopram 10mg,Psychiatric,BAT-042-149,PHARM-017,66,85.0,2026-09-21,2025-10-02,AVAILABLE,NONE
INV-005983,MED-014,Salbutamol Inhaler 100mcg,Respiratory,BAT-014-405,PHARM-017,106,160.0,2027-05-09,2026-03-27,AVAILABLE,NONE
INV-005984,MED-057,Carvedilol 6.25mg,Cardiovascular,BAT-057-647,PHARM-017,359,54.0,2026-09-13,2025-11-06,NEAR_EXPIRY,NONE
INV-005985,MED-011,Cefixime 200mg,Antibiotic,BAT-011-349,PHARM-017,36,140.0,2026-08-22,2025-11-18,NEAR_EXPIRY,NONE
INV-005986,MED-034,Methylprednisolone 16mg,Steroid,BAT-034-971,PHARM-017,195,110.0,2026-12-25,2026-01-30,AVAILABLE,NONE
INV-005987,MED-024,Dapagliflozin 10mg,Antidiabetic,BAT-024-663,PHARM-017,100,220.0,2027-04-14,2026-01-24,AVAILABLE,NONE
INV-005988,MED-056,Bisoprolol 2.5mg,Cardiovascular,BAT-056-215,PHARM-017,248,72.0,2026-09-17,2026-03-29,AVAILABLE,NONE
INV-005989,MED-037,Cetirizine 10mg,Antihistamine,BAT-037-530,PHARM-017,152,20.0,2027-03-22,2026-07-03,AVAILABLE,NONE
INV-005990,MED-056,Bisoprolol 2.5mg,Cardiovascular,BAT-056-269,PHARM-017,163,72.0,2026-10-01,2026-03-17,AVAILABLE,NONE
INV-005991,MED-059,Empagliflozin 25mg,Antidiabetic,BAT-059-311,PHARM-017,121,290.0,2027-01-22,2025-10-08,AVAILABLE,NONE
INV-005992,MED-057,Carvedilol 6.25mg,Cardiovascular,BAT-057-676,PHARM-017,54,54.0,2026-08-16,2025-08-24,NEAR_EXPIRY,NONE
INV-005993,MED-045,Calcium 500mg + Vitamin D3,Nutritional,BAT-045-341,PHARM-017,129,65.0,2026-09-02,2025-12-17,NEAR_EXPIRY,NONE
INV-005994,MED-058,Sitagliptin 100mg,Antidiabetic,BAT-058-918,PHARM-017,142,240.0,2026-10-07,2026-02-25,AVAILABLE,NONE
INV-005995,MED-046,Vitamin B-Complex + B12,Nutritional,BAT-046-372,PHARM-017,34,40.0,2026-09-06,2026-05-26,NEAR_EXPIRY,NONE
INV-005996,MED-026,Clopidogrel 75mg,Cardiovascular,BAT-026-333,PHARM-017,247,88.0,2026-09-25,2026-05-22,AVAILABLE,NONE
INV-005997,MED-011,Cefixime 200mg,Antibiotic,BAT-011-688,PHARM-017,51,140.0,2026-09-15,2025-12-01,AVAILABLE,NONE
INV-005998,MED-017,Tramadol 50mg,Analgesic,BAT-017-466,PHARM-017,78,90.0,2026-09-07,2025-10-26,NEAR_EXPIRY,NONE
INV-005999,MED-017,Tramadol 50mg,Analgesic,BAT-017-918,PHARM-017,78,90.0,2026-08-27,2026-06-05,NEAR_EXPIRY,NONE
INV-006000,MED-046,Vitamin B-Complex + B12,Nutritional,BAT-046-319,PHARM-017,126,40.0,2026-11-20,2026-01-02,AVAILABLE,NONE
INV-006001,MED-035,Dexamethasone 4mg Injection,Steroid,BAT-035-490,PHARM-017,39,25.0,2026-08-18,2026-05-16,NEAR_EXPIRY,NONE
INV-006002,MED-057,Carvedilol 6.25mg,Cardiovascular,BAT-057-484,PHARM-017,391,54.0,2026-08-19,2026-06-07,NEAR_EXPIRY,NONE
INV-006003,MED-002,Amoxicillin + Clavulanate 625mg,Antibiotic,BAT-002-901,PHARM-017,119,185.0,2026-09-13,2026-01-26,NEAR_EXPIRY,NONE
INV-006004,MED-059,Empagliflozin 25mg,Antidiabetic,BAT-059-364,PHARM-017,83,290.0,2027-06-27,2026-04-17,AVAILABLE,NONE
INV-006005,MED-025,Rosuvastatin 10mg,Cardiovascular,BAT-025-618,PHARM-017,147,110.0,2027-02-09,2026-03-07,AVAILABLE,NONE
INV-006006,MED-029,Rabeprazole 20mg,Gastrointestinal,BAT-029-191,PHARM-017,94,75.0,2027-01-23,2026-03-01,AVAILABLE,NONE
INV-006007,MED-057,Carvedilol 6.25mg,Cardiovascular,BAT-057-918,PHARM-017,91,54.0,2026-09-24,2026-02-26,AVAILABLE,NONE
INV-006008,MED-022,Glimepiride 2mg,Antidiabetic,BAT-022-967,PHARM-017,35,52.0,2026-09-04,2025-09-28,NEAR_EXPIRY,NONE
INV-006009,MED-015,Budesonide Inhaler 200mcg,Respiratory,BAT-015-107,PHARM-017,85,280.0,2026-08-18,2026-06-01,NEAR_EXPIRY,NONE
INV-006010,MED-050,Loperamide 2mg,Gastrointestinal,BAT-050-253,PHARM-017,224,18.0,2027-04-24,2026-03-25,AVAILABLE,NONE
INV-006011,MED-038,Fexofenadine 120mg,Antihistamine,BAT-038-582,PHARM-017,186,82.0,2026-12-03,2026-03-01,AVAILABLE,NONE
INV-006012,MED-055,Betamethasone 0.5mg,Steroid,BAT-055-844,PHARM-017,119,15.0,2027-01-28,2025-11-30,AVAILABLE,NONE
INV-006013,MED-052,Fluconazole 150mg,Antifungal,BAT-052-643,PHARM-017,221,45.0,2026-10-05,2026-03-19,AVAILABLE,NONE
INV-006014,MED-056,Bisoprolol 2.5mg,Cardiovascular,BAT-056-156,PHARM-017,205,72.0,2026-09-12,2025-09-21,NEAR_EXPIRY,NONE
INV-006015,MED-013,Montelukast + Levocetirizine,Respiratory,BAT-013-364,PHARM-017,166,115.0,2027-08-19,2026-06-30,AVAILABLE,NONE
INV-006016,MED-006,Atorvastatin 20mg,Cardiovascular,BAT-006-516,PHARM-017,37,95.0,2026-08-06,2026-01-12,EXPIRED,NONE
INV-006017,MED-013,Montelukast + Levocetirizine,Respiratory,BAT-013-521,PHARM-017,81,115.0,2026-10-23,2026-03-05,AVAILABLE,NONE
INV-006018,MED-018,Enoxaparin 40mg Injection,Cardiovascular,BAT-018-935,PHARM-017,89,450.0,2026-10-01,2025-10-18,AVAILABLE,NONE
INV-006019,MED-013,Montelukast + Levocetirizine,Respiratory,BAT-013-992,PHARM-017,23,115.0,2026-10-31,2025-11-15,AVAILABLE,NONE
INV-006020,MED-045,Calcium 500mg + Vitamin D3,Nutritional,BAT-045-530,PHARM-017,104,65.0,2027-08-02,2026-04-18,AVAILABLE,NONE
INV-006021,MED-046,Vitamin B-Complex + B12,Nutritional,BAT-046-776,PHARM-017,13,40.0,2026-09-13,2025-09-23,NEAR_EXPIRY,NONE
INV-006022,MED-039,Hydrochlorothiazide 12.5mg,Cardiovascular,BAT-039-463,PHARM-017,23,24.0,2026-09-03,2026-03-07,NEAR_EXPIRY,NONE
INV-006023,MED-054,Ranitidine 150mg,Gastrointestinal,BAT-054-186,PHARM-017,236,25.0,2027-04-13,2025-11-14,AVAILABLE,NONE
INV-006024,MED-028,Ondansetron 4mg,Gastrointestinal,BAT-028-233,PHARM-017,53,42.0,2026-09-07,2025-11-14,NEAR_EXPIRY,NONE
INV-006025,MED-060,Albumin Human 20% 100ml,Critical Care,BAT-060-860,PHARM-017,72,3200.0,2026-09-28,2026-06-11,AVAILABLE,NONE
INV-006026,MED-018,Enoxaparin 40mg Injection,Cardiovascular,BAT-018-413,PHARM-017,92,450.0,2026-10-09,2025-11-21,AVAILABLE,NONE
INV-006027,MED-045,Calcium 500mg + Vitamin D3,Nutritional,BAT-045-869,PHARM-017,100,65.0,2026-09-21,2026-02-02,AVAILABLE,NONE
INV-006028,MED-044,Thyroxine Sodium 50mcg,Endocrine,BAT-044-220,PHARM-017,78,125.0,2027-07-23,2025-12-18,AVAILABLE,NONE
INV-006029,MED-053,Itraconazole 100mg,Antifungal,BAT-053-266,PHARM-017,29,165.0,2026-09-07,2025-12-11,NEAR_EXPIRY,NONE
INV-006030,MED-044,Thyroxine Sodium 50mcg,Endocrine,BAT-044-799,PHARM-017,23,125.0,2026-07-16,2026-06-22,EXPIRED,NONE
INV-006031,MED-030,Doxycycline 100mg,Antibiotic,BAT-030-669,PHARM-017,362,68.0,2026-08-20,2026-05-24,NEAR_EXPIRY,NONE
INV-006032,MED-022,Glimepiride 2mg,Antidiabetic,BAT-022-559,PHARM-017,30,52.0,2027-02-13,2025-12-20,AVAILABLE,NONE
INV-006033,MED-055,Betamethasone 0.5mg,Steroid,BAT-055-377,PHARM-017,244,15.0,2026-08-31,2025-09-29,NEAR_EXPIRY,NONE
INV-006034,MED-046,Vitamin B-Complex + B12,Nutritional,BAT-046-752,PHARM-017,401,40.0,2026-09-02,2026-03-12,NEAR_EXPIRY,NONE
INV-006035,MED-013,Montelukast + Levocetirizine,Respiratory,BAT-013-755,PHARM-017,156,115.0,2026-10-05,2026-03-28,AVAILABLE,NONE
INV-006036,MED-052,Fluconazole 150mg,Antifungal,BAT-052-583,PHARM-017,145,45.0,2027-09-16,2026-01-13,AVAILABLE,NONE
INV-006037,MED-037,Cetirizine 10mg,Antihistamine,BAT-037-668,PHARM-017,55,20.0,2026-11-07,2026-05-13,AVAILABLE,NONE
INV-006038,MED-027,Aspirin 75mg Gastro-resistant,Cardiovascular,BAT-027-433,PHARM-017,40,22.0,2026-09-05,2026-01-03,NEAR_EXPIRY,NONE
INV-006039,MED-022,Glimepiride 2mg,Antidiabetic,BAT-022-630,PHARM-017,413,52.0,2026-08-20,2025-10-02,NEAR_EXPIRY,NONE
INV-006040,MED-056,Bisoprolol 2.5mg,Cardiovascular,BAT-056-579,PHARM-017,222,72.0,2027-07-08,2026-06-26,AVAILABLE,NONE
INV-006041,MED-039,Hydrochlorothiazide 12.5mg,Cardiovascular,BAT-039-384,PHARM-017,144,24.0,2026-10-15,2026-06-08,AVAILABLE,NONE
INV-006042,MED-047,Iron + Folic Acid Tablets,Nutritional,BAT-047-690,PHARM-017,69,50.0,2026-08-18,2026-05-15,NEAR_EXPIRY,NONE
INV-006043,MED-017,Tramadol 50mg,Analgesic,BAT-017-360,PHARM-017,46,90.0,2026-11-24,2026-01-01,AVAILABLE,NONE
INV-006044,MED-038,Fexofenadine 120mg,Antihistamine,BAT-038-976,PHARM-017,142,82.0,2026-09-09,2025-10-30,NEAR_EXPIRY,NONE
INV-006045,MED-012,Ciprofloxacin 500mg,Antibiotic,BAT-012-849,PHARM-017,74,65.0,2027-06-21,2026-02-11,AVAILABLE,NONE
INV-006046,MED-047,Iron + Folic Acid Tablets,Nutritional,BAT-047-932,PHARM-017,215,50.0,2027-09-12,2025-10-24,AVAILABLE,NONE
INV-006047,MED-022,Glimepiride 2mg,Antidiabetic,BAT-022-827,PHARM-017,343,52.0,2026-09-12,2026-04-12,NEAR_EXPIRY,NONE
INV-006048,MED-054,Ranitidine 150mg,Gastrointestinal,BAT-054-845,PHARM-017,140,25.0,2026-09-15,2025-11-04,AVAILABLE,NONE
INV-006049,MED-036,Prednisolone 10mg,Steroid,BAT-036-673,PHARM-017,82,30.0,2026-09-24,2026-05-15,AVAILABLE,NONE
INV-006050,MED-012,Ciprofloxacin 500mg,Antibiotic,BAT-012-442,PHARM-017,30,65.0,2026-08-21,2026-05-28,NEAR_EXPIRY,NONE
INV-006051,MED-049,Aceclofenac + Paracetamol,Analgesic,BAT-049-269,PHARM-017,35,60.0,2026-10-02,2025-12-20,AVAILABLE,NONE
INV-006052,MED-040,Spironolactone 25mg,Cardiovascular,BAT-040-518,PHARM-017,57,48.0,2026-09-14,2025-12-20,AVAILABLE,NONE
INV-006053,MED-035,Dexamethasone 4mg Injection,Steroid,BAT-035-540,PHARM-017,160,25.0,2027-01-26,2026-01-12,AVAILABLE,NONE
INV-006054,MED-014,Salbutamol Inhaler 100mcg,Respiratory,BAT-014-948,PHARM-017,137,160.0,2026-09-25,2025-09-26,AVAILABLE,NONE
INV-006055,MED-005,Human Regular Insulin 100IU,Antidiabetic,BAT-005-519,PHARM-017,191,350.0,2026-10-10,2026-02-08,AVAILABLE,NONE
INV-006056,MED-034,Methylprednisolone 16mg,Steroid,BAT-034-236,PHARM-017,232,110.0,2026-10-14,2026-05-21,AVAILABLE,NONE
INV-006057,MED-001,Paracetamol 650mg,Analgesic,BAT-001-293,PHARM-017,235,32.5,2026-07-07,2025-11-16,EXPIRED,NONE
INV-006058,MED-002,Amoxicillin + Clavulanate 625mg,Antibiotic,BAT-002-557,PHARM-017,153,185.0,2027-06-20,2026-06-22,AVAILABLE,NONE
INV-006059,MED-050,Loperamide 2mg,Gastrointestinal,BAT-050-162,PHARM-017,207,18.0,2026-10-08,2025-10-18,AVAILABLE,NONE
INV-006060,MED-027,Aspirin 75mg Gastro-resistant,Cardiovascular,BAT-027-830,PHARM-017,77,22.0,2027-08-06,2025-12-05,AVAILABLE,NONE
INV-006061,MED-011,Cefixime 200mg,Antibiotic,BAT-011-137,PHARM-017,166,140.0,2026-10-31,2025-11-02,AVAILABLE,NONE
INV-006062,MED-057,Carvedilol 6.25mg,Cardiovascular,BAT-057-627,PHARM-017,372,54.0,2026-08-30,2026-03-17,NEAR_EXPIRY,NONE
INV-006063,MED-045,Calcium 500mg + Vitamin D3,Nutritional,BAT-045-545,PHARM-017,132,65.0,2027-07-17,2025-11-06,AVAILABLE,NONE
INV-006064,MED-056,Bisoprolol 2.5mg,Cardiovascular,BAT-056-519,PHARM-017,35,72.0,2026-09-25,2026-04-16,AVAILABLE,NONE
INV-006065,MED-055,Betamethasone 0.5mg,Steroid,BAT-055-586,PHARM-017,227,15.0,2027-02-28,2026-02-19,AVAILABLE,NONE
INV-006066,MED-022,Glimepiride 2mg,Antidiabetic,BAT-022-504,PHARM-017,140,52.0,2026-09-27,2026-02-03,AVAILABLE,NONE
INV-006067,MED-026,Clopidogrel 75mg,Cardiovascular,BAT-026-469,PHARM-017,26,88.0,2026-08-19,2026-02-24,NEAR_EXPIRY,NONE
INV-006068,MED-029,Rabeprazole 20mg,Gastrointestinal,BAT-029-700,PHARM-017,109,75.0,2026-10-02,2026-02-27,AVAILABLE,NONE
INV-006069,MED-001,Paracetamol 650mg,Analgesic,BAT-001-979,PHARM-017,34,32.5,2026-08-17,2026-06-25,NEAR_EXPIRY,NONE
INV-006070,MED-004,Metformin 500mg SR,Antidiabetic,BAT-004-290,PHARM-017,176,45.0,2027-05-05,2025-12-04,AVAILABLE,NONE
INV-006071,MED-015,Budesonide Inhaler 200mcg,Respiratory,BAT-015-159,PHARM-017,22,280.0,2026-08-20,2026-03-27,NEAR_EXPIRY,NONE
INV-006072,MED-060,Albumin Human 20% 100ml,Critical Care,BAT-060-480,PHARM-017,58,3200.0,2026-08-22,2025-12-01,NEAR_EXPIRY,NONE
INV-006073,MED-050,Loperamide 2mg,Gastrointestinal,BAT-050-878,PHARM-017,105,18.0,2027-02-07,2026-06-25,AVAILABLE,NONE
INV-006074,MED-006,Atorvastatin 20mg,Cardiovascular,BAT-006-543,PHARM-017,119,95.0,2026-09-11,2025-10-25,NEAR_EXPIRY,NONE
INV-006075,MED-048,Diclofenac Sodium 50mg,Analgesic,BAT-048-590,PHARM-017,323,30.0,2026-08-17,2026-01-08,NEAR_EXPIRY,NONE
INV-006076,MED-037,Cetirizine 10mg,Antihistamine,BAT-037-707,PHARM-017,235,20.0,2026-07-22,2026-07-03,EXPIRED,NONE
INV-006077,MED-054,Ranitidine 150mg,Gastrointestinal,BAT-054-314,PHARM-017,173,25.0,2027-05-10,2025-12-23,AVAILABLE,NONE
INV-006078,MED-060,Albumin Human 20% 100ml,Critical Care,BAT-060-313,PHARM-017,17,3200.0,2026-08-18,2026-04-07,NEAR_EXPIRY,NONE
INV-006079,MED-010,Omeprazole 20mg,Gastrointestinal,BAT-010-645,PHARM-017,217,55.0,2027-01-03,2026-01-15,AVAILABLE,NONE
INV-006080,MED-050,Loperamide 2mg,Gastrointestinal,BAT-050-632,PHARM-017,221,18.0,2026-10-12,2026-03-19,AVAILABLE,NONE
INV-006081,MED-054,Ranitidine 150mg,Gastrointestinal,BAT-054-975,PHARM-017,67,25.0,2026-09-19,2026-03-25,AVAILABLE,NONE
INV-006082,MED-022,Glimepiride 2mg,Antidiabetic,BAT-022-868,PHARM-017,108,52.0,2026-08-23,2025-09-22,NEAR_EXPIRY,NONE
INV-006083,MED-053,Itraconazole 100mg,Antifungal,BAT-053-885,PHARM-017,169,165.0,2026-06-30,2026-06-18,EXPIRED,NONE
INV-006084,MED-020,Piperacillin + Tazobactam 4.5g,Antibiotic,BAT-020-245,PHARM-017,164,490.0,2026-08-23,2026-03-31,NEAR_EXPIRY,NONE
INV-006085,MED-013,Montelukast + Levocetirizine,Respiratory,BAT-013-295,PHARM-017,194,115.0,2027-01-22,2026-03-18,AVAILABLE,NONE
INV-006086,MED-008,Amlodipine 5mg,Cardiovascular,BAT-008-747,PHARM-017,151,38.0,2026-10-09,2025-08-29,AVAILABLE,NONE
INV-006087,MED-014,Salbutamol Inhaler 100mcg,Respiratory,BAT-014-646,PHARM-017,71,160.0,2026-09-11,2026-02-22,NEAR_EXPIRY,NONE
INV-006088,MED-042,Escitalopram 10mg,Psychiatric,BAT-042-598,PHARM-017,88,85.0,2026-09-14,2025-10-08,AVAILABLE,NONE
INV-006089,MED-030,Doxycycline 100mg,Antibiotic,BAT-030-324,PHARM-017,392,68.0,2026-08-19,2025-12-02,NEAR_EXPIRY,NONE
INV-006090,MED-044,Thyroxine Sodium 50mcg,Endocrine,BAT-044-216,PHARM-017,188,125.0,2027-08-02,2025-11-13,AVAILABLE,NONE
INV-006091,MED-025,Rosuvastatin 10mg,Cardiovascular,BAT-025-653,PHARM-017,180,110.0,2027-09-13,2026-07-07,AVAILABLE,NONE
INV-006092,MED-025,Rosuvastatin 10mg,Cardiovascular,BAT-025-402,PHARM-017,98,110.0,2027-04-14,2026-01-07,AVAILABLE,NONE
INV-006093,MED-020,Piperacillin + Tazobactam 4.5g,Antibiotic,BAT-020-845,PHARM-017,318,490.0,2026-08-18,2026-05-03,NEAR_EXPIRY,NONE
INV-006094,MED-043,Sertraline 50mg,Psychiatric,BAT-043-261,PHARM-017,87,105.0,2026-09-01,2025-12-05,NEAR_EXPIRY,NONE
INV-006095,MED-013,Montelukast + Levocetirizine,Respiratory,BAT-013-763,PHARM-017,112,115.0,2026-09-30,2025-09-10,AVAILABLE,NONE
INV-006096,MED-040,Spironolactone 25mg,Cardiovascular,BAT-040-309,PHARM-017,154,48.0,2026-12-20,2026-03-03,AVAILABLE,NONE
INV-006097,MED-036,Prednisolone 10mg,Steroid,BAT-036-318,PHARM-017,76,30.0,2026-11-02,2025-08-24,AVAILABLE,NONE
INV-006098,MED-039,Hydrochlorothiazide 12.5mg,Cardiovascular,BAT-039-567,PHARM-017,193,24.0,2027-06-10,2025-09-04,AVAILABLE,NONE
INV-006099,MED-044,Thyroxine Sodium 50mcg,Endocrine,BAT-044-630,PHARM-017,197,125.0,2026-11-24,2026-03-26,AVAILABLE,NONE
INV-006100,MED-024,Dapagliflozin 10mg,Antidiabetic,BAT-024-123,PHARM-017,393,220.0,2026-08-19,2026-03-16,NEAR_EXPIRY,NONE
INV-006101,MED-053,Itraconazole 100mg,Antifungal,BAT-053-790,PHARM-017,219,165.0,2027-04-17,2025-12-12,AVAILABLE,NONE
INV-006102,MED-006,Atorvastatin 20mg,Cardiovascular,BAT-006-797,PHARM-017,311,95.0,2026-08-15,2026-06-30,NEAR_EXPIRY,NONE
INV-006103,MED-042,Escitalopram 10mg,Psychiatric,BAT-042-636,PHARM-017,29,85.0,2026-10-08,2025-12-20,AVAILABLE,NONE
INV-006104,MED-026,Clopidogrel 75mg,Cardiovascular,BAT-026-761,PHARM-017,25,88.0,2026-08-31,2025-11-23,NEAR_EXPIRY,NONE
INV-006105,MED-056,Bisoprolol 2.5mg,Cardiovascular,BAT-056-404,PHARM-017,129,72.0,2026-10-01,2025-09-28,AVAILABLE,NONE
INV-006106,MED-016,Ibuprofen 400mg,Analgesic,BAT-016-245,PHARM-017,177,28.0,2026-10-07,2025-10-02,AVAILABLE,NONE
INV-006107,MED-006,Atorvastatin 20mg,Cardiovascular,BAT-006-848,PHARM-017,129,95.0,2026-09-01,2026-07-15,NEAR_EXPIRY,NONE
INV-006108,MED-025,Rosuvastatin 10mg,Cardiovascular,BAT-025-272,PHARM-017,261,110.0,2026-08-17,2026-04-28,NEAR_EXPIRY,NONE
INV-006109,MED-029,Rabeprazole 20mg,Gastrointestinal,BAT-029-402,PHARM-017,78,75.0,2026-09-27,2026-04-01,AVAILABLE,NONE
INV-006110,MED-039,Hydrochlorothiazide 12.5mg,Cardiovascular,BAT-039-718,PHARM-017,172,24.0,2026-10-13,2026-03-06,AVAILABLE,NONE
INV-006111,MED-019,Meropenem 1g Injection,Antibiotic,BAT-019-107,PHARM-017,102,850.0,2026-09-25,2026-04-04,AVAILABLE,NONE
INV-006112,MED-051,Metronidazole 400mg,Antibiotic,BAT-051-861,PHARM-017,219,32.0,2026-09-27,2026-02-19,AVAILABLE,NONE
INV-006113,MED-043,Sertraline 50mg,Psychiatric,BAT-043-768,PHARM-017,11,105.0,2026-08-18,2026-01-08,NEAR_EXPIRY,NONE
INV-006114,MED-004,Metformin 500mg SR,Antidiabetic,BAT-004-253,PHARM-017,208,45.0,2026-08-04,2026-05-30,EXPIRED,NONE
INV-006115,MED-052,Fluconazole 150mg,Antifungal,BAT-052-578,PHARM-017,289,45.0,2026-09-03,2026-04-02,NEAR_EXPIRY,NONE
INV-006116,MED-025,Rosuvastatin 10mg,Cardiovascular,BAT-025-772,PHARM-017,243,110.0,2026-09-13,2025-11-21,NEAR_EXPIRY,NONE
INV-006117,MED-014,Salbutamol Inhaler 100mcg,Respiratory,BAT-014-391,PHARM-017,74,160.0,2026-10-02,2025-10-30,AVAILABLE,NONE
INV-006118,MED-039,Hydrochlorothiazide 12.5mg,Cardiovascular,BAT-039-166,PHARM-017,224,24.0,2026-10-16,2025-12-09,AVAILABLE,NONE
INV-006119,MED-007,Telmisartan 40mg,Cardiovascular,BAT-007-694,PHARM-017,97,78.0,2026-08-13,2026-05-13,EXPIRED,NONE
INV-006120,MED-036,Prednisolone 10mg,Steroid,BAT-036-631,PHARM-017,253,30.0,2026-08-22,2025-12-07,NEAR_EXPIRY,NONE
INV-006121,MED-010,Omeprazole 20mg,Gastrointestinal,BAT-010-523,PHARM-017,100,55.0,2026-09-05,2026-02-07,NEAR_EXPIRY,NONE
INV-006122,MED-033,Vancomycin 500mg Injection,Antibiotic,BAT-033-465,PHARM-017,12,420.0,2026-08-30,2025-09-04,NEAR_EXPIRY,NONE
INV-006123,MED-051,Metronidazole 400mg,Antibiotic,BAT-051-935,PHARM-017,70,32.0,2027-08-16,2025-09-03,AVAILABLE,NONE
INV-006124,MED-032,Linezolid 600mg,Antibiotic,BAT-032-199,PHARM-017,363,340.0,2026-09-13,2025-12-15,NEAR_EXPIRY,NONE
INV-006125,MED-007,Telmisartan 40mg,Cardiovascular,BAT-007-114,PHARM-017,113,78.0,2026-09-06,2026-02-19,NEAR_EXPIRY,NONE
INV-006126,MED-027,Aspirin 75mg Gastro-resistant,Cardiovascular,BAT-027-545,PHARM-017,146,22.0,2027-02-21,2025-09-24,AVAILABLE,NONE
INV-006127,MED-051,Metronidazole 400mg,Antibiotic,BAT-051-318,PHARM-017,160,32.0,2026-10-08,2026-03-18,AVAILABLE,NONE
INV-006128,MED-057,Carvedilol 6.25mg,Cardiovascular,BAT-057-158,PHARM-017,134,54.0,2026-08-19,2026-01-30,NEAR_EXPIRY,NONE
INV-006129,MED-023,Vildagliptin 50mg,Antidiabetic,BAT-023-189,PHARM-017,127,175.0,2026-08-19,2025-10-05,NEAR_EXPIRY,NONE
INV-006130,MED-029,Rabeprazole 20mg,Gastrointestinal,BAT-029-192,PHARM-017,158,75.0,2026-10-08,2025-09-15,AVAILABLE,NONE
INV-006131,MED-033,Vancomycin 500mg Injection,Antibiotic,BAT-033-342,PHARM-017,61,420.0,2026-08-30,2025-11-30,NEAR_EXPIRY,NONE
INV-006132,MED-033,Vancomycin 500mg Injection,Antibiotic,BAT-033-426,PHARM-017,90,420.0,2026-08-23,2025-09-02,NEAR_EXPIRY,NONE
INV-006133,MED-004,Metformin 500mg SR,Antidiabetic,BAT-004-253,PHARM-017,185,45.0,2026-07-08,2026-03-15,EXPIRED,NONE
INV-006134,MED-038,Fexofenadine 120mg,Antihistamine,BAT-038-948,PHARM-017,40,82.0,2026-09-10,2025-12-28,NEAR_EXPIRY,NONE
INV-006135,MED-020,Piperacillin + Tazobactam 4.5g,Antibiotic,BAT-020-893,PHARM-017,22,490.0,2026-09-07,2026-03-19,NEAR_EXPIRY,NONE
INV-006136,MED-012,Ciprofloxacin 500mg,Antibiotic,BAT-012-939,PHARM-017,28,65.0,2027-05-01,2026-05-24,AVAILABLE,NONE
INV-006137,MED-053,Itraconazole 100mg,Antifungal,BAT-053-340,PHARM-017,153,165.0,2026-09-14,2025-10-30,AVAILABLE,NONE
INV-006138,MED-035,Dexamethasone 4mg Injection,Steroid,BAT-035-146,PHARM-017,124,25.0,2026-08-31,2026-03-30,NEAR_EXPIRY,NONE
INV-006139,MED-001,Paracetamol 650mg,Analgesic,BAT-001-406,PHARM-017,142,32.5,2027-01-30,2025-09-18,AVAILABLE,NONE
INV-006140,MED-026,Clopidogrel 75mg,Cardiovascular,BAT-026-365,PHARM-017,368,88.0,2026-09-04,2025-12-02,NEAR_EXPIRY,NONE
INV-006141,MED-057,Carvedilol 6.25mg,Cardiovascular,BAT-057-183,PHARM-017,13,54.0,2026-08-16,2025-12-09,NEAR_EXPIRY,NONE
INV-006142,MED-047,Iron + Folic Acid Tablets,Nutritional,BAT-047-688,PHARM-017,161,50.0,2027-04-11,2025-12-20,AVAILABLE,NONE
INV-006143,MED-051,Metronidazole 400mg,Antibiotic,BAT-051-518,PHARM-017,183,32.0,2026-11-18,2025-10-31,AVAILABLE,NONE
INV-006144,MED-037,Cetirizine 10mg,Antihistamine,BAT-037-754,PHARM-017,51,20.0,2026-07-25,2026-06-23,EXPIRED,NONE
INV-006145,MED-021,Losartan 50mg,Cardiovascular,BAT-021-633,PHARM-018,416,62.0,2026-08-28,2025-09-10,NEAR_EXPIRY,NONE
INV-006146,MED-027,Aspirin 75mg Gastro-resistant,Cardiovascular,BAT-027-831,PHARM-018,151,22.0,2026-07-30,2025-12-22,EXPIRED,NONE
INV-006147,MED-021,Losartan 50mg,Cardiovascular,BAT-021-423,PHARM-018,62,62.0,2026-10-27,2026-07-15,AVAILABLE,NONE
INV-006148,MED-038,Fexofenadine 120mg,Antihistamine,BAT-038-446,PHARM-018,10,82.0,2026-08-19,2025-11-11,NEAR_EXPIRY,NONE
INV-006149,MED-005,Human Regular Insulin 100IU,Antidiabetic,BAT-005-288,PHARM-018,44,350.0,2027-06-09,2026-02-15,AVAILABLE,NONE
INV-006150,MED-035,Dexamethasone 4mg Injection,Steroid,BAT-035-194,PHARM-018,211,25.0,2026-09-26,2026-01-05,AVAILABLE,NONE
INV-006151,MED-059,Empagliflozin 25mg,Antidiabetic,BAT-059-769,PHARM-018,165,290.0,2026-10-03,2026-05-30,AVAILABLE,NONE
INV-006152,MED-050,Loperamide 2mg,Gastrointestinal,BAT-050-692,PHARM-018,145,18.0,2026-08-18,2026-05-17,NEAR_EXPIRY,NONE
INV-006153,MED-022,Glimepiride 2mg,Antidiabetic,BAT-022-223,PHARM-018,413,52.0,2026-08-21,2025-09-24,NEAR_EXPIRY,NONE
INV-006154,MED-027,Aspirin 75mg Gastro-resistant,Cardiovascular,BAT-027-645,PHARM-018,176,22.0,2026-08-18,2025-12-03,NEAR_EXPIRY,NONE
INV-006155,MED-001,Paracetamol 650mg,Analgesic,BAT-001-649,PHARM-018,57,32.5,2026-10-03,2026-07-10,AVAILABLE,NONE
INV-006156,MED-039,Hydrochlorothiazide 12.5mg,Cardiovascular,BAT-039-971,PHARM-018,203,24.0,2027-07-26,2026-04-02,AVAILABLE,NONE
INV-006157,MED-051,Metronidazole 400mg,Antibiotic,BAT-051-967,PHARM-018,45,32.0,2026-06-30,2026-01-09,EXPIRED,NONE
INV-006158,MED-039,Hydrochlorothiazide 12.5mg,Cardiovascular,BAT-039-532,PHARM-018,17,24.0,2026-08-19,2026-06-03,NEAR_EXPIRY,NONE
INV-006159,MED-005,Human Regular Insulin 100IU,Antidiabetic,BAT-005-880,PHARM-018,210,350.0,2026-09-02,2026-04-07,NEAR_EXPIRY,NONE
INV-006160,MED-056,Bisoprolol 2.5mg,Cardiovascular,BAT-056-980,PHARM-018,231,72.0,2026-08-10,2026-03-02,EXPIRED,NONE
INV-006161,MED-014,Salbutamol Inhaler 100mcg,Respiratory,BAT-014-589,PHARM-018,146,160.0,2027-06-12,2026-06-08,AVAILABLE,NONE
INV-006162,MED-024,Dapagliflozin 10mg,Antidiabetic,BAT-024-634,PHARM-018,265,220.0,2026-08-26,2025-10-04,NEAR_EXPIRY,NONE
INV-006163,MED-001,Paracetamol 650mg,Analgesic,BAT-001-497,PHARM-018,96,32.5,2026-08-20,2025-12-23,NEAR_EXPIRY,NONE
INV-006164,MED-051,Metronidazole 400mg,Antibiotic,BAT-051-858,PHARM-018,78,32.0,2027-09-11,2026-05-09,AVAILABLE,NONE
INV-006165,MED-059,Empagliflozin 25mg,Antidiabetic,BAT-059-160,PHARM-018,114,290.0,2026-10-10,2025-12-29,AVAILABLE,NONE
INV-006166,MED-005,Human Regular Insulin 100IU,Antidiabetic,BAT-005-539,PHARM-018,63,350.0,2026-09-16,2026-02-03,AVAILABLE,NONE
INV-006167,MED-008,Amlodipine 5mg,Cardiovascular,BAT-008-220,PHARM-018,184,38.0,2026-10-10,2025-10-05,AVAILABLE,NONE
INV-006168,MED-005,Human Regular Insulin 100IU,Antidiabetic,BAT-005-655,PHARM-018,241,350.0,2026-12-20,2026-06-04,AVAILABLE,NONE
INV-006169,MED-043,Sertraline 50mg,Psychiatric,BAT-043-827,PHARM-018,236,105.0,2027-08-24,2025-08-19,AVAILABLE,NONE
INV-006170,MED-039,Hydrochlorothiazide 12.5mg,Cardiovascular,BAT-039-326,PHARM-018,111,24.0,2026-07-24,2026-04-06,EXPIRED,NONE
INV-006171,MED-038,Fexofenadine 120mg,Antihistamine,BAT-038-995,PHARM-018,204,82.0,2027-08-07,2025-10-28,AVAILABLE,NONE
INV-006172,MED-059,Empagliflozin 25mg,Antidiabetic,BAT-059-238,PHARM-018,76,290.0,2026-09-18,2026-06-15,AVAILABLE,NONE
INV-006173,MED-008,Amlodipine 5mg,Cardiovascular,BAT-008-909,PHARM-018,173,38.0,2027-04-06,2026-02-20,AVAILABLE,NONE
INV-006174,MED-028,Ondansetron 4mg,Gastrointestinal,BAT-028-668,PHARM-018,236,42.0,2026-12-06,2025-10-30,AVAILABLE,NONE
INV-006175,MED-002,Amoxicillin + Clavulanate 625mg,Antibiotic,BAT-002-696,PHARM-018,215,185.0,2026-10-02,2025-12-29,AVAILABLE,NONE
INV-006176,MED-026,Clopidogrel 75mg,Cardiovascular,BAT-026-980,PHARM-018,111,88.0,2026-07-26,2025-10-08,EXPIRED,NONE
INV-006177,MED-002,Amoxicillin + Clavulanate 625mg,Antibiotic,BAT-002-452,PHARM-018,34,185.0,2026-08-16,2026-04-23,NEAR_EXPIRY,NONE
INV-006178,MED-051,Metronidazole 400mg,Antibiotic,BAT-051-532,PHARM-018,221,32.0,2026-09-26,2026-07-12,AVAILABLE,NONE
INV-006179,MED-018,Enoxaparin 40mg Injection,Cardiovascular,BAT-018-894,PHARM-018,216,450.0,2027-07-26,2026-05-24,AVAILABLE,NONE
INV-006180,MED-001,Paracetamol 650mg,Analgesic,BAT-001-359,PHARM-018,234,32.5,2027-05-10,2026-03-07,AVAILABLE,NONE
INV-006181,MED-003,Azithromycin 500mg,Antibiotic,BAT-003-997,PHARM-018,147,120.0,2027-08-22,2025-10-11,AVAILABLE,NONE
INV-006182,MED-059,Empagliflozin 25mg,Antidiabetic,BAT-059-204,PHARM-018,235,290.0,2026-07-09,2026-03-06,EXPIRED,NONE
INV-006183,MED-016,Ibuprofen 400mg,Analgesic,BAT-016-379,PHARM-018,91,28.0,2026-09-22,2025-12-10,AVAILABLE,NONE
INV-006184,MED-037,Cetirizine 10mg,Antihistamine,BAT-037-996,PHARM-018,22,20.0,2026-07-19,2026-01-16,EXPIRED,NONE
INV-EDGE-001,MED-019,Meropenem 1g Injection,Antibiotic,BAT-EDGE-EXP-TRANSIT,PHARM-001,100,850.0,2026-08-15,2026-04-16,NEAR_EXPIRY,EXPIRES_BEFORE_TRANSIT
INV-EDGE-002,MED-060,Albumin Human 20% 100ml,Critical Care,BAT-EDGE-NO-DEMAND,PHARM-010,80,3200.0,2026-09-03,2026-05-16,NEAR_EXPIRY,NO_DESTINATION_DEMAND
INV-EDGE-003,MED-004,Metformin 500mg SR,Antidiabetic,BAT-EDGE-LOW-SOURCE,PHARM-002,6,45.0,2026-08-29,2026-06-15,NEAR_EXPIRY,BELOW_SAFETY_STOCK
INV-EDGE-004,MED-002,Amoxicillin + Clavulanate 625mg,Antibiotic,BAT-EDGE-INVALID-DATE,PHARM-003,120,185.0,INVALID_DATE,2026-07-05,NEAR_EXPIRY,INVALID_EXPIRY_DATE
INV-EDGE-005,MED-007,Telmisartan 40mg,Cardiovascular,BAT-EDGE-DEST-CLOSED,PHARM-004,150,78.0,2026-09-05,2026-06-05,NEAR_EXPIRY,DESTINATION_CLOSED_ONLY
INV-EDGE-006,MED-018,Enoxaparin 40mg Injection,Cardiovascular,BAT-EDGE-ALREADY-EXPIRED,PHARM-005,75,450.0,2026-07-30,2026-01-26,EXPIRED,ALREADY_EXPIRED
INV-EDGE-007,MED-013,Montelukast + Levocetirizine,Respiratory,BAT-EDGE-DEMAND-COLLAPSE,PHARM-006,300,115.0,2026-09-08,2026-06-15,NEAR_EXPIRY,SUDDEN_DEMAND_DROP
INV-EDGE-008A,MED-005,Human Regular Insulin 100IU,Antidiabetic,BAT-DUPLICATE-999,PHARM-001,110,350.0,2026-09-01,2026-06-25,NEAR_EXPIRY,DUPLICATE_BATCH
INV-EDGE-008B,MED-005,Human Regular Insulin 100IU,Antidiabetic,BAT-DUPLICATE-999,PHARM-008,40,350.0,2026-09-01,2026-06-25,NEAR_EXPIRY,DUPLICATE_BATCH
